<?xml version="1.0" encoding="UTF-8"?>
<kml xmlns="http://www.opengis.net/kml/2.2">
  <Document>
    <name>Cobertura H3 Res 7</name>
    <Style id="h3_poly_style">
      <LineStyle>
        <color>ff0000ff</color>
        <width>2</width>
      </LineStyle>
      <PolyStyle>
        <color>330000ff</color>
      </PolyStyle>
    </Style>
    <Placemark>
      <name>8766a5a04ffffff</name>
      <styleUrl>#h3_poly_style</styleUrl>
      <Polygon>
        <outerBoundaryIs>
          <LinearRing>
            <coordinates>-79.2771253571903,9.128836984602787,0 -79.28487742311317,9.11897737295286,0 -79.2794503005708,9.107525381786592,0 -79.26627081025566,9.10593411320785,0 -79.25851942461921,9.115794762354716,0 -79.2639468486409,9.127245642548042,0 -79.2771253571903,9.128836984602787,0</coordinates>
          </LinearRing>
        </outerBoundaryIs>
      </Polygon>
    </Placemark>
    <Placemark>
      <name>8766b50a8ffffff</name>
      <styleUrl>#h3_poly_style</styleUrl>
      <Polygon>
        <outerBoundaryIs>
          <LinearRing>
            <coordinates>-82.7677927471806,8.839486673523304,0 -82.77571192332857,8.829486426116095,0 -82.77037511570057,8.81801129875148,0 -82.75711857534327,8.816537344660345,0 -82.74919976683803,8.82653870639308,0 -82.75453713067385,8.83801290781499,0 -82.7677927471806,8.839486673523304,0</coordinates>
          </LinearRing>
        </outerBoundaryIs>
      </Polygon>
    </Placemark>
    <Placemark>
      <name>8766a0a6effffff</name>
      <styleUrl>#h3_poly_style</styleUrl>
      <Polygon>
        <outerBoundaryIs>
          <LinearRing>
            <coordinates>-80.13531821545584,8.62457857719204,0 -80.14312757903375,8.614625723371995,0 -80.1377112743867,8.603108074184254,0 -80.12448524022537,8.601544344275819,0 -80.11667648341587,8.611498248086638,0 -80.12209315362492,8.623014831769812,0 -80.13531821545584,8.62457857719204,0</coordinates>
          </LinearRing>
        </outerBoundaryIs>
      </Polygon>
    </Placemark>
    <Placemark>
      <name>8766a3b8cffffff</name>
      <styleUrl>#h3_poly_style</styleUrl>
      <Polygon>
        <outerBoundaryIs>
          <LinearRing>
            <coordinates>-80.51962370659507,7.707435612035119,0 -80.5274749274716,7.6973585767753585,0 -80.52205237126455,7.685725699043927,0 -80.50877819774162,7.684170897452835,0 -80.50092755270823,7.694248976731524,0 -80.50635050497635,7.7058808135332075,0 -80.51962370659507,7.707435612035119,0</coordinates>
          </LinearRing>
        </outerBoundaryIs>
      </Polygon>
    </Placemark>
    <Placemark>
      <name>8766b5771ffffff</name>
      <styleUrl>#h3_poly_style</styleUrl>
      <Polygon>
        <outerBoundaryIs>
          <LinearRing>
            <coordinates>-82.73264996435087,8.628604817608418,0 -82.74057317410261,8.618580000671399,0 -82.73523159433874,8.60707640959598,0 -82.72196625001112,8.605598561775313,0 -82.71404341163317,8.61562448958526,0 -82.71938554583471,8.627127154267052,0 -82.73264996435087,8.628604817608418,0</coordinates>
          </LinearRing>
        </outerBoundaryIs>
      </Polygon>
    </Placemark>
    <Placemark>
      <name>8766b5759ffffff</name>
      <styleUrl>#h3_poly_style</styleUrl>
      <Polygon>
        <outerBoundaryIs>
          <LinearRing>
            <coordinates>-82.72436725936755,8.529465997792306,0 -82.73229267104979,8.519429506916433,0 -82.72694912253394,8.507912719055488,0 -82.71367960776662,8.506433348122274,0 -82.70575456845644,8.516470948385297,0 -82.71109867116681,8.527986810118666,0 -82.72436725936755,8.529465997792306,0</coordinates>
          </LinearRing>
        </outerBoundaryIs>
      </Polygon>
    </Placemark>
    <Placemark>
      <name>8766a5cf4ffffff</name>
      <styleUrl>#h3_poly_style</styleUrl>
      <Polygon>
        <outerBoundaryIs>
          <LinearRing>
            <coordinates>-79.99598422311716,9.333577303080448,0 -80.00376878496635,9.323719466994087,0 -79.99836147071491,9.31229426104032,0 -79.98516924052963,9.310727965054802,0 -79.97738529500633,9.32058685799921,0 -79.98279296297083,9.332010990026797,0 -79.99598422311716,9.333577303080448,0</coordinates>
          </LinearRing>
        </outerBoundaryIs>
      </Polygon>
    </Placemark>
    <Placemark>
      <name>8766b50c0ffffff</name>
      <styleUrl>#h3_poly_style</styleUrl>
      <Polygon>
        <outerBoundaryIs>
          <LinearRing>
            <coordinates>-82.69856844767396,8.744697903727454,0 -82.7064874282026,8.73468788340581,0 -82.7011467081843,8.723199392469136,0 -82.68788645568267,8.721721850814806,0 -82.67996784938423,8.731732982694815,0 -82.6853091209832,8.743220544595207,0 -82.69856844767396,8.744697903727454,0</coordinates>
          </LinearRing>
        </outerBoundaryIs>
      </Polygon>
    </Placemark>
    <Placemark>
      <name>8766b565cffffff</name>
      <styleUrl>#h3_poly_style</styleUrl>
      <Polygon>
        <outerBoundaryIs>
          <LinearRing>
            <coordinates>-82.75848249199815,8.413074970172959,0 -82.7664121352507,8.403023806882056,0 -82.76106772934943,8.391492023535822,0 -82.74779312276182,8.390012326802069,0 -82.73986384901559,8.400064598718613,0 -82.74520881197559,8.411595458667229,0 -82.75848249199815,8.413074970172959,0</coordinates>
          </LinearRing>
        </outerBoundaryIs>
      </Polygon>
    </Placemark>
    <Placemark>
      <name>8766a515cffffff</name>
      <styleUrl>#h3_poly_style</styleUrl>
      <Polygon>
        <outerBoundaryIs>
          <LinearRing>
            <coordinates>-79.57960339880144,9.111230936645189,0 -79.58737203770897,9.10135849386498,0 -79.58195122384761,9.089903875153517,0 -79.56876144700246,9.088322794533358,0 -79.56099346199085,9.098196281543538,0 -79.56641459955702,9.109649804904882,0 -79.57960339880144,9.111230936645189,0</coordinates>
          </LinearRing>
        </outerBoundaryIs>
      </Polygon>
    </Placemark>
    <Placemark>
      <name>8766b5009ffffff</name>
      <styleUrl>#h3_poly_style</styleUrl>
      <Polygon>
        <outerBoundaryIs>
          <LinearRing>
            <coordinates>-82.62732254106106,8.83472491237785,0 -82.6352365350316,8.824727537595999,0 -82.62989501571224,8.813250368181729,0 -82.6166389558977,8.811771506933496,0 -82.60872534248304,8.821769992746411,0 -82.61406740795326,8.833246228701666,0 -82.62732254106106,8.83472491237785,0</coordinates>
          </LinearRing>
        </outerBoundaryIs>
      </Polygon>
    </Placemark>
    <Placemark>
      <name>8766a3dadffffff</name>
      <styleUrl>#h3_poly_style</styleUrl>
      <Polygon>
        <outerBoundaryIs>
          <LinearRing>
            <coordinates>-81.14598605575335,8.054804698506809,0 -81.15385792753781,8.044751788042309,0 -81.14845814137097,8.033163460912446,0 -81.13518604188894,8.0316290530151,0 -81.12731468813234,8.041683028570235,0 -81.13271491545235,8.05327034687511,0 -81.14598605575335,8.054804698506809,0</coordinates>
          </LinearRing>
        </outerBoundaryIs>
      </Polygon>
    </Placemark>
    <Placemark>
      <name>8766a14b1ffffff</name>
      <styleUrl>#h3_poly_style</styleUrl>
      <Polygon>
        <outerBoundaryIs>
          <LinearRing>
            <coordinates>-80.40852285152805,7.979841655313851,0 -80.41636186344317,7.969800739666993,0 -80.41094117369991,7.958201593381696,0 -80.397681084466,7.956644411126574,0 -80.38984265737209,7.96668637284588,0 -80.39526373431374,7.9782844706998155,0 -80.40852285152805,7.979841655313851,0</coordinates>
          </LinearRing>
        </outerBoundaryIs>
      </Polygon>
    </Placemark>
    <Placemark>
      <name>8766b5700ffffff</name>
      <styleUrl>#h3_poly_style</styleUrl>
      <Polygon>
        <outerBoundaryIs>
          <LinearRing>
            <coordinates>-82.84685063182174,8.684919700559206,0 -82.85477667513639,8.674898915964015,0 -82.849439859568,8.663403955413434,0 -82.83617643788504,8.661930699999605,0 -82.82825075530246,8.671952598831691,0 -82.83358813329684,8.68344663876348,0 -82.84685063182174,8.684919700559206,0</coordinates>
          </LinearRing>
        </outerBoundaryIs>
      </Polygon>
    </Placemark>
    <Placemark>
      <name>8766b5280ffffff</name>
      <styleUrl>#h3_poly_style</styleUrl>
      <Polygon>
        <outerBoundaryIs>
          <LinearRing>
            <coordinates>-82.5863332906171,8.503134618810268,0 -82.59425412509195,8.493098289374993,0 -82.58890559097074,8.481576739743524,0 -82.57563567763732,8.480092452902843,0 -82.56771522829757,8.490129888155726,0 -82.5730643067811,8.501650504357539,0 -82.5863332906171,8.503134618810268,0</coordinates>
          </LinearRing>
        </outerBoundaryIs>
      </Polygon>
    </Placemark>
    <Placemark>
      <name>8766106f5ffffff</name>
      <styleUrl>#h3_poly_style</styleUrl>
      <Polygon>
        <outerBoundaryIs>
          <LinearRing>
            <coordinates>-77.97433453324179,8.395525261998605,0 -77.98203041811335,8.385618288004629,0 -77.97656550848147,8.374079238075845,0 -77.9634045067897,8.372448340341165,0 -77.95570941800504,8.382356309124063,0 -77.96117453445707,8.39389418083431,0 -77.97433453324179,8.395525261998605,0</coordinates>
          </LinearRing>
        </outerBoundaryIs>
      </Polygon>
    </Placemark>
    <Placemark>
      <name>8766a5388ffffff</name>
      <styleUrl>#h3_poly_style</styleUrl>
      <Polygon>
        <outerBoundaryIs>
          <LinearRing>
            <coordinates>-79.55426910566884,8.794324728771024,0 -79.56204433634029,8.784412432911683,0 -79.55661742377227,8.772916769103244,0 -79.54341495765665,8.77133449750595,0 -79.53564038444428,8.781247832298476,0 -79.54106761951591,8.792742399716726,0 -79.55426910566884,8.794324728771024,0</coordinates>
          </LinearRing>
        </outerBoundaryIs>
      </Polygon>
    </Placemark>
    <Placemark>
      <name>8766a65aaffffff</name>
      <styleUrl>#h3_poly_style</styleUrl>
      <Polygon>
        <outerBoundaryIs>
          <LinearRing>
            <coordinates>-82.16111045894395,9.368003286719206,0 -82.16899264037262,9.358083796803802,0 -82.16364539988335,9.34667428158093,0 -82.15041546675414,9.345185217247547,0 -82.14253370712858,9.35510581373745,0 -82.14788145845662,9.366514367916398,0 -82.16111045894395,9.368003286719206,0</coordinates>
          </LinearRing>
        </outerBoundaryIs>
      </Polygon>
    </Placemark>
    <Placemark>
      <name>8766b572affffff</name>
      <styleUrl>#h3_poly_style</styleUrl>
      <Polygon>
        <outerBoundaryIs>
          <LinearRing>
            <coordinates>-82.8070630977488,8.680499101736375,0 -82.8149877755717,8.670478734264746,0 -82.80964955518343,8.658982778831605,0 -82.79638609700775,8.657508113530916,0 -82.78846178358933,8.66752959426275,0 -82.79380056356804,8.679024626958295,0 -82.8070630977488,8.680499101736375,0</coordinates>
          </LinearRing>
        </outerBoundaryIs>
      </Polygon>
    </Placemark>
    <Placemark>
      <name>8766a041affffff</name>
      <styleUrl>#h3_poly_style</styleUrl>
      <Polygon>
        <outerBoundaryIs>
          <LinearRing>
            <coordinates>-81.2060022407223,8.586340394088747,0 -81.21386346084604,8.576350516409164,0 -81.20847451264824,8.564830574689706,0 -81.19522389991458,8.563301518959307,0 -81.18736319063478,8.57329247126942,0 -81.19275258286906,8.584811404621288,0 -81.2060022407223,8.586340394088747,0</coordinates>
          </LinearRing>
        </outerBoundaryIs>
      </Polygon>
    </Placemark>
    <Placemark>
      <name>87679b669ffffff</name>
      <styleUrl>#h3_poly_style</styleUrl>
      <Polygon>
        <outerBoundaryIs>
          <LinearRing>
            <coordinates>-82.5291939938837,9.484818970134615,0 -82.53708770572054,9.474904191599308,0 -82.53175415311738,9.4635142351614,0 -82.51852635145148,9.462039999385947,0 -82.51063302754706,9.471955894043921,0 -82.5159671170045,9.48334490828058,0 -82.5291939938837,9.484818970134615,0</coordinates>
          </LinearRing>
        </outerBoundaryIs>
      </Polygon>
    </Placemark>
    <Placemark>
      <name>8766a56e6ffffff</name>
      <styleUrl>#h3_poly_style</styleUrl>
      <Polygon>
        <outerBoundaryIs>
          <LinearRing>
            <coordinates>-79.89256042839477,8.639288699311072,0 -79.9003571284508,8.629345500600584,0 -79.89493527072179,8.617829694630931,0 -79.88171636486506,8.616258165689118,0 -79.87392029306231,8.626202408892818,0 -79.87934249848915,8.637717136502749,0 -79.89256042839477,8.639288699311072,0</coordinates>
          </LinearRing>
        </outerBoundaryIs>
      </Polygon>
    </Placemark>
    <Placemark>
      <name>8766a31a2ffffff</name>
      <styleUrl>#h3_poly_style</styleUrl>
      <Polygon>
        <outerBoundaryIs>
          <LinearRing>
            <coordinates>-80.97891444189419,7.749980066321039,0 -80.98678631163799,7.739895243200973,0 -80.98137667171397,7.728268240467154,0 -80.96809473192272,7.726727076865629,0 -80.96022339637645,7.7368129559484835,0 -80.96563346604535,7.748438942615342,0 -80.97891444189419,7.749980066321039,0</coordinates>
          </LinearRing>
        </outerBoundaryIs>
      </Polygon>
    </Placemark>
    <Placemark>
      <name>8766a3ad9ffffff</name>
      <styleUrl>#h3_poly_style</styleUrl>
      <Polygon>
        <outerBoundaryIs>
          <LinearRing>
            <coordinates>-80.45037260969961,7.424008287876748,0 -80.4582275422929,7.413899450857766,0 -80.4527983226218,7.40223190946981,0 -80.43951377831714,7.400674248030454,0 -80.43165942884885,7.410784122179062,0 -80.43708904018102,7.422450620589294,0 -80.45037260969961,7.424008287876748,0</coordinates>
          </LinearRing>
        </outerBoundaryIs>
      </Polygon>
    </Placemark>
    <Placemark>
      <name>8766a28dcffffff</name>
      <styleUrl>#h3_poly_style</styleUrl>
      <Polygon>
        <outerBoundaryIs>
          <LinearRing>
            <coordinates>-81.62608037076382,8.438237690657191,0 -81.63396379952886,8.428218065065263,0 -81.62858435764042,8.416680983465127,0 -81.61532101153618,8.415164512409788,0 -81.60743805596115,8.425185220383655,0 -81.61281797292415,8.436721316967972,0 -81.62608037076382,8.438237690657191,0</coordinates>
          </LinearRing>
        </outerBoundaryIs>
      </Polygon>
    </Placemark>
    <Placemark>
      <name>8766a2501ffffff</name>
      <styleUrl>#h3_poly_style</styleUrl>
      <Polygon>
        <outerBoundaryIs>
          <LinearRing>
            <coordinates>-82.1586403910595,8.367632893752178,0 -82.16654781185937,8.357590882977838,0 -82.16118330451827,8.346048082734072,0 -82.14791086205283,8.344548248915277,0 -82.14000386600033,8.35459135360728,0 -82.14536888728986,8.366133198131315,0 -82.1586403910595,8.367632893752178,0</coordinates>
          </LinearRing>
        </outerBoundaryIs>
      </Polygon>
    </Placemark>
    <Placemark>
      <name>8766a5721ffffff</name>
      <styleUrl>#h3_poly_style</styleUrl>
      <Polygon>
        <outerBoundaryIs>
          <LinearRing>
            <coordinates>-79.82210363800108,8.91303317307657,0 -79.82988986727473,8.903127048257812,0 -79.8244711287548,8.891646553677393,0 -79.81126581867024,8.890073266433168,0 -79.80348022276922,8.899980438230864,0 -79.80889930320738,8.911459850252076,0 -79.82210363800108,8.91303317307657,0</coordinates>
          </LinearRing>
        </outerBoundaryIs>
      </Polygon>
    </Placemark>
    <Placemark>
      <name>8766a569cffffff</name>
      <styleUrl>#h3_poly_style</styleUrl>
      <Polygon>
        <outerBoundaryIs>
          <LinearRing>
            <coordinates>-80.05358513114464,8.636654482267433,0 -80.06139008372169,8.626705754032274,0 -80.0559720106453,8.61518961764301,0 -80.04274862508507,8.613623279300976,0 -80.0349442864928,8.62357305578522,0 -80.04036271910181,8.63508812231808,0 -80.05358513114464,8.636654482267433,0</coordinates>
          </LinearRing>
        </outerBoundaryIs>
      </Polygon>
    </Placemark>
    <Placemark>
      <name>8766a0232ffffff</name>
      <styleUrl>#h3_poly_style</styleUrl>
      <Polygon>
        <outerBoundaryIs>
          <LinearRing>
            <coordinates>-80.54505080084401,8.378645158168279,0 -80.55288645341659,8.368649023276403,0 -80.54747615049176,8.357100353109729,0 -80.53422979838332,8.355548860655038,0 -80.52639471691192,8.365546051428934,0 -80.53180541607186,8.377093678725474,0 -80.54505080084401,8.378645158168279,0</coordinates>
          </LinearRing>
        </outerBoundaryIs>
      </Polygon>
    </Placemark>
    <Placemark>
      <name>8766a55a0ffffff</name>
      <styleUrl>#h3_poly_style</styleUrl>
      <Polygon>
        <outerBoundaryIs>
          <LinearRing>
            <coordinates>-80.23163804668297,9.199592433210263,0 -80.23943778038434,9.18970949819242,0 -80.23403383477913,9.178266917828692,0 -80.22082978384266,9.176708334029396,0 -80.21303064612788,9.186592329528514,0 -80.21843496299047,9.19803384829865,0 -80.23163804668297,9.199592433210263,0</coordinates>
          </LinearRing>
        </outerBoundaryIs>
      </Polygon>
    </Placemark>
    <Placemark>
      <name>8766a6583ffffff</name>
      <styleUrl>#h3_poly_style</styleUrl>
      <Polygon>
        <outerBoundaryIs>
          <LinearRing>
            <coordinates>-82.20333554283054,9.35113849923463,0 -82.21121984978632,9.341215749065041,0 -82.20587363561302,9.329804315193103,0 -82.1926426001804,9.328316590171477,0 -82.18475871122764,9.338240447687339,0 -82.19010543933199,9.349650922808236,0 -82.20333554283054,9.35113849923463,0</coordinates>
          </LinearRing>
        </outerBoundaryIs>
      </Polygon>
    </Placemark>
    <Placemark>
      <name>8766b5663ffffff</name>
      <styleUrl>#h3_poly_style</styleUrl>
      <Polygon>
        <outerBoundaryIs>
          <LinearRing>
            <coordinates>-82.71091623591782,8.473352934715113,0 -82.71884256267438,8.463310066049333,0 -82.71349761052721,8.451785753997711,0 -82.70022577782183,8.450305236979842,0 -82.69229982480961,8.460349213972426,0 -82.6976453303835,8.471872599580536,0 -82.71091623591782,8.473352934715113,0</coordinates>
          </LinearRing>
        </outerBoundaryIs>
      </Polygon>
    </Placemark>
    <Placemark>
      <name>8766b546bffffff</name>
      <styleUrl>#h3_poly_style</styleUrl>
      <Polygon>
        <outerBoundaryIs>
          <LinearRing>
            <coordinates>-82.91864314944429,8.758258930018199,0 -82.92656997711721,8.748245254545436,0 -82.92123682635457,8.736760831509597,0 -82.90797628024491,8.73529100113303,0 -82.90004980652667,8.745305793414168,0 -82.90538352458991,8.756789299185387,0 -82.91864314944429,8.758258930018199,0</coordinates>
          </LinearRing>
        </outerBoundaryIs>
      </Polygon>
    </Placemark>
    <Placemark>
      <name>8766a0a6affffff</name>
      <styleUrl>#h3_poly_style</styleUrl>
      <Polygon>
        <outerBoundaryIs>
          <LinearRing>
            <coordinates>-80.1377112743867,8.603108074184254,0 -80.1455212955044,8.59315244928742,0 -80.14010467619606,8.581632044809751,0 -80.12687766960754,8.580068330502792,0 -80.11906825512901,8.59002500511735,0 -80.12448524022537,8.601544344275819,0 -80.1377112743867,8.603108074184254,0</coordinates>
          </LinearRing>
        </outerBoundaryIs>
      </Polygon>
    </Placemark>
    <Placemark>
      <name>8766a2013ffffff</name>
      <styleUrl>#h3_poly_style</styleUrl>
      <Polygon>
        <outerBoundaryIs>
          <LinearRing>
            <coordinates>-81.83157726181703,8.232062706030463,0 -81.8394746218025,8.222012787535478,0 -81.83409775671296,8.210450258405249,0 -81.82082304060575,8.208938620314711,0 -81.81292613567885,8.21898962301935,0 -81.81830349142378,8.230551179539669,0 -81.83157726181703,8.232062706030463,0</coordinates>
          </LinearRing>
        </outerBoundaryIs>
      </Polygon>
    </Placemark>
    <Placemark>
      <name>8766a5c1affffff</name>
      <styleUrl>#h3_poly_style</styleUrl>
      <Polygon>
        <outerBoundaryIs>
          <LinearRing>
            <coordinates>-79.99360731571616,9.35485468574209,0 -80.00139122255872,9.344999687945414,0 -79.99598422311716,9.333577303080448,0 -79.98279296297083,9.332010990026797,0 -79.97500967257933,9.341867044906952,0 -79.98041702551161,9.353288355713008,0 -79.99360731571616,9.35485468574209,0</coordinates>
          </LinearRing>
        </outerBoundaryIs>
      </Polygon>
    </Placemark>
    <Placemark>
      <name>8766b53a5ffffff</name>
      <styleUrl>#h3_poly_style</styleUrl>
      <Polygon>
        <outerBoundaryIs>
          <LinearRing>
            <coordinates>-82.52085103912927,8.713964010676198,0 -82.5287640118097,8.703954646667464,0 -82.52341695748726,8.692460373692908,0 -82.51015639118978,8.690976403064122,0 -82.50224380913582,8.700986874128573,0 -82.50759140237848,8.712480208692574,0 -82.52085103912927,8.713964010676198,0</coordinates>
          </LinearRing>
        </outerBoundaryIs>
      </Polygon>
    </Placemark>
    <Placemark>
      <name>87661628affffff</name>
      <styleUrl>#h3_poly_style</styleUrl>
      <Polygon>
        <outerBoundaryIs>
          <LinearRing>
            <coordinates>-78.56604232197618,9.042274961785388,0 -78.57375693927405,9.032429852620972,0 -78.56831398282989,9.02096876655793,0 -78.5551561593021,9.01935393715415,0 -78.54744228427097,9.029200066046174,0 -78.55288549013247,9.040660004587865,0 -78.56604232197618,9.042274961785388,0</coordinates>
          </LinearRing>
        </outerBoundaryIs>
      </Polygon>
    </Placemark>
    <Placemark>
      <name>8766a2060ffffff</name>
      <styleUrl>#h3_poly_style</styleUrl>
      <Polygon>
        <outerBoundaryIs>
          <LinearRing>
            <coordinates>-81.61132086676935,8.217871918244331,0 -81.6192092121006,8.207826059630154,0 -81.61382554757667,8.196260474897251,0 -81.60055306267616,8.194741733219443,0 -81.5926651925474,8.204788670597514,0 -81.59804933173966,8.216353270826872,0 -81.61132086676935,8.217871918244331,0</coordinates>
          </LinearRing>
        </outerBoundaryIs>
      </Polygon>
    </Placemark>
    <Placemark>
      <name>8766a04edffffff</name>
      <styleUrl>#h3_poly_style</styleUrl>
      <Polygon>
        <outerBoundaryIs>
          <LinearRing>
            <coordinates>-81.09415333761493,8.508015828409297,0 -81.10201146674802,8.498019512362642,0 -81.09661805693139,8.48648896191181,0 -81.08336608151296,8.48495574145407,0 -81.0755084735942,8.494953128357016,0 -81.08090231950364,8.506482664804702,0 -81.09415333761493,8.508015828409297,0</coordinates>
          </LinearRing>
        </outerBoundaryIs>
      </Polygon>
    </Placemark>
    <Placemark>
      <name>8766a59a3ffffff</name>
      <styleUrl>#h3_poly_style</styleUrl>
      <Polygon>
        <outerBoundaryIs>
          <LinearRing>
            <coordinates>-79.63032373158438,9.559041707010886,0 -79.63808380422176,9.549225886207717,0 -79.63267196195062,9.537830387963197,0 -79.61949972019292,9.536251803160495,0 -79.61174029512176,9.546068675437288,0 -79.61715246387213,9.557463081003066,0 -79.63032373158438,9.559041707010886,0</coordinates>
          </LinearRing>
        </outerBoundaryIs>
      </Polygon>
    </Placemark>
    <Placemark>
      <name>8766b5361ffffff</name>
      <styleUrl>#h3_poly_style</styleUrl>
      <Polygon>
        <outerBoundaryIs>
          <LinearRing>
            <coordinates>-82.2449514372195,8.661199065158602,0 -82.25285490419412,8.651190259117737,0 -82.24749813575912,8.639686608039398,0 -82.23423738075658,8.638192715876029,0 -82.22633432983389,8.648202621879552,0 -82.23169161748685,8.65970532001347,0 -82.2449514372195,8.661199065158602,0</coordinates>
          </LinearRing>
        </outerBoundaryIs>
      </Polygon>
    </Placemark>
    <Placemark>
      <name>87679b646ffffff</name>
      <styleUrl>#h3_poly_style</styleUrl>
      <Polygon>
        <outerBoundaryIs>
          <LinearRing>
            <coordinates>-82.6271126763184,9.506507849470927,0 -82.63500958202394,9.496593200537323,0 -82.62967958393163,9.485207268607416,0 -82.61645213598064,9.483736922694499,0 -82.6085556092082,9.493652690172814,0 -82.6138861510823,9.505037684944085,0 -82.6271126763184,9.506507849470927,0</coordinates>
          </LinearRing>
        </outerBoundaryIs>
      </Polygon>
    </Placemark>
    <Placemark>
      <name>8766a28d2ffffff</name>
      <styleUrl>#h3_poly_style</styleUrl>
      <Polygon>
        <outerBoundaryIs>
          <LinearRing>
            <coordinates>-81.6845085846962,8.455831949172756,0 -81.69239407312638,8.445812890537242,0 -81.68701665852213,8.434278426320988,0 -81.67375327584149,8.432764002637223,0 -81.66586825522774,8.442784145285097,0 -81.6712461491021,8.454317627540725,0 -81.6845085846962,8.455831949172756,0</coordinates>
          </LinearRing>
        </outerBoundaryIs>
      </Polygon>
    </Placemark>
    <Placemark>
      <name>8766a38dcffffff</name>
      <styleUrl>#h3_poly_style</styleUrl>
      <Polygon>
        <outerBoundaryIs>
          <LinearRing>
            <coordinates>-80.71142160195842,7.795807442276404,0 -80.71927980279305,7.785735540151528,0 -80.71386377066179,7.774113762874431,0 -80.70058912736023,7.7725649186494845,0 -80.69273148475935,7.7826378710244635,0 -80.6981479268481,7.794258617322721,0 -80.71142160195842,7.795807442276404,0</coordinates>
          </LinearRing>
        </outerBoundaryIs>
      </Polygon>
    </Placemark>
    <Placemark>
      <name>8766138f4ffffff</name>
      <styleUrl>#h3_poly_style</styleUrl>
      <Polygon>
        <outerBoundaryIs>
          <LinearRing>
            <coordinates>-77.74768763052995,8.07371600330956,0 -77.7553776960864,8.063776305445012,0 -77.74990339216363,8.052199797678531,0 -77.73673883180568,8.050564177590498,0 -77.72904958325829,8.060504858673356,0 -77.73452407769156,8.072080176610752,0 -77.74768763052995,8.07371600330956,0</coordinates>
          </LinearRing>
        </outerBoundaryIs>
      </Polygon>
    </Placemark>
    <Placemark>
      <name>8766a5520ffffff</name>
      <styleUrl>#h3_poly_style</styleUrl>
      <Polygon>
        <outerBoundaryIs>
          <LinearRing>
            <coordinates>-80.08467207976358,9.25779897155497,0 -80.09246301867658,9.247928371955629,0 -80.08705650692661,9.236493245855836,0 -80.07385869551824,9.234929788595952,0 -80.06606836539038,9.24480144607938,0 -80.07147523751374,9.256235502893318,0 -80.08467207976358,9.25779897155497,0</coordinates>
          </LinearRing>
        </outerBoundaryIs>
      </Polygon>
    </Placemark>
    <Placemark>
      <name>8766a3955ffffff</name>
      <styleUrl>#h3_poly_style</styleUrl>
      <Polygon>
        <outerBoundaryIs>
          <LinearRing>
            <coordinates>-80.56279219113978,8.041760022333616,0 -80.57063713561287,8.031722094840177,0 -80.5652214652634,8.020130827353995,0 -80.5519604516708,8.01857852770451,0 -80.54411607793513,8.02861750604284,0 -80.54953214667754,8.040207733135802,0 -80.56279219113978,8.041760022333616,0</coordinates>
          </LinearRing>
        </outerBoundaryIs>
      </Polygon>
    </Placemark>
    <Placemark>
      <name>8766a5753ffffff</name>
      <styleUrl>#h3_poly_style</styleUrl>
      <Polygon>
        <outerBoundaryIs>
          <LinearRing>
            <coordinates>-79.7990506427492,8.758489198433102,0 -79.80683955132034,8.748564153688045,0 -79.8014175852297,8.737063688081838,0 -79.78820636962999,8.735489350698973,0 -79.7804180970979,8.74541543956998,0 -79.78584040375321,8.756914821656544,0 -79.7990506427492,8.758489198433102,0</coordinates>
          </LinearRing>
        </outerBoundaryIs>
      </Polygon>
    </Placemark>
    <Placemark>
      <name>8766a508effffff</name>
      <styleUrl>#h3_poly_style</styleUrl>
      <Polygon>
        <outerBoundaryIs>
          <LinearRing>
            <coordinates>-79.83362205528238,8.990201647271963,0 -79.84140694456522,8.98030501123752,0 -79.83598981911351,8.968834549948149,0 -79.82278746141318,8.967261806709603,0 -79.81500320417203,8.977159491116367,0 -79.82042067221703,8.988628870347371,0 -79.83362205528238,8.990201647271963,0</coordinates>
          </LinearRing>
        </outerBoundaryIs>
      </Polygon>
    </Placemark>
    <Placemark>
      <name>8766a2554ffffff</name>
      <styleUrl>#h3_poly_style</styleUrl>
      <Polygon>
        <outerBoundaryIs>
          <LinearRing>
            <coordinates>-82.10526649791213,8.306906986942408,0 -82.11317328778563,8.29685904720566,0 -82.10780607818795,8.285307975714979,0 -82.09453156805905,8.283805802102748,0 -82.08662520798933,8.293854833627702,0 -82.09199292786836,8.30540494690823,0 -82.10526649791213,8.306906986942408,0</coordinates>
          </LinearRing>
        </outerBoundaryIs>
      </Polygon>
    </Placemark>
    <Placemark>
      <name>8766a5c60ffffff</name>
      <styleUrl>#h3_poly_style</styleUrl>
      <Polygon>
        <outerBoundaryIs>
          <LinearRing>
            <coordinates>-79.7910603325026,9.373847915334128,0 -79.79883340724757,9.364002276376842,0 -79.79342199162492,9.35258221944751,0 -79.78023716225272,9.351008885936107,0 -79.7724647217326,9.360855577603242,0 -79.77787647598883,9.372274550030076,0 -79.7910603325026,9.373847915334128,0</coordinates>
          </LinearRing>
        </outerBoundaryIs>
      </Polygon>
    </Placemark>
    <Placemark>
      <name>8766b50f4ffffff</name>
      <styleUrl>#h3_poly_style</styleUrl>
      <Polygon>
        <outerBoundaryIs>
          <LinearRing>
            <coordinates>-82.73060548072596,8.813588006041101,0 -82.73852391984913,8.803585530568874,0 -82.73318543680313,8.792106557946392,0 -82.71992796062563,8.790630988491051,0 -82.71200989262393,8.800634577115657,0 -82.71734892930458,8.812112621967243,0 -82.73060548072596,8.813588006041101,0</coordinates>
          </LinearRing>
        </outerBoundaryIs>
      </Polygon>
    </Placemark>
    <Placemark>
      <name>8766a5c40ffffff</name>
      <styleUrl>#h3_poly_style</styleUrl>
      <Polygon>
        <outerBoundaryIs>
          <LinearRing>
            <coordinates>-79.81674512703027,9.32303211569732,0 -79.82452080119816,9.313178988744463,0 -79.81910909204439,9.30175221724527,0 -79.80592136772707,9.300179655828945,0 -79.79814632573171,9.310033835401015,0 -79.8035583755099,9.321459523728088,0 -79.81674512703027,9.32303211569732,0</coordinates>
          </LinearRing>
        </outerBoundaryIs>
      </Polygon>
    </Placemark>
    <Placemark>
      <name>8766b19b4ffffff</name>
      <styleUrl>#h3_poly_style</styleUrl>
      <Polygon>
        <outerBoundaryIs>
          <LinearRing>
            <coordinates>-82.7848602456872,8.361326532111024,0 -82.79279218755512,8.351268614980047,0 -82.78744777550384,8.339730296282807,0 -82.77417086207095,8.338250816196252,0 -82.7662392873999,8.348309841864827,0 -82.77158425858967,8.359847239006044,0 -82.7848602456872,8.361326532111024,0</coordinates>
          </LinearRing>
        </outerBoundaryIs>
      </Polygon>
    </Placemark>
    <Placemark>
      <name>876613c88ffffff</name>
      <styleUrl>#h3_poly_style</styleUrl>
      <Polygon>
        <outerBoundaryIs>
          <LinearRing>
            <coordinates>-78.23317760956631,8.024688698334248,0 -78.24089808620695,8.014724859996614,0 -78.23543117824809,8.003138505338658,0 -78.22224356683594,8.00151715347051,0 -78.21452386602326,8.01148198587915,0 -78.2199910004241,8.023067176063684,0 -78.23317760956631,8.024688698334248,0</coordinates>
          </LinearRing>
        </outerBoundaryIs>
      </Polygon>
    </Placemark>
    <Placemark>
      <name>8766a5056ffffff</name>
      <styleUrl>#h3_poly_style</styleUrl>
      <Polygon>
        <outerBoundaryIs>
          <LinearRing>
            <coordinates>-79.65189848711886,9.00097091155221,0 -79.6596736793759,8.99108178167838,0 -79.65425256853116,8.979612755553264,0 -79.64105593581755,8.978033950789644,0 -79.63328139156754,8.9879241249724,0 -79.63870283165208,8.999392059570043,0 -79.65189848711886,9.00097091155221,0</coordinates>
          </LinearRing>
        </outerBoundaryIs>
      </Polygon>
    </Placemark>
    <Placemark>
      <name>8766a38a0ffffff</name>
      <styleUrl>#h3_poly_style</styleUrl>
      <Polygon>
        <outerBoundaryIs>
          <LinearRing>
            <coordinates>-80.79262137496542,7.96994090996423,0 -80.8004790531803,7.959887655314387,0 -80.79506817723362,7.948287730721711,0 -80.78179920722552,7.946742088279875,0 -80.77394207929986,7.956796398117403,0 -80.77935337071546,7.968395295156388,0 -80.79262137496542,7.96994090996423,0</coordinates>
          </LinearRing>
        </outerBoundaryIs>
      </Polygon>
    </Placemark>
    <Placemark>
      <name>8766a65b3ffffff</name>
      <styleUrl>#h3_poly_style</styleUrl>
      <Polygon>
        <outerBoundaryIs>
          <LinearRing>
            <coordinates>-82.23794546460914,9.39824884544674,0 -82.2458299591522,9.388331048581046,0 -82.24048564022118,9.376926359802088,0 -82.22725631011242,9.375440424947165,0 -82.21937223029275,9.385359330455284,0 -82.22471706548612,9.396763062105173,0 -82.23794546460914,9.39824884544674,0</coordinates>
          </LinearRing>
        </outerBoundaryIs>
      </Polygon>
    </Placemark>
    <Placemark>
      <name>8766a50c8ffffff</name>
      <styleUrl>#h3_poly_style</styleUrl>
      <Polygon>
        <outerBoundaryIs>
          <LinearRing>
            <coordinates>-79.68465227621566,8.885798853013346,0 -79.6924320616873,8.875893847463031,0 -79.68700968555609,8.86440986630389,0 -79.67380719169206,8.86283198035411,0 -79.66602805182451,8.872738029273936,0 -79.6714507598444,8.884220920733954,0 -79.68465227621566,8.885798853013346,0</coordinates>
          </LinearRing>
        </outerBoundaryIs>
      </Polygon>
    </Placemark>
    <Placemark>
      <name>8766b1931ffffff</name>
      <styleUrl>#h3_poly_style</styleUrl>
      <Polygon>
        <outerBoundaryIs>
          <LinearRing>
            <coordinates>-82.62039656374414,8.386725612002643,0 -82.62832164908201,8.376674577953425,0 -82.62297223848108,8.365138056147076,0 -82.60969719494668,8.363653499038154,0 -82.60177249189582,8.37370563812016,0 -82.60712244971693,8.385241229203844,0 -82.62039656374414,8.386725612002643,0</coordinates>
          </LinearRing>
        </outerBoundaryIs>
      </Polygon>
    </Placemark>
    <Placemark>
      <name>8766a036cffffff</name>
      <styleUrl>#h3_poly_style</styleUrl>
      <Polygon>
        <outerBoundaryIs>
          <LinearRing>
            <coordinates>-80.27838943344875,8.423678565473589,0 -80.2862109458504,8.41369613370485,0 -80.28079467401899,8.402152879772348,0 -80.26755651286436,8.40059311484711,0 -80.25973559525669,8.41057659686728,0 -80.2651522436343,8.422118793514406,0 -80.27838943344875,8.423678565473589,0</coordinates>
          </LinearRing>
        </outerBoundaryIs>
      </Polygon>
    </Placemark>
    <Placemark>
      <name>8766b535effffff</name>
      <styleUrl>#h3_poly_style</styleUrl>
      <Polygon>
        <outerBoundaryIs>
          <LinearRing>
            <coordinates>-82.33472271648384,8.584072660471952,0 -82.34263170458549,8.574052252931951,0 -82.33727645292538,8.56253916828917,0 -82.32401168683403,8.561047438726773,0 -82.31610310676368,8.571068947296643,0 -82.32145888437825,8.582581084327737,0 -82.33472271648384,8.584072660471952,0</coordinates>
          </LinearRing>
        </outerBoundaryIs>
      </Polygon>
    </Placemark>
    <Placemark>
      <name>8766a1d0dffffff</name>
      <styleUrl>#h3_poly_style</styleUrl>
      <Polygon>
        <outerBoundaryIs>
          <LinearRing>
            <coordinates>-79.99092937753883,8.476880833639287,0 -79.99873515634181,8.466914062151185,0 -79.99331280563851,8.455377493682857,0 -79.98008432046318,8.45380876939878,0 -79.97227916184119,8.463776585154276,0 -79.97770186783889,8.475312080883048,0 -79.99092937753883,8.476880833639287,0</coordinates>
          </LinearRing>
        </outerBoundaryIs>
      </Polygon>
    </Placemark>
    <Placemark>
      <name>8766b5a28ffffff</name>
      <styleUrl>#h3_poly_style</styleUrl>
      <Polygon>
        <outerBoundaryIs>
          <LinearRing>
            <coordinates>-82.19327565121313,8.927401759661002,0 -82.20117030525039,8.91742677574238,0 -82.19581648628085,8.905958065023775,0 -82.18256749829226,8.904465295401756,0 -82.17467326431839,8.914441381489612,0 -82.18002759789567,8.925909134960344,0 -82.19327565121313,8.927401759661002,0</coordinates>
          </LinearRing>
        </outerBoundaryIs>
      </Polygon>
    </Placemark>
    <Placemark>
      <name>8766167adffffff</name>
      <styleUrl>#h3_poly_style</styleUrl>
      <Polygon>
        <outerBoundaryIs>
          <LinearRing>
            <coordinates>-78.90535848048319,9.234722488990402,0 -78.91308749168078,9.224890086684134,0 -78.90765452556677,9.213452700092894,0 -78.89449227388228,9.211848845768548,0 -78.88676397478896,9.22168227855506,0 -78.89219721490684,9.233118535154768,0 -78.90535848048319,9.234722488990402,0</coordinates>
          </LinearRing>
        </outerBoundaryIs>
      </Polygon>
    </Placemark>
    <Placemark>
      <name>8766a5c0cffffff</name>
      <styleUrl>#h3_poly_style</styleUrl>
      <Polygon>
        <outerBoundaryIs>
          <LinearRing>
            <coordinates>-79.90972879378725,9.387987251205283,0 -79.91750760345687,9.37813939631239,0 -79.9120991993659,9.366721314192285,0 -79.89891163795166,9.365152165316367,0 -79.89113345200022,9.375001075812735,0 -79.89654220337363,9.386418079538254,0 -79.90972879378725,9.387987251205283,0</coordinates>
          </LinearRing>
        </outerBoundaryIs>
      </Polygon>
    </Placemark>
    <Placemark>
      <name>8766a3ba3ffffff</name>
      <styleUrl>#h3_poly_style</styleUrl>
      <Polygon>
        <outerBoundaryIs>
          <LinearRing>
            <coordinates>-80.53346016595144,7.7640184331616515,0 -80.5413106419186,7.7539477903325285,0 -80.53588941854835,7.742321904627503,0 -80.52261732189503,7.740767702203404,0 -80.5147674203181,7.750839390392544,0 -80.52018904062616,7.762464235596372,0 -80.53346016595144,7.7640184331616515,0</coordinates>
          </LinearRing>
        </outerBoundaryIs>
      </Polygon>
    </Placemark>
    <Placemark>
      <name>8766b505affffff</name>
      <styleUrl>#h3_poly_style</styleUrl>
      <Polygon>
        <outerBoundaryIs>
          <LinearRing>
            <coordinates>-82.59783810353981,8.744354070130553,0 -82.60575326476737,8.734346476606406,0 -82.60040923408344,8.722856964468857,0 -82.58714949744851,8.721375980242103,0 -82.57923471970507,8.731384682990681,0 -82.58457929473829,8.742873260667148,0 -82.59783810353981,8.744354070130553,0</coordinates>
          </LinearRing>
        </outerBoundaryIs>
      </Polygon>
    </Placemark>
    <Placemark>
      <name>8766b5012ffffff</name>
      <styleUrl>#h3_poly_style</styleUrl>
      <Polygon>
        <outerBoundaryIs>
          <LinearRing>
            <coordinates>-82.76262909037585,8.882420873854434,0 -82.77054698290472,8.872425955459546,0 -82.76521073876063,8.860956533235498,0 -82.7519560460295,8.859482955831009,0 -82.7440385215165,8.869478988951782,0 -82.7493753213454,8.880947484674744,0 -82.76262909037585,8.882420873854434,0</coordinates>
          </LinearRing>
        </outerBoundaryIs>
      </Polygon>
    </Placemark>
    <Placemark>
      <name>8766a5622ffffff</name>
      <styleUrl>#h3_poly_style</styleUrl>
      <Polygon>
        <outerBoundaryIs>
          <LinearRing>
            <coordinates>-79.87831853158019,8.767926318608003,0 -79.8861112829024,8.757999860971,0 -79.88069132933404,8.746500593403162,0 -79.8674782777049,8.744928862806972,0 -79.85968615537696,8.754856366572602,0 -79.86510645531055,8.766354554763483,0 -79.87831853158019,8.767926318608003,0</coordinates>
          </LinearRing>
        </outerBoundaryIs>
      </Polygon>
    </Placemark>
    <Placemark>
      <name>8766b52aaffffff</name>
      <styleUrl>#h3_poly_style</styleUrl>
      <Polygon>
        <outerBoundaryIs>
          <LinearRing>
            <coordinates>-82.54652638440967,8.498680898193973,0 -82.55444580198954,8.488644999638455,0 -82.54909589544992,8.477122505081558,0 -82.53582602944307,8.475636844565095,0 -82.52790700066892,8.48567384794882,0 -82.53325744872076,8.49719540694712,0 -82.54652638440967,8.498680898193973,0</coordinates>
          </LinearRing>
        </outerBoundaryIs>
      </Polygon>
    </Placemark>
    <Placemark>
      <name>8766a2aa8ffffff</name>
      <styleUrl>#h3_poly_style</styleUrl>
      <Polygon>
        <outerBoundaryIs>
          <LinearRing>
            <coordinates>-81.42842857475455,8.229742508115617,0 -81.43630866146896,8.219702976377677,0 -81.43091988156806,8.2081380211754,0 -81.41765055327917,8.206613592160474,0 -81.40977095838075,8.21665419849246,0 -81.41516019957825,8.228218159184872,0 -81.42842857475455,8.229742508115617,0</coordinates>
          </LinearRing>
        </outerBoundaryIs>
      </Polygon>
    </Placemark>
    <Placemark>
      <name>8766b52b5ffffff</name>
      <styleUrl>#h3_poly_style</styleUrl>
      <Polygon>
        <outerBoundaryIs>
          <LinearRing>
            <coordinates>-82.59980412991611,8.559230093143164,0 -82.60772405919131,8.549200157422613,0 -82.60237692435713,8.537686124202102,0 -82.58910931473677,8.536202959724974,0 -82.5811897692201,8.546234002324208,0 -82.58653744919043,8.55774710244755,0 -82.59980412991611,8.559230093143164,0</coordinates>
          </LinearRing>
        </outerBoundaryIs>
      </Polygon>
    </Placemark>
    <Placemark>
      <name>8766b5273ffffff</name>
      <styleUrl>#h3_poly_style</styleUrl>
      <Polygon>
        <outerBoundaryIs>
          <LinearRing>
            <coordinates>-82.34493981130178,8.497905861667492,0 -82.35285138371455,8.487874824191698,0 -82.34749498066185,8.47635049656602,0 -82.33422647783908,8.47485815283227,0 -82.3263153127455,8.484890290413153,0 -82.33167224278012,8.49641367155134,0 -82.34493981130178,8.497905861667492,0</coordinates>
          </LinearRing>
        </outerBoundaryIs>
      </Polygon>
    </Placemark>
    <Placemark>
      <name>8766b5295ffffff</name>
      <styleUrl>#h3_poly_style</styleUrl>
      <Polygon>
        <outerBoundaryIs>
          <LinearRing>
            <coordinates>-82.62614031564681,8.507584204873012,0 -82.63406255937775,8.497547448191957,0 -82.62871540284682,8.48602684920554,0 -82.61544545499909,8.48454393812628,0 -82.60752359273141,8.494581801613606,0 -82.61287129647324,8.506101469299317,0 -82.62614031564681,8.507584204873012,0</coordinates>
          </LinearRing>
        </outerBoundaryIs>
      </Polygon>
    </Placemark>
    <Placemark>
      <name>8766a56c6ffffff</name>
      <styleUrl>#h3_poly_style</styleUrl>
      <Polygon>
        <outerBoundaryIs>
          <LinearRing>
            <coordinates>-79.91832928977364,8.587987229996006,0 -79.92612859147918,8.57803673121974,0 -79.92070644860316,8.566514351902379,0 -79.90748465394117,8.56494354819733,0 -79.89968597841275,8.574895091275742,0 -79.90510847099507,8.586416393714421,0 -79.91832928977364,8.587987229996006,0</coordinates>
          </LinearRing>
        </outerBoundaryIs>
      </Polygon>
    </Placemark>
    <Placemark>
      <name>8766a5ba0ffffff</name>
      <styleUrl>#h3_poly_style</styleUrl>
      <Polygon>
        <outerBoundaryIs>
          <LinearRing>
            <coordinates>-79.38408431572856,9.249615513683292,0 -79.39183911292241,9.23976785076499,0 -79.38641640729371,9.22833150032066,0 -79.3732385950143,9.226743918205718,0 -79.36548446824398,9.236592622817222,0 -79.37090748295911,9.248027867813684,0 -79.38408431572856,9.249615513683292,0</coordinates>
          </LinearRing>
        </outerBoundaryIs>
      </Polygon>
    </Placemark>
    <Placemark>
      <name>8766a0ad2ffffff</name>
      <styleUrl>#h3_poly_style</styleUrl>
      <Polygon>
        <outerBoundaryIs>
          <LinearRing>
            <coordinates>-80.40653018974814,8.536828071002017,0 -80.41435516089105,8.526855760021698,0 -80.40894406261283,8.515327117877177,0 -80.39570760713985,8.513771837514987,0 -80.3878832189168,8.523745203545287,0 -80.39329470287174,8.535272794839297,0 -80.40653018974814,8.536828071002017,0</coordinates>
          </LinearRing>
        </outerBoundaryIs>
      </Polygon>
    </Placemark>
    <Placemark>
      <name>8766a5a21ffffff</name>
      <styleUrl>#h3_poly_style</styleUrl>
      <Polygon>
        <outerBoundaryIs>
          <LinearRing>
            <coordinates>-79.23526926507556,9.145367371594514,0 -79.24301865183145,9.135511392308327,0 -79.23759092788225,9.124061624165043,0 -79.22441351843088,9.122468948399055,0 -79.21666481553804,9.132325964457099,0 -79.22209283786317,9.143774619474407,0 -79.23526926507556,9.145367371594514,0</coordinates>
          </LinearRing>
        </outerBoundaryIs>
      </Polygon>
    </Placemark>
    <Placemark>
      <name>876613c93ffffff</name>
      <styleUrl>#h3_poly_style</styleUrl>
      <Polygon>
        <outerBoundaryIs>
          <LinearRing>
            <coordinates>-78.33096181335696,8.047611851124978,0 -78.33868747419476,8.03764738609912,0 -78.33322272895154,8.026063133229908,0 -78.32003208886304,8.024444504748944,0 -78.31230719533504,8.034409966661984,0 -78.31777217421474,8.0459930601463,0 -78.33096181335696,8.047611851124978,0</coordinates>
          </LinearRing>
        </outerBoundaryIs>
      </Polygon>
    </Placemark>
    <Placemark>
      <name>8766a5a96ffffff</name>
      <styleUrl>#h3_poly_style</styleUrl>
      <Polygon>
        <outerBoundaryIs>
          <LinearRing>
            <coordinates>-79.5051598818292,9.059078322111324,0 -79.51292589502575,9.049201706119927,0 -79.50750251217357,9.03774034367743,0 -79.49431279740172,9.036156696368304,0 -79.48654744485181,9.046034354113472,0 -79.49197114605568,9.057494617375932,0 -79.5051598818292,9.059078322111324,0</coordinates>
          </LinearRing>
        </outerBoundaryIs>
      </Polygon>
    </Placemark>
    <Placemark>
      <name>8766a394bffffff</name>
      <styleUrl>#h3_poly_style</styleUrl>
      <Polygon>
        <outerBoundaryIs>
          <LinearRing>
            <coordinates>-80.49050683303736,7.967536199943732,0 -80.49835014292776,7.957491375127635,0 -80.49293132954439,7.945890746435984,0 -80.47966881263007,7.944335986443536,0 -80.47182608024575,7.954381859105332,0 -80.47724528689234,7.965981443864843,0 -80.49050683303736,7.967536199943732,0</coordinates>
          </LinearRing>
        </outerBoundaryIs>
      </Polygon>
    </Placemark>
    <Placemark>
      <name>8766b5adeffffff</name>
      <styleUrl>#h3_poly_style</styleUrl>
      <Polygon>
        <outerBoundaryIs>
          <LinearRing>
            <coordinates>-82.31685658361123,8.734653476381954,0 -82.324761051939,8.724651751354486,0 -82.31940781495413,8.71315842019212,0 -82.30614958510712,8.711667763508787,0 -82.2982455260533,8.72167059112768,0 -82.30359928719793,8.733162972767282,0 -82.31685658361123,8.734653476381954,0</coordinates>
          </LinearRing>
        </outerBoundaryIs>
      </Polygon>
    </Placemark>
    <Placemark>
      <name>8766a5141ffffff</name>
      <styleUrl>#h3_poly_style</styleUrl>
      <Polygon>
        <outerBoundaryIs>
          <LinearRing>
            <coordinates>-79.53769344816047,9.127807475526813,0 -79.54545946236773,9.11793862281195,0 -79.54003800265085,9.106486195888479,0 -79.52685020775861,9.104903719165833,0 -79.5190848510536,9.114773615380136,0 -79.52450663136732,9.126224944779132,0 -79.53769344816047,9.127807475526813,0</coordinates>
          </LinearRing>
        </outerBoundaryIs>
      </Polygon>
    </Placemark>
    <Placemark>
      <name>876616796ffffff</name>
      <styleUrl>#h3_poly_style</styleUrl>
      <Polygon>
        <outerBoundaryIs>
          <LinearRing>
            <coordinates>-79.06563249903019,9.232664277258264,0 -79.07337043825946,9.222825772226997,0 -79.06794069609852,9.211387719613734,0 -79.05477272857316,9.209789293793865,0 -79.04703548757071,9.219628832959373,0 -79.05246551549726,9.231065763777632,0 -79.06563249903019,9.232664277258264,0</coordinates>
          </LinearRing>
        </outerBoundaryIs>
      </Polygon>
    </Placemark>
    <Placemark>
      <name>8766a572dffffff</name>
      <styleUrl>#h3_poly_style</styleUrl>
      <Polygon>
        <outerBoundaryIs>
          <LinearRing>
            <coordinates>-79.78485612434524,8.886925367777716,0 -79.79264108517656,8.877017149627646,0 -79.78722102815735,8.865533274929698,0 -79.77401567069211,8.863958702808883,0 -79.76623134662735,8.873867966683624,0 -79.77165174288857,8.8853507569132,0 -79.78485612434524,8.886925367777716,0</coordinates>
          </LinearRing>
        </outerBoundaryIs>
      </Polygon>
    </Placemark>
    <Placemark>
      <name>876610431ffffff</name>
      <styleUrl>#h3_poly_style</styleUrl>
      <Polygon>
        <outerBoundaryIs>
          <LinearRing>
            <coordinates>-78.20583689077478,8.857517128528023,0 -78.21353513524846,8.847661370550155,0 -78.20808234331459,8.836178543989938,0 -78.19493108331461,8.834552641501906,0 -78.18723361286308,8.84440940783081,0 -78.1926866280218,8.855891068274891,0 -78.20583689077478,8.857517128528023,0</coordinates>
          </LinearRing>
        </outerBoundaryIs>
      </Polygon>
    </Placemark>
    <Placemark>
      <name>8766b591dffffff</name>
      <styleUrl>#h3_poly_style</styleUrl>
      <Polygon>
        <outerBoundaryIs>
          <LinearRing>
            <coordinates>-82.48373561283037,9.36093173888977,0 -82.49163072198884,9.351002708069062,0 -82.48629357218253,9.339595291192577,0 -82.47306077881939,9.338117849085167,0 -82.46516606205726,9.348047993706405,0 -82.47050374588983,9.359454466560992,0 -82.48373561283037,9.36093173888977,0</coordinates>
          </LinearRing>
        </outerBoundaryIs>
      </Polygon>
    </Placemark>
    <Placemark>
      <name>876613d04ffffff</name>
      <styleUrl>#h3_poly_style</styleUrl>
      <Polygon>
        <outerBoundaryIs>
          <LinearRing>
            <coordinates>-78.10400013104272,8.302894292595562,0 -78.11170607011708,8.292970575536378,0 -78.10624175905782,8.281419159383324,0 -78.0930712920471,8.279792631754466,0 -78.08536613847254,8.289717345005265,0 -78.09083066603979,8.301267589673389,0 -78.10400013104272,8.302894292595562,0</coordinates>
          </LinearRing>
        </outerBoundaryIs>
      </Polygon>
    </Placemark>
    <Placemark>
      <name>8766b539effffff</name>
      <styleUrl>#h3_poly_style</styleUrl>
      <Polygon>
        <outerBoundaryIs>
          <LinearRing>
            <coordinates>-82.61327027866514,8.61528905090095,0 -82.62118930201594,8.605265518811844,0 -82.6158435664093,8.59375901981288,0 -82.60257826116838,8.592276985587587,0 -82.59465962020083,8.60230162560431,0 -82.60000590171634,8.613807191844181,0 -82.61327027866514,8.61528905090095,0</coordinates>
          </LinearRing>
        </outerBoundaryIs>
      </Polygon>
    </Placemark>
    <Placemark>
      <name>8766a3996ffffff</name>
      <styleUrl>#h3_poly_style</styleUrl>
      <Polygon>
        <outerBoundaryIs>
          <LinearRing>
            <coordinates>-80.88109902097912,8.07889134513184,0 -80.88895811155417,8.068848748698489,0 -80.883551485386,8.057262717509294,0 -80.87028534659268,8.055720306047514,0 -80.86242679793793,8.065763961600323,0 -80.86783384577888,8.077348969441632,0 -80.88109902097912,8.07889134513184,0</coordinates>
          </LinearRing>
        </outerBoundaryIs>
      </Polygon>
    </Placemark>
    <Placemark>
      <name>8766a0233ffffff</name>
      <styleUrl>#h3_poly_style</styleUrl>
      <Polygon>
        <outerBoundaryIs>
          <LinearRing>
            <coordinates>-80.52639471691192,8.365546051428934,0 -80.53422979838332,8.355548860655038,0 -80.52881878862993,8.343998489983278,0 -80.51557230212995,8.342446353851662,0 -80.50773779348069,8.35244459985787,0 -80.51314919813335,8.36399392671359,0 -80.52639471691192,8.365546051428934,0</coordinates>
          </LinearRing>
        </outerBoundaryIs>
      </Polygon>
    </Placemark>
    <Placemark>
      <name>8766a072cffffff</name>
      <styleUrl>#h3_poly_style</styleUrl>
      <Polygon>
        <outerBoundaryIs>
          <LinearRing>
            <coordinates>-80.83456852907905,8.488801798077658,0 -80.84241516086344,8.478810652769468,0 -80.83701436404279,8.46727675544997,0 -80.82376651789684,8.465735031211537,0 -80.81592043080467,8.475727240959753,0 -80.82132164479043,8.48726011045277,0 -80.83456852907905,8.488801798077658,0</coordinates>
          </LinearRing>
        </outerBoundaryIs>
      </Polygon>
    </Placemark>
    <Placemark>
      <name>8766b50d3ffffff</name>
      <styleUrl>#h3_poly_style</styleUrl>
      <Polygon>
        <outerBoundaryIs>
          <LinearRing>
            <coordinates>-82.76210918162703,8.719091590689573,0 -82.77003120133678,8.709076943571707,0 -82.76469214535848,8.69758567272622,0 -82.75143051306695,8.6961099743575,0 -82.7435088618067,8.706125734181745,0 -82.74884847401452,8.717616079592034,0 -82.76210918162703,8.719091590689573,0</coordinates>
          </LinearRing>
        </outerBoundaryIs>
      </Polygon>
    </Placemark>
    <Placemark>
      <name>8766a0a45ffffff</name>
      <styleUrl>#h3_poly_style</styleUrl>
      <Polygon>
        <outerBoundaryIs>
          <LinearRing>
            <coordinates>-80.15635353804697,8.616188812077192,0 -80.1641641640945,8.606234237538674,0 -80.15874822657341,8.594715523982185,0 -80.1455212955044,8.59315244928742,0 -80.1377112743867,8.603108074184254,0 -80.14312757903375,8.614625723371995,0 -80.15635353804697,8.616188812077192,0</coordinates>
          </LinearRing>
        </outerBoundaryIs>
      </Polygon>
    </Placemark>
    <Placemark>
      <name>8766a5c6bffffff</name>
      <styleUrl>#h3_poly_style</styleUrl>
      <Polygon>
        <outerBoundaryIs>
          <LinearRing>
            <coordinates>-79.75858693120301,9.305312642060759,0 -79.76636004770984,9.295459203654307,0 -79.76094668623858,9.284030060664985,0 -79.74775987148301,9.282455442207544,0 -79.73998739233872,9.292309931663683,0 -79.74540109021629,9.303737988486203,0 -79.75858693120301,9.305312642060759,0</coordinates>
          </LinearRing>
        </outerBoundaryIs>
      </Polygon>
    </Placemark>
    <Placemark>
      <name>8766a56d0ffffff</name>
      <styleUrl>#h3_poly_style</styleUrl>
      <Polygon>
        <outerBoundaryIs>
          <LinearRing>
            <coordinates>-79.96037361049464,8.571224199407515,0 -79.96817547608184,8.561270236346635,0 -79.96275403731009,8.54974570666701,0 -79.94953037974275,8.54817621462003,0 -79.94172913667236,8.55813122271453,0 -79.94715092827828,8.569654677779251,0 -79.96037361049464,8.571224199407515,0</coordinates>
          </LinearRing>
        </outerBoundaryIs>
      </Polygon>
    </Placemark>
    <Placemark>
      <name>8766a56ecffffff</name>
      <styleUrl>#h3_poly_style</styleUrl>
      <Polygon>
        <outerBoundaryIs>
          <LinearRing>
            <coordinates>-79.83663792816469,8.600022941026777,0 -79.84443273835159,8.59007661076716,0 -79.83900888791312,8.57855580005811,0 -79.82578988323931,8.576982400785704,0 -79.81799570641456,8.586929773605771,0 -79.82341990052758,8.598449503096145,0 -79.83663792816469,8.600022941026777,0</coordinates>
          </LinearRing>
        </outerBoundaryIs>
      </Polygon>
    </Placemark>
    <Placemark>
      <name>8766a50e8ffffff</name>
      <styleUrl>#h3_poly_style</styleUrl>
      <Polygon>
        <outerBoundaryIs>
          <LinearRing>
            <coordinates>-79.65896174640713,8.936879642732167,0 -79.66673891209813,8.926982044906543,0 -79.66131684300079,8.915504693612544,0 -79.64811727794614,8.913926031202092,0 -79.64034075990818,8.923824672558188,0 -79.64576315889958,8.935300932754451,0 -79.65896174640713,8.936879642732167,0</coordinates>
          </LinearRing>
        </outerBoundaryIs>
      </Polygon>
    </Placemark>
    <Placemark>
      <name>8766a2d24ffffff</name>
      <styleUrl>#h3_poly_style</styleUrl>
      <Polygon>
        <outerBoundaryIs>
          <LinearRing>
            <coordinates>-81.96491852182224,8.81464415255228,0 -81.97280672576225,8.804661379714084,0 -81.96744391314829,8.793175860349761,0 -81.95419239773761,8.791674082612447,0 -81.94630463501318,8.80165795091444,0 -81.9516679461092,8.813142501422774,0 -81.96491852182224,8.81464415255228,0</coordinates>
          </LinearRing>
        </outerBoundaryIs>
      </Polygon>
    </Placemark>
    <Placemark>
      <name>8766a3d66ffffff</name>
      <styleUrl>#h3_poly_style</styleUrl>
      <Polygon>
        <outerBoundaryIs>
          <LinearRing>
            <coordinates>-80.942023070391,8.075013329718168,0 -80.9498850885487,8.064968540612133,0 -80.94448004304121,8.053382170580228,0 -80.93121255284716,8.051841609622036,0 -80.92335107111761,8.061887459248,0 -80.92875654277661,8.073472809257678,0 -80.942023070391,8.075013329718168,0</coordinates>
          </LinearRing>
        </outerBoundaryIs>
      </Polygon>
    </Placemark>
    <Placemark>
      <name>8766a0314ffffff</name>
      <styleUrl>#h3_poly_style</styleUrl>
      <Polygon>
        <outerBoundaryIs>
          <LinearRing>
            <coordinates>-80.53050597527657,8.507798813056331,0 -80.53833768850166,8.497819103168547,0 -80.53292924744635,8.486286935752801,0 -80.51968869794909,8.484735522320058,0 -80.51185755665624,8.494716289745385,0 -80.51726639255298,8.506247413015938,0 -80.53050597527657,8.507798813056331,0</coordinates>
          </LinearRing>
        </outerBoundaryIs>
      </Polygon>
    </Placemark>
    <Placemark>
      <name>8766a5a30ffffff</name>
      <styleUrl>#h3_poly_style</styleUrl>
      <Polygon>
        <outerBoundaryIs>
          <LinearRing>
            <coordinates>-79.3143355067625,9.154914523281256,0 -79.32208892821693,9.145056988482727,0 -79.31666305896665,9.13360833885045,0 -79.30348346373279,9.132018333034548,0 -79.29573071920383,9.14187690656799,0 -79.30115689261271,9.15332444714659,0 -79.3143355067625,9.154914523281256,0</coordinates>
          </LinearRing>
        </outerBoundaryIs>
      </Polygon>
    </Placemark>
    <Placemark>
      <name>8766a5a15ffffff</name>
      <styleUrl>#h3_poly_style</styleUrl>
      <Polygon>
        <outerBoundaryIs>
          <LinearRing>
            <coordinates>-79.31899094648655,9.112296521646845,0 -79.32674568431413,9.102433285317707,0 -79.32131916938694,9.090979075441528,0 -79.30813761167765,9.08938921067387,0 -79.30038355055521,9.099253485225676,0 -79.30581037006618,9.110706586286623,0 -79.31899094648655,9.112296521646845,0</coordinates>
          </LinearRing>
        </outerBoundaryIs>
      </Polygon>
    </Placemark>
    <Placemark>
      <name>8766a3b71ffffff</name>
      <styleUrl>#h3_poly_style</styleUrl>
      <Polygon>
        <outerBoundaryIs>
          <LinearRing>
            <coordinates>-80.29461702362858,7.73598260643877,0 -80.30245652771166,7.725915535967847,0 -80.29702875792242,7.714286153483541,0 -80.28376110427291,7.71272489477631,0 -80.27592219614675,7.7227930042775474,0 -80.28135034533535,7.734421333409244,0 -80.29461702362858,7.73598260643877,0</coordinates>
          </LinearRing>
        </outerBoundaryIs>
      </Polygon>
    </Placemark>
    <Placemark>
      <name>8766a2b5dffffff</name>
      <styleUrl>#h3_poly_style</styleUrl>
      <Polygon>
        <outerBoundaryIs>
          <LinearRing>
            <coordinates>-81.19838339502526,8.30169404624799,0 -81.20625143318561,8.291669555246566,0 -81.20085736264122,8.280112848646421,0 -81.18759480927109,8.278581640359343,0 -81.17972728357661,8.288607201585094,0 -81.18512179840971,8.300162900815812,0 -81.19838339502526,8.30169404624799,0</coordinates>
          </LinearRing>
        </outerBoundaryIs>
      </Polygon>
    </Placemark>
    <Placemark>
      <name>8766b5629ffffff</name>
      <styleUrl>#h3_poly_style</styleUrl>
      <Polygon>
        <outerBoundaryIs>
          <LinearRing>
            <coordinates>-82.78536883540208,8.525341079007266,0 -82.7932966396871,8.515302649721,0 -82.7879550451562,8.503785910428347,0 -82.77468508737635,8.50230852313048,0 -82.7667576498564,8.512348063170274,0 -82.77209980297661,8.523863879677982,0 -82.78536883540208,8.525341079007266,0</coordinates>
          </LinearRing>
        </outerBoundaryIs>
      </Polygon>
    </Placemark>
    <Placemark>
      <name>8766a2acbffffff</name>
      <styleUrl>#h3_poly_style</styleUrl>
      <Polygon>
        <outerBoundaryIs>
          <LinearRing>
            <coordinates>-81.32640475501577,8.064657848839847,0 -81.33428448102393,8.054601202424937,0 -81.32888994217392,8.04301477359995,0 -81.31561522261185,8.041485990192202,0 -81.30773599821867,8.051543706183807,0 -81.31313099139503,8.063129135947348,0 -81.32640475501577,8.064657848839847,0</coordinates>
          </LinearRing>
        </outerBoundaryIs>
      </Polygon>
    </Placemark>
    <Placemark>
      <name>8766a1d29ffffff</name>
      <styleUrl>#h3_poly_style</styleUrl>
      <Polygon>
        <outerBoundaryIs>
          <LinearRing>
            <coordinates>-79.96751591599109,8.50677216795338,0 -79.975319757154,8.496809887364156,0 -79.96989736798731,8.485277130043473,0 -79.9566707837782,8.483707727333858,0 -79.94886756475564,8.49367105211008,0 -79.95429030742737,8.505202735365767,0 -79.96751591599109,8.50677216795338,0</coordinates>
          </LinearRing>
        </outerBoundaryIs>
      </Polygon>
    </Placemark>
    <Placemark>
      <name>8766a51adffffff</name>
      <styleUrl>#h3_poly_style</styleUrl>
      <Polygon>
        <outerBoundaryIs>
          <LinearRing>
            <coordinates>-79.75178309415757,9.18582667257223,0 -79.7595588550862,9.175957979461032,0 -79.75414325018335,9.164513095269092,0 -79.74095154781317,9.162937990623083,0 -79.73317642533765,9.172807732988918,0 -79.73859236640762,9.184251530704945,0 -79.75178309415757,9.18582667257223,0</coordinates>
          </LinearRing>
        </outerBoundaryIs>
      </Polygon>
    </Placemark>
    <Placemark>
      <name>8766a2a44ffffff</name>
      <styleUrl>#h3_poly_style</styleUrl>
      <Polygon>
        <outerBoundaryIs>
          <LinearRing>
            <coordinates>-81.2082813736061,8.215336593326443,0 -81.21615202804897,8.205301346908264,0 -81.21075674685214,8.193733634707131,0 -81.19749036557799,8.192202175229927,0 -81.18962022298652,8.202238490774825,0 -81.19501594944082,8.213805196612379,0 -81.2082813736061,8.215336593326443,0</coordinates>
          </LinearRing>
        </outerBoundaryIs>
      </Polygon>
    </Placemark>
    <Placemark>
      <name>8766a1d35ffffff</name>
      <styleUrl>#h3_poly_style</styleUrl>
      <Polygon>
        <outerBoundaryIs>
          <LinearRing>
            <coordinates>-80.06074679640525,8.572243302896416,0 -80.06855372265773,8.562286252960028,0 -80.0631347027952,8.550761860796278,0 -80.04990839609849,8.549195587832594,0 -80.04210208344831,8.55915368519152,0 -80.04752146351808,8.570677008047257,0 -80.06074679640525,8.572243302896416,0</coordinates>
          </LinearRing>
        </outerBoundaryIs>
      </Polygon>
    </Placemark>
    <Placemark>
      <name>8766a06ddffffff</name>
      <styleUrl>#h3_poly_style</styleUrl>
      <Polygon>
        <outerBoundaryIs>
          <LinearRing>
            <coordinates>-80.93711017487941,8.118259407318178,0 -80.94497088082313,8.108219992211897,0 -80.93956644769231,8.096639076713371,0 -80.92630088256672,8.095098596790894,0 -80.91844071334708,8.105139072999862,0 -80.92384557215175,8.116718967974071,0 -80.93711017487941,8.118259407318178,0</coordinates>
          </LinearRing>
        </outerBoundaryIs>
      </Polygon>
    </Placemark>
    <Placemark>
      <name>8766a3981ffffff</name>
      <styleUrl>#h3_poly_style</styleUrl>
      <Polygon>
        <outerBoundaryIs>
          <LinearRing>
            <coordinates>-80.78283765640624,8.056499638861238,0 -80.79069270581829,8.046457131180402,0 -80.78528306260057,8.034868063392972,0 -80.77201795507202,8.03332253178841,0 -80.76416345652798,8.04336609585888,0 -80.76957351426718,8.054954135091648,0 -80.78283765640624,8.056499638861238,0</coordinates>
          </LinearRing>
        </outerBoundaryIs>
      </Polygon>
    </Placemark>
    <Placemark>
      <name>8766a0a1cffffff</name>
      <styleUrl>#h3_poly_style</styleUrl>
      <Polygon>
        <outerBoundaryIs>
          <LinearRing>
            <coordinates>-80.33131902180006,8.669447717324292,0 -80.33913698442389,8.65949431515981,0 -80.33372629542997,8.647982636923215,0 -80.32049726360229,8.646425416062002,0 -80.3126798901163,8.65637987351189,0 -80.31809095894562,8.667890496489894,0 -80.33131902180006,8.669447717324292,0</coordinates>
          </LinearRing>
        </outerBoundaryIs>
      </Polygon>
    </Placemark>
    <Placemark>
      <name>8766b528cffffff</name>
      <styleUrl>#h3_poly_style</styleUrl>
      <Polygon>
        <outerBoundaryIs>
          <LinearRing>
            <coordinates>-82.54909589544992,8.477122505081558,0 -82.55701595791062,8.467083964620667,0 -82.55166576611653,8.45555865911968,0 -82.53839496971464,8.454072829271267,0 -82.5304752958771,8.464112474329479,0 -82.53582602944307,8.475636844565095,0 -82.54909589544992,8.477122505081558,0</coordinates>
          </LinearRing>
        </outerBoundaryIs>
      </Polygon>
    </Placemark>
    <Placemark>
      <name>8766b5773ffffff</name>
      <styleUrl>#h3_poly_style</styleUrl>
      <Polygon>
        <outerBoundaryIs>
          <LinearRing>
            <coordinates>-82.75383805103814,8.620057055928351,0 -82.76176227326881,8.610030706102318,0 -82.75642124949371,8.598526189840845,0 -82.74315544712486,8.597048948515337,0 -82.73523159433874,8.60707640959598,0 -82.74057317410261,8.618580000671399,0 -82.75383805103814,8.620057055928351,0</coordinates>
          </LinearRing>
        </outerBoundaryIs>
      </Polygon>
    </Placemark>
    <Placemark>
      <name>8766b5a25ffffff</name>
      <styleUrl>#h3_poly_style</styleUrl>
      <Polygon>
        <outerBoundaryIs>
          <LinearRing>
            <coordinates>-82.20679380240463,8.983224222305823,0 -82.21468758437722,8.973255744609544,0 -82.20933514781153,8.961794618550655,0 -82.19608841350176,8.960302926940232,0 -82.18819505020753,8.970272507802205,0 -82.19354800217089,8.981732677038814,0 -82.20679380240463,8.983224222305823,0</coordinates>
          </LinearRing>
        </outerBoundaryIs>
      </Polygon>
    </Placemark>
    <Placemark>
      <name>8766a5035ffffff</name>
      <styleUrl>#h3_poly_style</styleUrl>
      <Polygon>
        <outerBoundaryIs>
          <LinearRing>
            <coordinates>-79.71692665939008,9.138467324776695,0 -79.72470179856384,9.128593698998639,0 -79.71928456782305,9.117142600508812,0 -79.70609186382173,9.115566216010539,0 -79.69831736636361,9.125440889576542,0 -79.70373493081951,9.136890899812162,0 -79.71692665939008,9.138467324776695,0</coordinates>
          </LinearRing>
        </outerBoundaryIs>
      </Polygon>
    </Placemark>
    <Placemark>
      <name>8766a2a45ffffff</name>
      <styleUrl>#h3_poly_style</styleUrl>
      <Polygon>
        <outerBoundaryIs>
          <LinearRing>
            <coordinates>-81.18962022298652,8.202238490774825,0 -81.19749036557799,8.192202175229927,0 -81.19209433618963,8.180632723025097,0 -81.17882771990271,8.17910059360922,0 -81.17095809089737,8.189137977631303,0 -81.17635456421581,8.200706422534477,0 -81.18962022298652,8.202238490774825,0</coordinates>
          </LinearRing>
        </outerBoundaryIs>
      </Polygon>
    </Placemark>
    <Placemark>
      <name>8766a38ccffffff</name>
      <styleUrl>#h3_poly_style</styleUrl>
      <Polygon>
        <outerBoundaryIs>
          <LinearRing>
            <coordinates>-80.65047299977603,7.799679454734958,0 -80.65832820305897,7.789609746902924,0 -80.6529106355455,7.7779883772070235,0 -80.63963745890835,7.776437749618635,0 -80.63178281934374,7.786508506285482,0 -80.63720079231982,7.7981288416550845,0 -80.65047299977603,7.799679454734958,0</coordinates>
          </LinearRing>
        </outerBoundaryIs>
      </Polygon>
    </Placemark>
    <Placemark>
      <name>8766a5684ffffff</name>
      <styleUrl>#h3_poly_style</styleUrl>
      <Polygon>
        <outerBoundaryIs>
          <LinearRing>
            <coordinates>-80.02778956800853,8.687942641168101,0 -80.03559193327527,8.678001203140584,0 -80.03017413222642,8.666491651054285,0 -80.01695360801628,8.664924608294676,0 -80.00915185882167,8.674867094748024,0 -80.01457001739108,8.686375575491098,0 -80.02778956800853,8.687942641168101,0</coordinates>
          </LinearRing>
        </outerBoundaryIs>
      </Polygon>
    </Placemark>
    <Placemark>
      <name>876d6171bffffff</name>
      <styleUrl>#h3_poly_style</styleUrl>
      <Polygon>
        <outerBoundaryIs>
          <LinearRing>
            <coordinates>-86.35429835964017,12.113453750814761,0 -86.36223494645829,12.103784240104186,0 -86.35709335326617,12.092855880002611,0 -86.3440143843923,12.091597793403395,0 -86.33607783189346,12.101268512308746,0 -86.34122021360237,12.112196109503678,0 -86.35429835964017,12.113453750814761,0</coordinates>
          </LinearRing>
        </outerBoundaryIs>
      </Polygon>
    </Placemark>
    <Placemark>
      <name>8766a06c9ffffff</name>
      <styleUrl>#h3_poly_style</styleUrl>
      <Polygon>
        <outerBoundaryIs>
          <LinearRing>
            <coordinates>-80.87864690608116,8.100514558674861,0 -80.88650534022426,8.090474651520033,0 -80.88109902097912,8.07889134513184,0 -80.86783384577888,8.077348969441632,0 -80.85997595370276,8.087389936009066,0 -80.86538269438267,8.098972218800306,0 -80.87864690608116,8.100514558674861,0</coordinates>
          </LinearRing>
        </outerBoundaryIs>
      </Polygon>
    </Placemark>
    <Placemark>
      <name>8766a2361ffffff</name>
      <styleUrl>#h3_poly_style</styleUrl>
      <Polygon>
        <outerBoundaryIs>
          <LinearRing>
            <coordinates>-81.33137548205707,8.021366300353058,0 -81.33925651665149,8.011304328294226,0 -81.33386137473094,7.999712433385154,0 -81.32058474302305,7.998183508996492,0 -81.31270420973016,8.008246550058248,0 -81.31809980646594,8.019837446446598,0 -81.33137548205707,8.021366300353058,0</coordinates>
          </LinearRing>
        </outerBoundaryIs>
      </Polygon>
    </Placemark>
    <Placemark>
      <name>8766b5743ffffff</name>
      <styleUrl>#h3_poly_style</styleUrl>
      <Polygon>
        <outerBoundaryIs>
          <LinearRing>
            <coordinates>-82.7192046146442,8.572556176609272,0 -82.7271287395338,8.562524963051427,0 -82.72178575675932,8.551013818360609,0 -82.7085180950496,8.549534813872885,0 -82.70059434290444,8.559567137263956,0 -82.70593787934996,8.571077355233816,0 -82.7192046146442,8.572556176609272,0</coordinates>
          </LinearRing>
        </outerBoundaryIs>
      </Polygon>
    </Placemark>
    <Placemark>
      <name>8766a06a9ffffff</name>
      <styleUrl>#h3_poly_style</styleUrl>
      <Polygon>
        <outerBoundaryIs>
          <LinearRing>
            <coordinates>-80.98327617331498,8.243999926920221,0 -80.99113585733039,8.233974475633334,0 -80.98573484855436,8.222409658596717,0 -80.97247372667262,8.220871311479526,0 -80.96461457477999,8.23089782697441,0 -80.97001601226953,8.242461625323307,0 -80.98327617331498,8.243999926920221,0</coordinates>
          </LinearRing>
        </outerBoundaryIs>
      </Polygon>
    </Placemark>
    <Placemark>
      <name>8766a04e8ffffff</name>
      <styleUrl>#h3_poly_style</styleUrl>
      <Polygon>
        <outerBoundaryIs>
          <LinearRing>
            <coordinates>-81.11526322205373,8.499552044038218,0 -81.12312252415998,8.489554083603878,0 -81.11772955200168,8.478022520321442,0 -81.10447683970284,8.47648993024799,0 -81.09661805693139,8.48648896191181,0 -81.10201146674802,8.498019512362642,0 -81.11526322205373,8.499552044038218,0</coordinates>
          </LinearRing>
        </outerBoundaryIs>
      </Polygon>
    </Placemark>
    <Placemark>
      <name>8766a319dffffff</name>
      <styleUrl>#h3_poly_style</styleUrl>
      <Polygon>
        <outerBoundaryIs>
          <LinearRing>
            <coordinates>-80.98876546746747,7.663100722241444,0 -80.9966399672774,7.653005305267716,0 -80.99122910170328,7.641367550607234,0 -80.97794330523402,7.639826227821315,0 -80.97006933902352,7.649922699486977,0 -80.97548063530398,7.661559439191837,0 -80.98876546746747,7.663100722241444,0</coordinates>
          </LinearRing>
        </outerBoundaryIs>
      </Polygon>
    </Placemark>
    <Placemark>
      <name>8766a2a1affffff</name>
      <styleUrl>#h3_poly_style</styleUrl>
      <Polygon>
        <outerBoundaryIs>
          <LinearRing>
            <coordinates>-81.38862386716154,8.22516816859156,0 -81.39650231526392,8.215129163908644,0 -81.3911123138956,8.203563444549333,0 -81.37784340564319,8.202037726455666,0 -81.36996545298969,8.212077804714875,0 -81.37535591276276,8.223642527431474,0 -81.38862386716154,8.22516816859156,0</coordinates>
          </LinearRing>
        </outerBoundaryIs>
      </Polygon>
    </Placemark>
    <Placemark>
      <name>8766a5175ffffff</name>
      <styleUrl>#h3_poly_style</styleUrl>
      <Polygon>
        <outerBoundaryIs>
          <LinearRing>
            <coordinates>-79.57021547252454,9.196482886521945,0 -79.57798148224857,9.186621808871271,0 -79.5725619481373,9.175178351018522,0 -79.55937608109198,9.173597066640077,0 -79.55161072572773,9.183459189514926,0 -79.5570305826779,9.19490155150504,0 -79.57021547252454,9.196482886521945,0</coordinates>
          </LinearRing>
        </outerBoundaryIs>
      </Polygon>
    </Placemark>
    <Placemark>
      <name>8766a076dffffff</name>
      <styleUrl>#h3_poly_style</styleUrl>
      <Polygon>
        <outerBoundaryIs>
          <LinearRing>
            <coordinates>-80.68535874826168,8.384138262463862,0 -80.69320097423325,8.37413861956793,0 -80.68779441496241,8.36259091933587,0 -80.67454522283256,8.36104389732396,0 -80.66670355534482,8.371044599522925,0 -80.67211052112707,8.382591264379055,0 -80.68535874826168,8.384138262463862,0</coordinates>
          </LinearRing>
        </outerBoundaryIs>
      </Polygon>
    </Placemark>
    <Placemark>
      <name>8766a5a91ffffff</name>
      <styleUrl>#h3_poly_style</styleUrl>
      <Polygon>
        <outerBoundaryIs>
          <LinearRing>
            <coordinates>-79.46793439257452,9.032988070293579,0 -79.47569908279073,9.023109371416492,0 -79.4702744220714,9.011644653858111,0 -79.4570847550913,9.01005973623481,0 -79.4493207288956,9.019939475620848,0 -79.45474570528806,9.031403092083652,0 -79.46793439257452,9.032988070293579,0</coordinates>
          </LinearRing>
        </outerBoundaryIs>
      </Polygon>
    </Placemark>
    <Placemark>
      <name>8766139a8ffffff</name>
      <styleUrl>#h3_poly_style</styleUrl>
      <Polygon>
        <outerBoundaryIs>
          <LinearRing>
            <coordinates>-77.76944284752452,8.250559187556892,0 -77.77712988462963,8.240641308902285,0 -77.7716590360098,8.22908610340364,0 -77.75850095801806,8.227449965322196,0 -77.75081473515232,8.237368831137138,0 -77.75628577567122,8.248922847857523,0 -77.76944284752452,8.250559187556892,0</coordinates>
          </LinearRing>
        </outerBoundaryIs>
      </Polygon>
    </Placemark>
    <Placemark>
      <name>8766b5b4affffff</name>
      <styleUrl>#h3_poly_style</styleUrl>
      <Polygon>
        <outerBoundaryIs>
          <LinearRing>
            <coordinates>-82.09264991853891,8.92691579671725,0 -82.10054051631154,8.91694341234631,0 -82.09518355925339,8.905473812629635,0 -82.08193549669879,8.90397755983178,0 -82.07404532817732,8.913951044046245,0 -82.07940279258516,8.925419681146296,0 -82.09264991853891,8.92691579671725,0</coordinates>
          </LinearRing>
        </outerBoundaryIs>
      </Polygon>
    </Placemark>
    <Placemark>
      <name>8766a5aa1ffffff</name>
      <styleUrl>#h3_poly_style</styleUrl>
      <Polygon>
        <outerBoundaryIs>
          <LinearRing>
            <coordinates>-79.3818070468763,9.08746698323617,0 -79.38956577891418,9.07759832434659,0 -79.38414018705538,9.066140794512956,0 -79.37095555354514,9.064553029102257,0 -79.36319749283179,9.074422727304308,0 -79.36862339393316,9.085879151568001,0 -79.3818070468763,9.08746698323617,0</coordinates>
          </LinearRing>
        </outerBoundaryIs>
      </Polygon>
    </Placemark>
    <Placemark>
      <name>8766a3b90ffffff</name>
      <styleUrl>#h3_poly_style</styleUrl>
      <Polygon>
        <outerBoundaryIs>
          <LinearRing>
            <coordinates>-80.61796227369496,7.729936992748897,0 -80.62581766602548,7.719859846223306,0 -80.62039804618273,7.7082298105304305,0 -80.60712263038256,7.706677957004854,0 -80.59926780495287,7.716756150349998,0 -80.60468782804419,7.72838515035078,0 -80.61796227369496,7.729936992748897,0</coordinates>
          </LinearRing>
        </outerBoundaryIs>
      </Polygon>
    </Placemark>
    <Placemark>
      <name>8766a5c56ffffff</name>
      <styleUrl>#h3_poly_style</styleUrl>
      <Polygon>
        <outerBoundaryIs>
          <LinearRing>
            <coordinates>-79.89587202868795,9.332457939653793,0 -79.90365152532713,9.322603342159354,0 -79.89824182614915,9.31117787893237,0 -79.88505228356739,9.309608092250475,0 -79.87727341209187,9.3194637442995,0 -79.88268345766306,9.330888128432756,0 -79.89587202868795,9.332457939653793,0</coordinates>
          </LinearRing>
        </outerBoundaryIs>
      </Polygon>
    </Placemark>
    <Placemark>
      <name>8766a0301ffffff</name>
      <styleUrl>#h3_poly_style</styleUrl>
      <Polygon>
        <outerBoundaryIs>
          <LinearRing>
            <coordinates>-80.45348948841253,8.476971986063015,0 -80.46131824676792,8.46699079332401,0 -80.45590730209193,8.455454546171781,0 -80.44266720941492,8.453900539849041,0 -80.43483903000185,8.463882787828098,0 -80.44025036394804,8.47541798684082,0 -80.45348948841253,8.476971986063015,0</coordinates>
          </LinearRing>
        </outerBoundaryIs>
      </Polygon>
    </Placemark>
    <Placemark>
      <name>8766b5a86ffffff</name>
      <styleUrl>#h3_poly_style</styleUrl>
      <Polygon>
        <outerBoundaryIs>
          <LinearRing>
            <coordinates>-82.42082377382717,8.876892949285029,0 -82.42872872854268,8.866905893853513,0 -82.42338124508959,8.855432417880131,0 -82.41012827538098,8.853946942059693,0 -82.40222372004921,8.863935104281135,0 -82.40757173466837,8.875407635460599,0 -82.42082377382717,8.876892949285029,0</coordinates>
          </LinearRing>
        </outerBoundaryIs>
      </Polygon>
    </Placemark>
    <Placemark>
      <name>8766a5a23ffffff</name>
      <styleUrl>#h3_poly_style</styleUrl>
      <Polygon>
        <outerBoundaryIs>
          <LinearRing>
            <coordinates>-79.25619612139458,9.137103438975235,0 -79.2639468486409,9.127245642548042,0 -79.25851942461921,9.115794762354716,0 -79.24534097305326,9.114202790603528,0 -79.23759092788225,9.124061624165043,0 -79.24301865183145,9.135511392308327,0 -79.25619612139458,9.137103438975235,0</coordinates>
          </LinearRing>
        </outerBoundaryIs>
      </Polygon>
    </Placemark>
    <Placemark>
      <name>8766b5312ffffff</name>
      <styleUrl>#h3_poly_style</styleUrl>
      <Polygon>
        <outerBoundaryIs>
          <LinearRing>
            <coordinates>-82.50224380913582,8.700986874128573,0 -82.51015639118978,8.690976403064122,0 -82.50480851249351,8.679480236951068,0 -82.49154751374243,8.677995481158295,0 -82.48363532405497,8.688007058680805,0 -82.48898374037762,8.699502285464721,0 -82.50224380913582,8.700986874128573,0</coordinates>
          </LinearRing>
        </outerBoundaryIs>
      </Polygon>
    </Placemark>
    <Placemark>
      <name>8766b1c68ffffff</name>
      <styleUrl>#h3_poly_style</styleUrl>
      <Polygon>
        <outerBoundaryIs>
          <LinearRing>
            <coordinates>-82.85839036859436,8.084596449555075,0 -82.86633205331965,8.074504307884983,0 -82.86098538155383,8.062930653998855,0 -82.8476964592704,8.06145005693402,0 -82.83975513559781,8.071543304963951,0 -82.84510237277989,8.083116043621906,0 -82.85839036859436,8.084596449555075,0</coordinates>
          </LinearRing>
        </outerBoundaryIs>
      </Polygon>
    </Placemark>
    <Placemark>
      <name>8766a3d05ffffff</name>
      <styleUrl>#h3_poly_style</styleUrl>
      <Polygon>
        <outerBoundaryIs>
          <LinearRing>
            <coordinates>-81.0589649050153,8.110484554393057,0 -81.06683141607759,8.100440773210671,0 -81.06143017944912,8.088859219678438,0 -81.04816199675653,8.087322461146368,0 -81.04029601142186,8.097367306227879,0 -81.04569768267486,8.108947845886382,0 -81.0589649050153,8.110484554393057,0</coordinates>
          </LinearRing>
        </outerBoundaryIs>
      </Polygon>
    </Placemark>
    <Placemark>
      <name>8766b1d62ffffff</name>
      <styleUrl>#h3_poly_style</styleUrl>
      <Polygon>
        <outerBoundaryIs>
          <LinearRing>
            <coordinates>-82.89610775074436,8.275187468792813,0 -82.90404600354711,8.265116823535536,0 -82.89870384835783,8.253568313768138,0 -82.88542287255262,8.252091363956138,0 -82.87748497688155,8.262163119170983,0 -82.88282769950871,8.273710714162725,0 -82.89610775074436,8.275187468792813,0</coordinates>
          </LinearRing>
        </outerBoundaryIs>
      </Polygon>
    </Placemark>
    <Placemark>
      <name>8766b5068ffffff</name>
      <styleUrl>#h3_poly_style</styleUrl>
      <Polygon>
        <outerBoundaryIs>
          <LinearRing>
            <coordinates>-82.48942567345365,8.808437534926805,0 -82.49733503481539,8.798440407986133,0 -82.49198858332593,8.786958419657019,0 -82.47873223376598,8.785474498895875,0 -82.47082326567576,8.795472733359418,0 -82.47617025349989,8.806953780988,0 -82.48942567345365,8.808437534926805,0</coordinates>
          </LinearRing>
        </outerBoundaryIs>
      </Polygon>
    </Placemark>
    <Placemark>
      <name>8766b52a2ffffff</name>
      <styleUrl>#h3_poly_style</styleUrl>
      <Polygon>
        <outerBoundaryIs>
          <LinearRing>
            <coordinates>-82.5811897692201,8.546234002324208,0 -82.58910931473677,8.536202959724974,0 -82.58376135005525,8.524687041055671,0 -82.57049329563993,8.523203098926025,0 -82.56257413562491,8.533235247798025,0 -82.56792264414868,8.544750232452783,0 -82.5811897692201,8.546234002324208,0</coordinates>
          </LinearRing>
        </outerBoundaryIs>
      </Polygon>
    </Placemark>
    <Placemark>
      <name>8766a2413ffffff</name>
      <styleUrl>#h3_poly_style</styleUrl>
      <Polygon>
        <outerBoundaryIs>
          <LinearRing>
            <coordinates>-82.2586689533769,8.203797973008315,0 -82.26658453221563,8.19373393171003,0 -82.26122035931995,8.182170632378224,0 -82.2479400854781,8.180672323382783,0 -82.24002492265073,8.190737458594137,0 -82.24538961727727,8.202299808817706,0 -82.2586689533769,8.203797973008315,0</coordinates>
          </LinearRing>
        </outerBoundaryIs>
      </Polygon>
    </Placemark>
    <Placemark>
      <name>8766a0a65ffffff</name>
      <styleUrl>#h3_poly_style</styleUrl>
      <Polygon>
        <outerBoundaryIs>
          <LinearRing>
            <coordinates>-80.13053312596827,8.667502988087564,0 -80.13834117470962,8.657555682293749,0 -80.13292549933813,8.646043549826045,0 -80.11970140974088,8.644479788977739,0 -80.11189396802625,8.65442814530409,0 -80.11731000850794,8.665939211900932,0 -80.13053312596827,8.667502988087564,0</coordinates>
          </LinearRing>
        </outerBoundaryIs>
      </Polygon>
    </Placemark>
    <Placemark>
      <name>87679b649ffffff</name>
      <styleUrl>#h3_poly_style</styleUrl>
      <Polygon>
        <outerBoundaryIs>
          <LinearRing>
            <coordinates>-82.55543887962733,9.433757370913934,0 -82.56333490012402,9.423835525003868,0 -82.55800131906962,9.412438822749376,0 -82.54477117823714,9.410964906918492,0 -82.53687554340287,9.420887869015633,0 -82.5422096633669,9.432283630682196,0 -82.55543887962733,9.433757370913934,0</coordinates>
          </LinearRing>
        </outerBoundaryIs>
      </Polygon>
    </Placemark>
    <Placemark>
      <name>8766a5c45ffffff</name>
      <styleUrl>#h3_poly_style</styleUrl>
      <Polygon>
        <outerBoundaryIs>
          <LinearRing>
            <coordinates>-79.79578398934638,9.331310858233035,0 -79.8035583755099,9.321459523728088,0 -79.79814632573171,9.310033835401015,0 -79.78495955034656,9.308460565791371,0 -79.77718579816656,9.318312952547052,0 -79.78259818701703,9.329737556619778,0 -79.79578398934638,9.331310858233035,0</coordinates>
          </LinearRing>
        </outerBoundaryIs>
      </Polygon>
    </Placemark>
    <Placemark>
      <name>8766b5a2bffffff</name>
      <styleUrl>#h3_poly_style</styleUrl>
      <Polygon>
        <outerBoundaryIs>
          <LinearRing>
            <coordinates>-82.19581648628085,8.905958065023775,0 -82.20371178579813,8.895980382594553,0 -82.19835767781183,8.88450882865149,0 -82.18510775507232,8.883015914064336,0 -82.17721287544416,8.892994698455306,0 -82.18256749829226,8.904465295401756,0 -82.19581648628085,8.905958065023775,0</coordinates>
          </LinearRing>
        </outerBoundaryIs>
      </Polygon>
    </Placemark>
    <Placemark>
      <name>8766b528bffffff</name>
      <styleUrl>#h3_poly_style</styleUrl>
      <Polygon>
        <outerBoundaryIs>
          <LinearRing>
            <coordinates>-82.55423599647465,8.433989364480711,0 -82.56215734891022,8.423945546563084,0 -82.55680658658945,8.412414625345388,0 -82.54353392916624,8.410928456646147,0 -82.53561296498836,8.420973378694885,0 -82.54096426960065,8.432503365238032,0 -82.55423599647465,8.433989364480711,0</coordinates>
          </LinearRing>
        </outerBoundaryIs>
      </Polygon>
    </Placemark>
    <Placemark>
      <name>8766a2840ffffff</name>
      <styleUrl>#h3_poly_style</styleUrl>
      <Polygon>
        <outerBoundaryIs>
          <LinearRing>
            <coordinates>-81.4544820006052,8.527718893626998,0 -81.46235572797731,8.517714850269025,0 -81.45697282834719,8.506188466443096,0 -81.44371573865257,8.504667120661846,0 -81.43584249979511,8.514672243650075,0 -81.44122586174173,8.526197632728309,0 -81.4544820006052,8.527718893626998,0</coordinates>
          </LinearRing>
        </outerBoundaryIs>
      </Polygon>
    </Placemark>
    <Placemark>
      <name>8766a28ddffffff</name>
      <styleUrl>#h3_poly_style</styleUrl>
      <Polygon>
        <outerBoundaryIs>
          <LinearRing>
            <coordinates>-81.60743805596115,8.425185220383655,0 -81.61532101153618,8.415164512409788,0 -81.60994079722876,8.403625635255912,0 -81.5966771532123,8.402108451961883,0 -81.58879467256382,8.412130241688756,0 -81.59417536062902,8.423668132893937,0 -81.60743805596115,8.425185220383655,0</coordinates>
          </LinearRing>
        </outerBoundaryIs>
      </Polygon>
    </Placemark>
    <Placemark>
      <name>8766b575bffffff</name>
      <styleUrl>#h3_poly_style</styleUrl>
      <Polygon>
        <outerBoundaryIs>
          <LinearRing>
            <coordinates>-82.74556171937714,8.520908093403927,0 -82.7534881450023,8.510870076808498,0 -82.74814515223358,8.4993523640337,0 -82.73487517771787,8.497873592692217,0 -82.72694912253394,8.507912719055488,0 -82.73229267104979,8.519429506916433,0 -82.74556171937714,8.520908093403927,0</coordinates>
          </LinearRing>
        </outerBoundaryIs>
      </Polygon>
    </Placemark>
    <Placemark>
      <name>87661666cffffff</name>
      <styleUrl>#h3_poly_style</styleUrl>
      <Polygon>
        <outerBoundaryIs>
          <LinearRing>
            <coordinates>-78.66359299669077,9.06502487576752,0 -78.67131262050995,9.055179125834474,0 -78.66587192450525,9.043720566141108,0 -78.65271134776658,9.042108898863479,0 -78.64499245771202,9.051955671139936,0 -78.65043341026279,9.063413088322898,0 -78.66359299669077,9.06502487576752,0</coordinates>
          </LinearRing>
        </outerBoundaryIs>
      </Polygon>
    </Placemark>
    <Placemark>
      <name>8766a6493ffffff</name>
      <styleUrl>#h3_poly_style</styleUrl>
      <Polygon>
        <outerBoundaryIs>
          <LinearRing>
            <coordinates>-82.2819474585065,9.197688419972915,0 -82.28983879990331,9.187744448642503,0 -82.28449241264843,9.176312879657669,0 -82.27125416352945,9.174826235837749,0 -82.26336323337735,9.184771314583646,0 -82.26871014072655,9.196201929662875,0 -82.2819474585065,9.197688419972915,0</coordinates>
          </LinearRing>
        </outerBoundaryIs>
      </Polygon>
    </Placemark>
    <Placemark>
      <name>8766a30a1ffffff</name>
      <styleUrl>#h3_poly_style</styleUrl>
      <Polygon>
        <outerBoundaryIs>
          <LinearRing>
            <coordinates>-80.95629480674118,7.593259849428513,0 -80.96416955371332,7.583157041228519,0 -80.95875660053257,7.571510599161485,0 -80.9454684714908,7.569967981509265,0 -80.93759426130114,7.580071842375317,0 -80.94300764299166,7.591717268173191,0 -80.95629480674118,7.593259849428513,0</coordinates>
          </LinearRing>
        </outerBoundaryIs>
      </Polygon>
    </Placemark>
    <Placemark>
      <name>8766a2569ffffff</name>
      <styleUrl>#h3_poly_style</styleUrl>
      <Polygon>
        <outerBoundaryIs>
          <LinearRing>
            <coordinates>-81.96716232282274,8.280313977584742,0 -81.97506411841975,8.270266356866005,0 -81.96969219734835,8.258710901735851,0 -81.9564179799516,8.25720403280577,0 -81.94851662687708,8.267252741661247,0 -81.95388904830025,8.27880723124324,0 -81.96716232282274,8.280313977584742,0</coordinates>
          </LinearRing>
        </outerBoundaryIs>
      </Polygon>
    </Placemark>
    <Placemark>
      <name>8766a5691ffffff</name>
      <styleUrl>#h3_poly_style</styleUrl>
      <Polygon>
        <outerBoundaryIs>
          <LinearRing>
            <coordinates>-80.07222523825065,8.649733583714251,0 -80.08003080310552,8.639785904367905,0 -80.0746134064637,8.628271455096678,0 -80.06139008372169,8.626705754032274,0 -80.05358513114464,8.636654482267433,0 -80.05900288865762,8.648167862633604,0 -80.07222523825065,8.649733583714251,0</coordinates>
          </LinearRing>
        </outerBoundaryIs>
      </Polygon>
    </Placemark>
    <Placemark>
      <name>8766a56deffffff</name>
      <styleUrl>#h3_poly_style</styleUrl>
      <Polygon>
        <outerBoundaryIs>
          <LinearRing>
            <coordinates>-79.94410827113136,8.536650014761165,0 -79.95191017277068,8.526692232473076,0 -79.94648774713734,8.515163289882503,0 -79.93326306777371,8.513593204922138,0 -79.92546179023198,8.52355203131528,0 -79.93088456758196,8.535079898520841,0 -79.94410827113136,8.536650014761165,0</coordinates>
          </LinearRing>
        </outerBoundaryIs>
      </Polygon>
    </Placemark>
    <Placemark>
      <name>8766b531cffffff</name>
      <styleUrl>#h3_poly_style</styleUrl>
      <Polygon>
        <outerBoundaryIs>
          <LinearRing>
            <coordinates>-82.44385390831097,8.683549537772544,0 -82.45176466322168,8.673538413176992,0 -82.44641460382915,8.662039409913987,0 -82.43315325566806,8.660552473538134,0 -82.42524289852469,8.67056470301198,0 -82.43059349140044,8.682062763910755,0 -82.44385390831097,8.683549537772544,0</coordinates>
          </LinearRing>
        </outerBoundaryIs>
      </Polygon>
    </Placemark>
    <Placemark>
      <name>8766a179effffff</name>
      <styleUrl>#h3_poly_style</styleUrl>
      <Polygon>
        <outerBoundaryIs>
          <LinearRing>
            <coordinates>-80.17522641609429,7.721917112131798,0 -80.18306033474701,7.711851876320125,0 -80.17762936426426,7.7002208264399705,0 -80.16436410412908,7.698656072095831,0 -80.15653079218502,7.708722343763922,0 -80.16196213328978,7.72035233387473,0 -80.17522641609429,7.721917112131798,0</coordinates>
          </LinearRing>
        </outerBoundaryIs>
      </Polygon>
    </Placemark>
    <Placemark>
      <name>8766a512cffffff</name>
      <styleUrl>#h3_poly_style</styleUrl>
      <Polygon>
        <outerBoundaryIs>
          <LinearRing>
            <coordinates>-79.62367587617976,9.256830473138454,0 -79.63144318212262,9.246975381387658,0 -79.62602590271064,9.235539832862665,0 -79.61284099035468,9.233960469163048,0 -79.60507433382784,9.243816608208219,0 -79.61049193986992,9.255251063618925,0 -79.62367587617976,9.256830473138454,0</coordinates>
          </LinearRing>
        </outerBoundaryIs>
      </Polygon>
    </Placemark>
    <Placemark>
      <name>8766b1d29ffffff</name>
      <styleUrl>#h3_poly_style</styleUrl>
      <Polygon>
        <outerBoundaryIs>
          <LinearRing>
            <coordinates>-82.95196801009392,8.314244532604619,0 -82.95990732379757,8.304177220920314,0 -82.9545677210687,8.292634377015045,0 -82.94128823295719,8.291159756756347,0 -82.93334927113831,8.301228180247259,0 -82.93868944517114,8.312770112112078,0 -82.95196801009392,8.314244532604619,0</coordinates>
          </LinearRing>
        </outerBoundaryIs>
      </Polygon>
    </Placemark>
    <Placemark>
      <name>8766b5a9bffffff</name>
      <styleUrl>#h3_poly_style</styleUrl>
      <Polygon>
        <outerBoundaryIs>
          <LinearRing>
            <coordinates>-82.43105580708053,8.791017678470764,0 -82.4389633389466,8.781019905105012,0 -82.43361471069534,8.76953506370257,0 -82.4203580180087,8.768048939321954,0 -82.41245088480886,8.778047818642742,0 -82.41780004525519,8.789531716316567,0 -82.43105580708053,8.791017678470764,0</coordinates>
          </LinearRing>
        </outerBoundaryIs>
      </Polygon>
    </Placemark>
    <Placemark>
      <name>8766a032bffffff</name>
      <styleUrl>#h3_poly_style</styleUrl>
      <Polygon>
        <outerBoundaryIs>
          <LinearRing>
            <coordinates>-80.4137728437196,8.472308698541042,0 -80.4215997854501,8.462328140864669,0 -80.41618775209258,8.450791240462426,0 -80.40294839026164,8.449235947928305,0 -80.3951220310443,8.459217559831211,0 -80.40053445076937,8.470753409993172,0 -80.4137728437196,8.472308698541042,0</coordinates>
          </LinearRing>
        </outerBoundaryIs>
      </Polygon>
    </Placemark>
    <Placemark>
      <name>8766a554bffffff</name>
      <styleUrl>#h3_poly_style</styleUrl>
      <Polygon>
        <outerBoundaryIs>
          <LinearRing>
            <coordinates>-79.94769605728301,9.047054403383722,0 -79.95548535958628,9.037161253466849,0 -79.95007190236936,9.025698256476844,0 -79.93686879164798,9.024129485543991,0 -79.92908011108113,9.034023687291862,0 -79.93449391912672,9.04548560809816,0 -79.94769605728301,9.047054403383722,0</coordinates>
          </LinearRing>
        </outerBoundaryIs>
      </Polygon>
    </Placemark>
    <Placemark>
      <name>8766b5060ffffff</name>
      <styleUrl>#h3_poly_style</styleUrl>
      <Polygon>
        <outerBoundaryIs>
          <LinearRing>
            <coordinates>-82.52406175094399,8.855826620011044,0 -82.53197125007185,8.845834385296936,0 -82.5266267306051,8.834359048113473,0 -82.51337217297534,8.832876884703849,0 -82.50546306382421,8.842870228328168,0 -82.51080812195222,8.854344626378236,0 -82.52406175094399,8.855826620011044,0</coordinates>
          </LinearRing>
        </outerBoundaryIs>
      </Polygon>
    </Placemark>
    <Placemark>
      <name>8766a53b6ffffff</name>
      <styleUrl>#h3_poly_style</styleUrl>
      <Polygon>
        <outerBoundaryIs>
          <LinearRing>
            <coordinates>-79.64269455928398,8.902446999779194,0 -79.65047173541642,8.89254553977539,0 -79.6450486970659,8.88106373911924,0 -79.63184815343787,8.879484490334717,0 -79.62407162653356,8.8893869929778,0 -79.62949499365683,8.900867701726535,0 -79.64269455928398,8.902446999779194,0</coordinates>
          </LinearRing>
        </outerBoundaryIs>
      </Polygon>
    </Placemark>
    <Placemark>
      <name>8766b5201ffffff</name>
      <styleUrl>#h3_poly_style</styleUrl>
      <Polygon>
        <outerBoundaryIs>
          <LinearRing>
            <coordinates>-82.41942553077993,8.549941867158891,0 -82.42733871504637,8.53991523621928,0 -82.42198558276527,8.52839837314497,0 -82.40871873366386,8.526909083741444,0 -82.40080594974754,8.536936817230263,0 -82.40615961420738,8.548452737501135,0 -82.41942553077993,8.549941867158891,0</coordinates>
          </LinearRing>
        </outerBoundaryIs>
      </Polygon>
    </Placemark>
    <Placemark>
      <name>8766a5a14ffffff</name>
      <styleUrl>#h3_poly_style</styleUrl>
      <Polygon>
        <outerBoundaryIs>
          <LinearRing>
            <coordinates>-79.33759776292007,9.125337254672942,0 -79.34535317577108,9.115475057186481,0 -79.33992728961523,9.104022518598937,0 -79.32674568431413,9.102433285317707,0 -79.31899094648655,9.112296521646845,0 -79.32441713856589,9.123747952378435,0 -79.33759776292007,9.125337254672942,0</coordinates>
          </LinearRing>
        </outerBoundaryIs>
      </Polygon>
    </Placemark>
    <Placemark>
      <name>8766b562bffffff</name>
      <styleUrl>#h3_poly_style</styleUrl>
      <Polygon>
        <outerBoundaryIs>
          <LinearRing>
            <coordinates>-82.80656612181677,8.516779249453306,0 -82.81449493401473,8.506739299381174,0 -82.80915389962509,8.495221638519059,0 -82.79588349252163,8.49374484922187,0 -82.7879550451562,8.503785910428347,0 -82.7932966396871,8.515302649721,0 -82.80656612181677,8.516779249453306,0</coordinates>
          </LinearRing>
        </outerBoundaryIs>
      </Polygon>
    </Placemark>
    <Placemark>
      <name>87679b660ffffff</name>
      <styleUrl>#h3_poly_style</styleUrl>
      <Polygon>
        <outerBoundaryIs>
          <LinearRing>
            <coordinates>-82.58230592768656,9.5446811539964,0 -82.59020015264358,9.53477245930007,0 -82.58486935140901,9.523391313101481,0 -82.5716437844007,9.521919801206087,0 -82.56374994237656,9.531829613824254,0 -82.56908128405655,9.543209820341215,0 -82.58230592768656,9.5446811539964,0</coordinates>
          </LinearRing>
        </outerBoundaryIs>
      </Polygon>
    </Placemark>
    <Placemark>
      <name>8766b528dffffff</name>
      <styleUrl>#h3_poly_style</styleUrl>
      <Polygon>
        <outerBoundaryIs>
          <LinearRing>
            <coordinates>-82.5304752958771,8.464112474329479,0 -82.53839496971464,8.454072829271267,0 -82.53304395062851,8.44254564985264,0 -82.5197727168538,8.441059051602497,0 -82.51185343338356,8.451099800646233,0 -82.51720499294545,8.462626043881126,0 -82.5304752958771,8.464112474329479,0</coordinates>
          </LinearRing>
        </outerBoundaryIs>
      </Polygon>
    </Placemark>
    <Placemark>
      <name>8766aed02ffffff</name>
      <styleUrl>#h3_poly_style</styleUrl>
      <Polygon>
        <outerBoundaryIs>
          <LinearRing>
            <coordinates>-80.18537343528342,7.447983097361651,0 -80.19321468838172,7.437884712445505,0 -80.18777923486083,7.426220261612658,0 -80.17450215584464,7.424655253322317,0 -80.16666150960333,7.434754669266558,0 -80.1720973351425,7.4464180624281475,0 -80.18537343528342,7.447983097361651,0</coordinates>
          </LinearRing>
        </outerBoundaryIs>
      </Polygon>
    </Placemark>
    <Placemark>
      <name>8766a5b89ffffff</name>
      <styleUrl>#h3_poly_style</styleUrl>
      <Polygon>
        <outerBoundaryIs>
          <LinearRing>
            <coordinates>-79.35620399595838,9.138375679335665,0 -79.36396008215087,9.12851452131078,0 -79.358534825874,9.11706365680599,0 -79.34535317577108,9.115475057186481,0 -79.33759776292007,9.125337254672942,0 -79.34302332645976,9.13678701228099,0 -79.35620399595838,9.138375679335665,0</coordinates>
          </LinearRing>
        </outerBoundaryIs>
      </Polygon>
    </Placemark>
    <Placemark>
      <name>8766a28d9ffffff</name>
      <styleUrl>#h3_poly_style</styleUrl>
      <Polygon>
        <outerBoundaryIs>
          <LinearRing>
            <coordinates>-81.60994079722876,8.403625635255912,0 -81.61782440397153,8.39360224433684,0 -81.61244389230987,8.382060588688404,0 -81.599179299524,8.380543309586704,0 -81.59129616754548,8.390567782003842,0 -81.5966771532123,8.402108451961883,0 -81.60994079722876,8.403625635255912,0</coordinates>
          </LinearRing>
        </outerBoundaryIs>
      </Polygon>
    </Placemark>
    <Placemark>
      <name>8766a25a1ffffff</name>
      <styleUrl>#h3_poly_style</styleUrl>
      <Polygon>
        <outerBoundaryIs>
          <LinearRing>
            <coordinates>-82.28063776357237,8.359526469716,0 -82.28855028456107,8.349480443029243,0 -82.28318947159534,8.337937512256707,0 -82.26991561446391,8.336441557129007,0 -82.26200350705733,8.346488680490083,0 -82.26736484282407,8.358030662234025,0 -82.28063776357237,8.359526469716,0</coordinates>
          </LinearRing>
        </outerBoundaryIs>
      </Polygon>
    </Placemark>
    <Placemark>
      <name>8766a5b46ffffff</name>
      <styleUrl>#h3_poly_style</styleUrl>
      <Polygon>
        <outerBoundaryIs>
          <LinearRing>
            <coordinates>-79.15158573804342,9.178397829478788,0 -79.15932974473336,9.168549137882438,0 -79.1539008365867,9.157103828686912,0 -79.14072762920743,9.155508328471875,0 -79.13298431351969,9.165358055391915,0 -79.13841351383904,9.176802247169434,0 -79.15158573804342,9.178397829478788,0</coordinates>
          </LinearRing>
        </outerBoundaryIs>
      </Polygon>
    </Placemark>
    <Placemark>
      <name>8766b5930ffffff</name>
      <styleUrl>#h3_poly_style</styleUrl>
      <Polygon>
        <outerBoundaryIs>
          <LinearRing>
            <coordinates>-82.51319197805958,9.450648081373316,0 -82.52108594307317,9.44072945709154,0 -82.51575128574078,9.429334637163233,0 -82.50252212719606,9.427859384330322,0 -82.49462855166198,9.437779124022306,0 -82.49996374482137,9.44917300106307,0 -82.51319197805958,9.450648081373316,0</coordinates>
          </LinearRing>
        </outerBoundaryIs>
      </Polygon>
    </Placemark>
    <Placemark>
      <name>8766a3d55ffffff</name>
      <styleUrl>#h3_poly_style</styleUrl>
      <Polygon>
        <outerBoundaryIs>
          <LinearRing>
            <coordinates>-80.98920441284181,8.014723074616317,0 -80.997070122833,8.00466968350283,0 -80.99166532287713,7.993075832096002,0 -80.97839438277673,7.9915363888672974,0 -80.97052920515141,8.001590840650017,0 -80.97593443488302,8.013183674937153,0 -80.98920441284181,8.014723074616317,0</coordinates>
          </LinearRing>
        </outerBoundaryIs>
      </Polygon>
    </Placemark>
    <Placemark>
      <name>8766a56c0ffffff</name>
      <styleUrl>#h3_poly_style</styleUrl>
      <Polygon>
        <outerBoundaryIs>
          <LinearRing>
            <coordinates>-79.89968597841275,8.574895091275742,0 -79.90748465394117,8.56494354819733,0 -79.90206184390726,8.553419500605004,0 -79.88884000960562,8.551848073879837,0 -79.8810419619589,8.561800660614367,0 -79.88646512035801,8.573323630375556,0 -79.89968597841275,8.574895091275742,0</coordinates>
          </LinearRing>
        </outerBoundaryIs>
      </Polygon>
    </Placemark>
    <Placemark>
      <name>8766a5034ffffff</name>
      <styleUrl>#h3_poly_style</styleUrl>
      <Polygon>
        <outerBoundaryIs>
          <LinearRing>
            <coordinates>-79.73553528862669,9.151491394982697,0 -79.74331106782495,9.14161881760506,0 -79.73789449050479,9.13016942598448,0 -79.72470179856384,9.128593698998639,0 -79.71692665939008,9.138467324776695,0 -79.7223435717611,9.149915629099215,0 -79.73553528862669,9.151491394982697,0</coordinates>
          </LinearRing>
        </outerBoundaryIs>
      </Polygon>
    </Placemark>
    <Placemark>
      <name>8766a5051ffffff</name>
      <styleUrl>#h3_poly_style</styleUrl>
      <Polygon>
        <outerBoundaryIs>
          <LinearRing>
            <coordinates>-79.61466364933769,8.974875011725878,0 -79.62243754388906,8.964983793857643,0 -79.61701513643183,8.953511399219115,0 -79.60381850748878,8.95193131584972,0 -79.59604526432743,8.961823576778901,0 -79.6014679983471,8.97329487797723,0 -79.61466364933769,8.974875011725878,0</coordinates>
          </LinearRing>
        </outerBoundaryIs>
      </Polygon>
    </Placemark>
    <Placemark>
      <name>8766a56d1ffffff</name>
      <styleUrl>#h3_poly_style</styleUrl>
      <Polygon>
        <outerBoundaryIs>
          <LinearRing>
            <coordinates>-79.94172913667236,8.55813122271453,0 -79.94953037974275,8.54817621462003,0 -79.94410827113136,8.536650014761165,0 -79.93088456758196,8.535079898520841,0 -79.92308394873416,8.545035951002484,0 -79.92850640883889,8.556561075294429,0 -79.94172913667236,8.55813122271453,0</coordinates>
          </LinearRing>
        </outerBoundaryIs>
      </Polygon>
    </Placemark>
    <Placemark>
      <name>8766b5398ffffff</name>
      <styleUrl>#h3_poly_style</styleUrl>
      <Polygon>
        <outerBoundaryIs>
          <LinearRing>
            <coordinates>-82.59465962020083,8.60230162560431,0 -82.60257826116838,8.592276985587587,0 -82.59723169521904,8.580768594988736,0 -82.58396594331144,8.579285778008497,0 -82.57604768646938,8.589311525350563,0 -82.58139479703473,8.600818982273228,0 -82.59465962020083,8.60230162560431,0</coordinates>
          </LinearRing>
        </outerBoundaryIs>
      </Polygon>
    </Placemark>
    <Placemark>
      <name>8766a5aa0ffffff</name>
      <styleUrl>#h3_poly_style</styleUrl>
      <Polygon>
        <outerBoundaryIs>
          <LinearRing>
            <coordinates>-79.40041600800483,9.10050893110874,0 -79.40817540968347,9.09064131215233,0 -79.40275045061468,9.079185456484053,0 -79.38956577891418,9.07759832434659,0 -79.3818070468763,9.08746698323617,0 -79.38723231652716,9.098921734293226,0 -79.40041600800483,9.10050893110874,0</coordinates>
          </LinearRing>
        </outerBoundaryIs>
      </Polygon>
    </Placemark>
    <Placemark>
      <name>8766b5674ffffff</name>
      <styleUrl>#h3_poly_style</styleUrl>
      <Polygon>
        <outerBoundaryIs>
          <LinearRing>
            <coordinates>-82.7667576498564,8.512348063170274,0 -82.77468508737635,8.50230852313048,0 -82.76934265190725,8.49078988665663,0 -82.75607222124387,8.48931171384541,0 -82.74814515223358,8.4993523640337,0 -82.7534881450023,8.510870076808498,0 -82.7667576498564,8.512348063170274,0</coordinates>
          </LinearRing>
        </outerBoundaryIs>
      </Polygon>
    </Placemark>
    <Placemark>
      <name>8766a1d8bffffff</name>
      <styleUrl>#h3_poly_style</styleUrl>
      <Polygon>
        <outerBoundaryIs>
          <LinearRing>
            <coordinates>-80.16166073279838,8.388099759245211,0 -80.16947733377053,8.378116532247649,0 -80.16405756698877,8.366568688433187,0 -80.15082083080682,8.365005134954872,0 -80.14300483517667,8.374989408860312,0 -80.1484249700112,8.386536189290766,0 -80.16166073279838,8.388099759245211,0</coordinates>
          </LinearRing>
        </outerBoundaryIs>
      </Polygon>
    </Placemark>
    <Placemark>
      <name>8766a5c75ffffff</name>
      <styleUrl>#h3_poly_style</styleUrl>
      <Polygon>
        <outerBoundaryIs>
          <LinearRing>
            <coordinates>-79.83061375236139,9.37856522093129,0 -79.83838874591478,9.368718840052733,0 -79.83297832882701,9.357299435667667,0 -79.81979257629784,9.355727494585905,0 -79.81201821346961,9.365574929139356,0 -79.81742897207431,9.376993251057357,0 -79.83061375236139,9.37856522093129,0</coordinates>
          </LinearRing>
        </outerBoundaryIs>
      </Polygon>
    </Placemark>
    <Placemark>
      <name>8766a0450ffffff</name>
      <styleUrl>#h3_poly_style</styleUrl>
      <Polygon>
        <outerBoundaryIs>
          <LinearRing>
            <coordinates>-81.08922494908195,8.551053081542163,0 -81.09708177117022,8.541062202826666,0 -81.09168896835361,8.52953720298228,0 -81.07843890746018,8.528004096259014,0 -81.0705826068877,8.537996046346347,0 -81.07597584531713,8.549520031728427,0 -81.08922494908195,8.551053081542163,0</coordinates>
          </LinearRing>
        </outerBoundaryIs>
      </Polygon>
    </Placemark>
    <Placemark>
      <name>8766a06d9ffffff</name>
      <styleUrl>#h3_poly_style</styleUrl>
      <Polygon>
        <outerBoundaryIs>
          <LinearRing>
            <coordinates>-80.93956644769231,8.096639076713371,0 -80.9474278097039,8.086596973555757,0 -80.942023070391,8.075013329718168,0 -80.92875654277661,8.073472809257678,0 -80.9208957173412,8.083515973227318,0 -80.92630088256672,8.095098596790894,0 -80.93956644769231,8.096639076713371,0</coordinates>
          </LinearRing>
        </outerBoundaryIs>
      </Polygon>
    </Placemark>
    <Placemark>
      <name>876613cd6ffffff</name>
      <styleUrl>#h3_poly_style</styleUrl>
      <Polygon>
        <outerBoundaryIs>
          <LinearRing>
            <coordinates>-78.21677609548689,7.989929330881975,0 -78.22449646181903,7.979961695818047,0 -78.21902865349851,7.9683712430029745,0 -78.20584025319548,7.966749590510005,0 -78.19812066427221,7.976718218575689,0 -78.20358869787236,7.9883075061115845,0 -78.21677609548689,7.989929330881975,0</coordinates>
          </LinearRing>
        </outerBoundaryIs>
      </Polygon>
    </Placemark>
    <Placemark>
      <name>8766a50c1ffffff</name>
      <styleUrl>#h3_poly_style</styleUrl>
      <Polygon>
        <outerBoundaryIs>
          <LinearRing>
            <coordinates>-79.70091747575054,8.920238036748321,0 -79.70869724722819,8.910336890874532,0 -79.70327584259142,8.8988573606922,0 -79.6900743330955,8.897280065235947,0 -79.68229520564653,8.907182255371046,0 -79.6877169432924,8.918660696660789,0 -79.70091747575054,8.920238036748321,0</coordinates>
          </LinearRing>
        </outerBoundaryIs>
      </Polygon>
    </Placemark>
    <Placemark>
      <name>8766a5100ffffff</name>
      <styleUrl>#h3_poly_style</styleUrl>
      <Polygon>
        <outerBoundaryIs>
          <LinearRing>
            <coordinates>-79.68653936841935,9.231993791663982,0 -79.69431058189231,9.222133309019478,0 -79.68889429168601,9.210694487644934,0 -79.67570645634743,9.209117238740925,0 -79.66793588687396,9.218978769779959,0 -79.67335250836831,9.230416501288033,0 -79.68653936841935,9.231993791663982,0</coordinates>
          </LinearRing>
        </outerBoundaryIs>
      </Polygon>
    </Placemark>
    <Placemark>
      <name>8766a0af3ffffff</name>
      <styleUrl>#h3_poly_style</styleUrl>
      <Polygon>
        <outerBoundaryIs>
          <LinearRing>
            <coordinates>-80.36200357385269,8.575146338241156,0 -80.36982540676216,8.565180180789309,0 -80.36441385081996,8.553656398778152,0 -80.35118007927723,8.552099827514509,0 -80.34335883312245,8.56206703955003,0 -80.34877077138079,8.573589768217529,0 -80.36200357385269,8.575146338241156,0</coordinates>
          </LinearRing>
        </outerBoundaryIs>
      </Polygon>
    </Placemark>
    <Placemark>
      <name>876616752ffffff</name>
      <styleUrl>#h3_poly_style</styleUrl>
      <Polygon>
        <outerBoundaryIs>
          <LinearRing>
            <coordinates>-78.7914963864341,9.177727572969053,0 -78.79922044056705,9.167891872550632,0 -78.79378421177663,9.156447420893054,0 -78.7806236627368,9.154839805489795,0 -78.77290033081044,9.164676532923169,0 -78.77833682534853,9.176119848715413,0 -78.7914963864341,9.177727572969053,0</coordinates>
          </LinearRing>
        </outerBoundaryIs>
      </Polygon>
    </Placemark>
    <Placemark>
      <name>8766b50e9ffffff</name>
      <styleUrl>#h3_poly_style</styleUrl>
      <Polygon>
        <outerBoundaryIs>
          <LinearRing>
            <coordinates>-82.61901255466329,8.735826666934662,0 -82.62692874096193,8.725817521393195,0 -82.62158525617824,8.714327075991394,0 -82.60832503882149,8.712846709320639,0 -82.60040923408344,8.722856964468857,0 -82.60575326476737,8.734346476606406,0 -82.61901255466329,8.735826666934662,0</coordinates>
          </LinearRing>
        </outerBoundaryIs>
      </Polygon>
    </Placemark>
    <Placemark>
      <name>8766a66e6ffffff</name>
      <styleUrl>#h3_poly_style</styleUrl>
      <Polygon>
        <outerBoundaryIs>
          <LinearRing>
            <coordinates>-81.83811772975797,8.865487485602083,0 -81.84599937148452,8.855514383430195,0 -81.84063359132138,8.844034694806357,0 -81.82738567991254,8.842529084178828,0 -81.81950449080715,8.85250327953387,0 -81.82487076011486,8.863981992267554,0 -81.83811772975797,8.865487485602083,0</coordinates>
          </LinearRing>
        </outerBoundaryIs>
      </Polygon>
    </Placemark>
    <Placemark>
      <name>8766a351effffff</name>
      <styleUrl>#h3_poly_style</styleUrl>
      <Polygon>
        <outerBoundaryIs>
          <LinearRing>
            <coordinates>-81.30765368100424,7.699971891029641,0 -81.3155417258878,7.689872318902962,0 -81.31014038634783,7.678239994258703,0 -81.29685054753755,7.676708239350166,0 -81.28896300714402,7.686808874573526,0 -81.29436480069187,7.6984402015501185,0 -81.30765368100424,7.699971891029641,0</coordinates>
          </LinearRing>
        </outerBoundaryIs>
      </Polygon>
    </Placemark>
    <Placemark>
      <name>8766a649effffff</name>
      <styleUrl>#h3_poly_style</styleUrl>
      <Polygon>
        <outerBoundaryIs>
          <LinearRing>
            <coordinates>-82.26336323337735,9.184771314583646,0 -82.27125416352945,9.174826235837749,0 -82.26590696854286,9.163392749579366,0 -82.25266832423023,9.16190529682376,0 -82.24477780705315,9.17185148241373,0 -82.25012552084065,9.183284013844348,0 -82.26336323337735,9.184771314583646,0</coordinates>
          </LinearRing>
        </outerBoundaryIs>
      </Polygon>
    </Placemark>
    <Placemark>
      <name>8766a5195ffffff</name>
      <styleUrl>#h3_poly_style</styleUrl>
      <Polygon>
        <outerBoundaryIs>
          <LinearRing>
            <coordinates>-79.87288251708213,9.178668569547447,0 -79.88066469719399,9.168794848954095,0 -79.87525177504023,9.157349068595337,0 -79.86205632734942,9.155778088987274,0 -79.85427477505026,9.165652861524164,0 -79.85968804225733,9.177097561682922,0 -79.87288251708213,9.178668569547447,0</coordinates>
          </LinearRing>
        </outerBoundaryIs>
      </Polygon>
    </Placemark>
    <Placemark>
      <name>8766a2365ffffff</name>
      <styleUrl>#h3_poly_style</styleUrl>
      <Polygon>
        <outerBoundaryIs>
          <LinearRing>
            <coordinates>-81.32888994217392,8.04301477359995,0 -81.33677032243686,8.032955463296087,0 -81.33137548205707,8.021366300353058,0 -81.31809980646594,8.019837446446598,0 -81.3102199276613,8.02989782604101,0 -81.31561522261185,8.041485990192202,0 -81.32888994217392,8.04301477359995,0</coordinates>
          </LinearRing>
        </outerBoundaryIs>
      </Polygon>
    </Placemark>
    <Placemark>
      <name>8766a5690ffffff</name>
      <styleUrl>#h3_poly_style</styleUrl>
      <Polygon>
        <outerBoundaryIs>
          <LinearRing>
            <coordinates>-80.0908646039091,8.662810355137907,0 -80.09867077933458,8.652863725318985,0 -80.09325406022452,8.641350965979468,0 -80.08003080310552,8.639785904367905,0 -80.07222523825065,8.649733583714251,0 -80.07764231957002,8.66124527509993,0 -80.0908646039091,8.662810355137907,0</coordinates>
          </LinearRing>
        </outerBoundaryIs>
      </Polygon>
    </Placemark>
    <Placemark>
      <name>8766b5adcffffff</name>
      <styleUrl>#h3_poly_style</styleUrl>
      <Polygon>
        <outerBoundaryIs>
          <LinearRing>
            <coordinates>-82.29569587371543,8.743163123415298,0 -82.30359928719793,8.733162972767282,0 -82.2982455260533,8.72167059112768,0 -82.28498782844603,8.720179310777235,0 -82.27708482615257,8.73018056363556,0 -82.28243910990274,8.741671994563083,0 -82.29569587371543,8.743163123415298,0</coordinates>
          </LinearRing>
        </outerBoundaryIs>
      </Polygon>
    </Placemark>
    <Placemark>
      <name>8766a1795ffffff</name>
      <styleUrl>#h3_poly_style</styleUrl>
      <Polygon>
        <outerBoundaryIs>
          <LinearRing>
            <coordinates>-80.17042155498716,7.765293609219295,0 -80.17825415151975,7.755233756341916,0 -80.17282381302388,7.743608041173607,0 -80.15956050745278,7.742043239093253,0 -80.15172851789123,7.752104128492588,0 -80.15715922655218,7.763728783405354,0 -80.17042155498716,7.765293609219295,0</coordinates>
          </LinearRing>
        </outerBoundaryIs>
      </Polygon>
    </Placemark>
    <Placemark>
      <name>8766b5225ffffff</name>
      <styleUrl>#h3_poly_style</styleUrl>
      <Polygon>
        <outerBoundaryIs>
          <LinearRing>
            <coordinates>-82.39057420536369,8.623067962826775,0 -82.39848440711428,8.613050862017099,0 -82.39313160381327,8.601543392876685,0 -82.37986806853628,8.600053969321817,0 -82.37195826959459,8.610072172980624,0 -82.37731160274609,8.621578697273199,0 -82.39057420536369,8.623067962826775,0</coordinates>
          </LinearRing>
        </outerBoundaryIs>
      </Polygon>
    </Placemark>
    <Placemark>
      <name>8766b586cffffff</name>
      <styleUrl>#h3_poly_style</styleUrl>
      <Polygon>
        <outerBoundaryIs>
          <LinearRing>
            <coordinates>-82.3030766510665,9.189230281496203,0 -82.31096904558208,9.179284700348534,0 -82.3056231799691,9.16785217861797,0 -82.29238439782564,9.166366190709466,0 -82.28449241264843,9.176312879657669,0 -82.28983879990331,9.187744448642503,0 -82.3030766510665,9.189230281496203,0</coordinates>
          </LinearRing>
        </outerBoundaryIs>
      </Polygon>
    </Placemark>
    <Placemark>
      <name>8766a06eeffffff</name>
      <styleUrl>#h3_poly_style</styleUrl>
      <Polygon>
        <outerBoundaryIs>
          <LinearRing>
            <coordinates>-80.88995888478566,8.178465640702713,0 -80.89781589087984,8.168434874900184,0 -80.89241122125361,8.15686146572526,0 -80.87914912310175,8.155319845692425,0 -80.87129265778361,8.165351672435188,0 -80.87669774946431,8.176924058216562,0 -80.88995888478566,8.178465640702713,0</coordinates>
          </LinearRing>
        </outerBoundaryIs>
      </Polygon>
    </Placemark>
    <Placemark>
      <name>8766b5653ffffff</name>
      <styleUrl>#h3_poly_style</styleUrl>
      <Polygon>
        <outerBoundaryIs>
          <LinearRing>
            <coordinates>-82.79830349476491,8.41751076202792,0 -82.80623451515181,8.407459194421461,0 -82.80089151014047,8.39592837732923,0 -82.78761692446388,8.394450049028551,0 -82.7796862699029,8.404502726251724,0 -82.78502983481762,8.416032622082366,0 -82.79830349476491,8.41751076202792,0</coordinates>
          </LinearRing>
        </outerBoundaryIs>
      </Polygon>
    </Placemark>
    <Placemark>
      <name>8766a5c44ffffff</name>
      <styleUrl>#h3_poly_style</styleUrl>
      <Polygon>
        <outerBoundaryIs>
          <LinearRing>
            <coordinates>-79.81438150086028,9.34430635423352,0 -79.82215651931752,9.334456072578146,0 -79.81674512703027,9.32303211569732,0 -79.8035583755099,9.321459523728088,0 -79.79578398934638,9.331310858233035,0 -79.80119572203834,9.342733731815537,0 -79.81438150086028,9.34430635423352,0</coordinates>
          </LinearRing>
        </outerBoundaryIs>
      </Polygon>
    </Placemark>
    <Placemark>
      <name>8766a2369ffffff</name>
      <styleUrl>#h3_poly_style</styleUrl>
      <Polygon>
        <outerBoundaryIs>
          <LinearRing>
            <coordinates>-81.29651530472954,7.973464941304523,0 -81.30439598970264,7.963398172862244,0 -81.29899903356872,7.951800091617473,0 -81.28572093968027,7.950269778876906,0 -81.27784075933202,7.9603376147099025,0 -81.28323816786948,7.971934695834064,0 -81.29651530472954,7.973464941304523,0</coordinates>
          </LinearRing>
        </outerBoundaryIs>
      </Polygon>
    </Placemark>
    <Placemark>
      <name>8766a55b1ffffff</name>
      <styleUrl>#h3_poly_style</styleUrl>
      <Polygon>
        <outerBoundaryIs>
          <LinearRing>
            <coordinates>-80.2736475606069,9.182939897310058,0 -80.2814497901818,9.173053455822561,0 -80.27604659175812,9.161608755583128,0 -80.2628407890183,9.16005155616926,0 -80.25503915176378,9.169939058881251,0 -80.2604427245561,9.181382699735128,0 -80.2736475606069,9.182939897310058,0</coordinates>
          </LinearRing>
        </outerBoundaryIs>
      </Polygon>
    </Placemark>
    <Placemark>
      <name>8766a505cffffff</name>
      <styleUrl>#h3_poly_style</styleUrl>
      <Polygon>
        <outerBoundaryIs>
          <LinearRing>
            <coordinates>-79.59604526432743,8.961823576778901,0 -79.60381850748878,8.95193131584972,0 -79.59839545338059,8.940457241150204,0 -79.5851988305158,8.938876521737491,0 -79.57742624043561,8.948769825101907,0 -79.58284961976703,8.960242805404732,0 -79.59604526432743,8.961823576778901,0</coordinates>
          </LinearRing>
        </outerBoundaryIs>
      </Polygon>
    </Placemark>
    <Placemark>
      <name>8766a14d8ffffff</name>
      <styleUrl>#h3_poly_style</styleUrl>
      <Polygon>
        <outerBoundaryIs>
          <LinearRing>
            <coordinates>-80.28738389630557,7.801039803408293,0 -80.29522141898735,7.79098079731191,0 -80.28979459288604,7.77935943574349,0 -80.27652986501641,7.777798134316083,0 -80.26869293869301,7.787858180428027,0 -80.27412014350321,7.799478487905399,0 -80.28738389630557,7.801039803408293,0</coordinates>
          </LinearRing>
        </outerBoundaryIs>
      </Polygon>
    </Placemark>
    <Placemark>
      <name>8766a5a84ffffff</name>
      <styleUrl>#h3_poly_style</styleUrl>
      <Polygon>
        <outerBoundaryIs>
          <LinearRing>
            <coordinates>-79.42369619748942,9.070901427400816,0 -79.43145758321639,9.061029163143026,0 -79.42603261450343,9.049569425422986,0 -79.41284594734256,9.04798305532422,0 -79.40508522934725,9.057856359621804,0 -79.41051051040999,9.069314993941266,0 -79.42369619748942,9.070901427400816,0</coordinates>
          </LinearRing>
        </outerBoundaryIs>
      </Polygon>
    </Placemark>
    <Placemark>
      <name>8766a2a6effffff</name>
      <styleUrl>#h3_poly_style</styleUrl>
      <Polygon>
        <outerBoundaryIs>
          <LinearRing>
            <coordinates>-81.16848558970379,8.21074112138898,0 -81.17635456421581,8.200706422534477,0 -81.17095809089737,8.189137977631303,0 -81.15769220032962,8.187605240019021,0 -81.14982374129139,8.197641006979293,0 -81.15522065697014,8.209208443388716,0 -81.16848558970379,8.21074112138898,0</coordinates>
          </LinearRing>
        </outerBoundaryIs>
      </Polygon>
    </Placemark>
    <Placemark>
      <name>8766a14f3ffffff</name>
      <styleUrl>#h3_poly_style</styleUrl>
      <Polygon>
        <outerBoundaryIs>
          <LinearRing>
            <coordinates>-80.29884018008636,7.879220070098247,0 -80.30667631713116,7.869170189156172,0 -80.30125112843253,7.857558499148247,0 -80.28798942294694,7.855997743905376,0 -80.28015388093688,7.866048666520398,0 -80.28557944900032,7.87765930265871,0 -80.29884018008636,7.879220070098247,0</coordinates>
          </LinearRing>
        </outerBoundaryIs>
      </Polygon>
    </Placemark>
    <Placemark>
      <name>8766a5789ffffff</name>
      <styleUrl>#h3_poly_style</styleUrl>
      <Polygon>
        <outerBoundaryIs>
          <LinearRing>
            <coordinates>-79.95997591386063,8.755921823658987,0 -79.96777313665426,8.74599117443826,0 -79.96235490056992,8.734490363395922,0 -79.94913908893112,8.732921276594398,0 -79.94134248795177,8.742852973677717,0 -79.94676107642336,8.754352709656679,0 -79.95997591386063,8.755921823658987,0</coordinates>
          </LinearRing>
        </outerBoundaryIs>
      </Polygon>
    </Placemark>
    <Placemark>
      <name>8766b1d76ffffff</name>
      <styleUrl>#h3_poly_style</styleUrl>
      <Polygon>
        <outerBoundaryIs>
          <LinearRing>
            <coordinates>-82.9545677210687,8.292634377015045,0 -82.96250767749963,8.282564461844956,0 -82.95716779450095,8.271018814924043,0 -82.943887383127,8.269543994813391,0 -82.93594777838928,8.279615021553807,0 -82.94128823295719,8.291159756756347,0 -82.9545677210687,8.292634377015045,0</coordinates>
          </LinearRing>
        </outerBoundaryIs>
      </Polygon>
    </Placemark>
    <Placemark>
      <name>8766a3c71ffffff</name>
      <styleUrl>#h3_poly_style</styleUrl>
      <Polygon>
        <outerBoundaryIs>
          <LinearRing>
            <coordinates>-80.98283091915017,7.893286926062272,0 -80.99069937950065,7.883219117244769,0 -80.98529231362708,7.871609998621422,0 -80.9720163573844,7.870069705510028,0 -80.9641484303894,7.8801385728260085,0 -80.96955592590353,7.891746674700022,0 -80.98283091915017,7.893286926062272,0</coordinates>
          </LinearRing>
        </outerBoundaryIs>
      </Polygon>
    </Placemark>
    <Placemark>
      <name>8766a5719ffffff</name>
      <styleUrl>#h3_poly_style</styleUrl>
      <Polygon>
        <outerBoundaryIs>
          <LinearRing>
            <coordinates>-79.87357395760924,8.810761083838072,0 -79.8813653933417,8.800840221943176,0 -79.87594607436031,8.789346483396685,0 -79.86273497335159,8.787774686407001,0 -79.8549441668598,8.797696594964155,0 -79.86036383176285,8.809189253806437,0 -79.87357395760924,8.810761083838072,0</coordinates>
          </LinearRing>
        </outerBoundaryIs>
      </Polygon>
    </Placemark>
    <Placemark>
      <name>8766a39b6ffffff</name>
      <styleUrl>#h3_poly_style</styleUrl>
      <Polygon>
        <outerBoundaryIs>
          <LinearRing>
            <coordinates>-80.85507531318366,8.130625632180063,0 -80.8629318923383,8.120590049880194,0 -80.85752545880656,8.109010494282016,0 -80.844262026118,8.107467545962558,0 -80.83640599105408,8.117504187597588,0 -80.8418128442109,8.129082718163357,0 -80.85507531318366,8.130625632180063,0</coordinates>
          </LinearRing>
        </outerBoundaryIs>
      </Polygon>
    </Placemark>
    <Placemark>
      <name>8766b5775ffffff</name>
      <styleUrl>#h3_poly_style</styleUrl>
      <Polygon>
        <outerBoundaryIs>
          <LinearRing>
            <coordinates>-82.73006869474168,8.650127748950606,0 -82.73799126152917,8.640105578254863,0 -82.73264996435087,8.628604817608418,0 -82.71938554583471,8.627127154267052,0 -82.71146335060723,8.637150436052321,0 -82.7168052019616,8.648650270013565,0 -82.73006869474168,8.650127748950606,0</coordinates>
          </LinearRing>
        </outerBoundaryIs>
      </Polygon>
    </Placemark>
    <Placemark>
      <name>8766a50f2ffffff</name>
      <styleUrl>#h3_poly_style</styleUrl>
      <Polygon>
        <outerBoundaryIs>
          <LinearRing>
            <coordinates>-79.77539990394803,8.972437867957147,0 -79.7831822345948,8.96254090538548,0 -79.77776344994976,8.951068131339134,0 -79.7645619959237,8.949493404894577,0 -79.75678030252692,8.959391414228067,0 -79.76219942553381,8.970863103203046,0 -79.77539990394803,8.972437867957147,0</coordinates>
          </LinearRing>
        </outerBoundaryIs>
      </Polygon>
    </Placemark>
    <Placemark>
      <name>8766a5052ffffff</name>
      <styleUrl>#h3_poly_style</styleUrl>
      <Polygon>
        <outerBoundaryIs>
          <LinearRing>
            <coordinates>-79.65425256853116,8.979612755553264,0 -79.66202841851702,8.96972080116275,0 -79.65660698827226,8.958248997997549,0 -79.64340937821171,8.956670240568767,0 -79.63563417611496,8.96656323901015,0 -79.64105593581755,8.978033950789644,0 -79.65425256853116,8.979612755553264,0</coordinates>
          </LinearRing>
        </outerBoundaryIs>
      </Polygon>
    </Placemark>
    <Placemark>
      <name>8766b5002ffffff</name>
      <styleUrl>#h3_poly_style</styleUrl>
      <Polygon>
        <outerBoundaryIs>
          <LinearRing>
            <coordinates>-82.70169849545884,8.886517363058765,0 -82.70961399426858,8.876524438264722,0 -82.70427580518836,8.865054944725335,0 -82.691021565621,8.863579305700892,0 -82.68310644041367,8.873573343869248,0 -82.68844518079781,8.885041907612028,0 -82.70169849545884,8.886517363058765,0</coordinates>
          </LinearRing>
        </outerBoundaryIs>
      </Polygon>
    </Placemark>
    <Placemark>
      <name>8766b5289ffffff</name>
      <styleUrl>#h3_poly_style</styleUrl>
      <Polygon>
        <outerBoundaryIs>
          <LinearRing>
            <coordinates>-82.53304395062851,8.44254564985264,0 -82.54096426960065,8.432503365238032,0 -82.53561296498836,8.420973378694885,0 -82.52234080029332,8.419486612581885,0 -82.5144208715062,8.429530000948372,0 -82.5197727168538,8.441059051602497,0 -82.53304395062851,8.44254564985264,0</coordinates>
          </LinearRing>
        </outerBoundaryIs>
      </Polygon>
    </Placemark>
    <Placemark>
      <name>8766a2313ffffff</name>
      <styleUrl>#h3_poly_style</styleUrl>
      <Polygon>
        <outerBoundaryIs>
          <LinearRing>
            <coordinates>-81.57036157062157,8.048813692688247,0 -81.5782524012315,8.038748653765587,0 -81.57286463105979,8.027161275274594,0 -81.55958555770835,8.025639921294175,0 -81.5516952065503,8.035706035386314,0 -81.55708344891423,8.0472924282274,0 -81.57036157062157,8.048813692688247,0</coordinates>
          </LinearRing>
        </outerBoundaryIs>
      </Polygon>
    </Placemark>
    <Placemark>
      <name>8766a0216ffffff</name>
      <styleUrl>#h3_poly_style</styleUrl>
      <Polygon>
        <outerBoundaryIs>
          <LinearRing>
            <coordinates>-80.5685596418516,8.348652348940574,0 -80.57639717727842,8.33865181119758,0 -80.57098696202894,8.327099356385688,0 -80.55773881294037,8.325548480754184,0 -80.54990184661514,8.335550074467,0 -80.55531245990086,8.347101487791212,0 -80.5685596418516,8.348652348940574,0</coordinates>
          </LinearRing>
        </outerBoundaryIs>
      </Polygon>
    </Placemark>
    <Placemark>
      <name>8766b1972ffffff</name>
      <styleUrl>#h3_poly_style</styleUrl>
      <Polygon>
        <outerBoundaryIs>
          <LinearRing>
            <coordinates>-82.52983305255192,8.299997011380944,0 -82.537756854737,8.289937831823277,0 -82.53240300872007,8.278389187184562,0 -82.51912481914593,8.276900657038771,0 -82.51120140779707,8.286960938293417,0 -82.51655579481027,8.298508647923525,0 -82.52983305255192,8.299997011380944,0</coordinates>
          </LinearRing>
        </outerBoundaryIs>
      </Polygon>
    </Placemark>
    <Placemark>
      <name>8766a2422ffffff</name>
      <styleUrl>#h3_poly_style</styleUrl>
      <Polygon>
        <outerBoundaryIs>
          <LinearRing>
            <coordinates>-82.19000001850496,8.272708097052059,0 -82.19791110227885,8.26265395166303,0 -82.19254594943138,8.25109905946292,0 -82.17926919590246,8.249599265937906,0 -82.17135853425775,8.25965450462101,0 -82.17672420363637,8.27120844346564,0 -82.19000001850496,8.272708097052059,0</coordinates>
          </LinearRing>
        </outerBoundaryIs>
      </Polygon>
    </Placemark>
    <Placemark>
      <name>8766a3c24ffffff</name>
      <styleUrl>#h3_poly_style</styleUrl>
      <Polygon>
        <outerBoundaryIs>
          <LinearRing>
            <coordinates>-81.06882810759953,8.023950757758833,0 -81.0766972410599,8.013896263796338,0 -81.07129478548515,8.002303798742535,0 -81.05802276048519,8.00076684043697,0 -81.05015415214928,8.010822397135446,0 -81.05555704331124,8.022413849347474,0 -81.06882810759953,8.023950757758833,0</coordinates>
          </LinearRing>
        </outerBoundaryIs>
      </Polygon>
    </Placemark>
    <Placemark>
      <name>8766a3a28ffffff</name>
      <styleUrl>#h3_poly_style</styleUrl>
      <Polygon>
        <outerBoundaryIs>
          <LinearRing>
            <coordinates>-80.36519553362207,7.6453270963594475,0 -80.37304077777588,7.63524707017936,0 -80.36761321390676,7.623606536149103,0 -80.35434002067844,7.622047077252041,0 -80.34649536648801,7.632128142552859,0 -80.35192331518425,7.643767627582755,0 -80.36519553362207,7.6453270963594475,0</coordinates>
          </LinearRing>
        </outerBoundaryIs>
      </Polygon>
    </Placemark>
    <Placemark>
      <name>8766b52b0ffffff</name>
      <styleUrl>#h3_poly_style</styleUrl>
      <Polygon>
        <outerBoundaryIs>
          <LinearRing>
            <coordinates>-82.62099122124572,8.550682542187277,0 -82.6289121766125,8.540651069027685,0 -82.62356558846815,8.529136103918734,0 -82.61029749789236,8.527653543783261,0 -82.60237692435713,8.537686124202102,0 -82.60772405919131,8.549200157422613,0 -82.62099122124572,8.550682542187277,0</coordinates>
          </LinearRing>
        </outerBoundaryIs>
      </Polygon>
    </Placemark>
    <Placemark>
      <name>8766b5952ffffff</name>
      <styleUrl>#h3_poly_style</styleUrl>
      <Polygon>
        <outerBoundaryIs>
          <LinearRing>
            <coordinates>-82.43057756160988,9.300926544453514,0 -82.43847213068237,9.29099145288781,0 -82.43313224234842,9.279575315451124,0 -82.41989725414913,9.27809521604832,0 -82.41200308248168,9.288031419561815,0 -82.41734350123608,9.299446610457434,0 -82.43057756160988,9.300926544453514,0</coordinates>
          </LinearRing>
        </outerBoundaryIs>
      </Polygon>
    </Placemark>
    <Placemark>
      <name>8766b5072ffffff</name>
      <styleUrl>#h3_poly_style</styleUrl>
      <Polygon>
        <outerBoundaryIs>
          <LinearRing>
            <coordinates>-82.60615443758316,8.843242044434833,0 -82.61406740795326,8.833246228701666,0 -82.60872534248304,8.821769992746411,0 -82.5954697616674,8.820290507099477,0 -82.58755717377507,8.830287433480429,0 -82.5928997838468,8.84176273478595,0 -82.60615443758316,8.843242044434833,0</coordinates>
          </LinearRing>
        </outerBoundaryIs>
      </Polygon>
    </Placemark>
    <Placemark>
      <name>8766b572bffffff</name>
      <styleUrl>#h3_poly_style</styleUrl>
      <Polygon>
        <outerBoundaryIs>
          <LinearRing>
            <coordinates>-82.78846178358933,8.66752959426275,0 -82.79638609700775,8.657508113530916,0 -82.79104703524483,8.646010245229634,0 -82.77778310138615,8.644534781234691,0 -82.7698591541143,8.654557374631546,0 -82.77519877418044,8.666054319281775,0 -82.78846178358933,8.66752959426275,0</coordinates>
          </LinearRing>
        </outerBoundaryIs>
      </Polygon>
    </Placemark>
    <Placemark>
      <name>8766a5a85ffffff</name>
      <styleUrl>#h3_poly_style</styleUrl>
      <Polygon>
        <outerBoundaryIs>
          <LinearRing>
            <coordinates>-79.40508522934725,9.057856359621804,0 -79.41284594734256,9.04798305532422,0 -79.4074203442674,9.036521644318315,0 -79.39423371181564,9.034934641932107,0 -79.38647366323677,9.044808985647185,0 -79.39189957732205,9.056269292294118,0 -79.40508522934725,9.057856359621804,0</coordinates>
          </LinearRing>
        </outerBoundaryIs>
      </Polygon>
    </Placemark>
    <Placemark>
      <name>8766a2a0affffff</name>
      <styleUrl>#h3_poly_style</styleUrl>
      <Polygon>
        <outerBoundaryIs>
          <LinearRing>
            <coordinates>-81.32767726450797,8.229099891124717,0 -81.33555291385258,8.219063023516531,0 -81.33016124078884,8.207497544633728,0 -81.31689346406051,8.205969933270602,0 -81.309018315689,8.216007873064251,0 -81.31441044269575,8.227572351976308,0 -81.32767726450797,8.229099891124717,0</coordinates>
          </LinearRing>
        </outerBoundaryIs>
      </Polygon>
    </Placemark>
    <Placemark>
      <name>8766b5223ffffff</name>
      <styleUrl>#h3_poly_style</styleUrl>
      <Polygon>
        <outerBoundaryIs>
          <LinearRing>
            <coordinates>-82.41430650274701,8.593012441096235,0 -82.42221839614645,8.582991122772635,0 -82.41686583746223,8.571479891186176,0 -82.40360085334041,8.56999092121932,0 -82.39568936065034,8.58001334254716,0 -82.40104245099775,8.591523630765376,0 -82.41430650274701,8.593012441096235,0</coordinates>
          </LinearRing>
        </outerBoundaryIs>
      </Polygon>
    </Placemark>
    <Placemark>
      <name>8766b525affffff</name>
      <styleUrl>#h3_poly_style</styleUrl>
      <Polygon>
        <outerBoundaryIs>
          <LinearRing>
            <coordinates>-82.355162639359,8.411651670760605,0 -82.36307679723456,8.401610036982586,0 -82.3577192426812,8.390074499233847,0 -82.34444700186584,8.388581540531597,0 -82.33653325059593,8.398624273466325,0 -82.34189133316,8.410158865875164,0 -82.355162639359,8.411651670760605,0</coordinates>
          </LinearRing>
        </outerBoundaryIs>
      </Polygon>
    </Placemark>
    <Placemark>
      <name>8766a50dbffffff</name>
      <styleUrl>#h3_poly_style</styleUrl>
      <Polygon>
        <outerBoundaryIs>
          <LinearRing>
            <coordinates>-79.74760589351465,8.860808239919338,0 -79.75538957911621,8.850897930948776,0 -79.74996820800193,8.839410687332242,0 -79.73676281434902,8.837834839023426,0 -79.72897976890705,8.847746192459892,0 -79.73440147658567,8.859232349698459,0 -79.74760589351465,8.860808239919338,0</coordinates>
          </LinearRing>
        </outerBoundaryIs>
      </Polygon>
    </Placemark>
    <Placemark>
      <name>8766a5506ffffff</name>
      <styleUrl>#h3_poly_style</styleUrl>
      <Polygon>
        <outerBoundaryIs>
          <LinearRing>
            <coordinates>-80.12903928121392,9.219869446067555,0 -80.13683339727841,9.209992488940188,0 -80.13142729742259,9.198552413063796,0 -80.11822671742331,9.196990361217381,0 -80.11043320636425,9.206868376739992,0 -80.11583966992683,9.218307385667993,0 -80.12903928121392,9.219869446067555,0</coordinates>
          </LinearRing>
        </outerBoundaryIs>
      </Polygon>
    </Placemark>
    <Placemark>
      <name>8766a50ecffffff</name>
      <styleUrl>#h3_poly_style</styleUrl>
      <Polygon>
        <outerBoundaryIs>
          <LinearRing>
            <coordinates>-79.65660698827226,8.958248997997549,0 -79.66438349606943,8.948354220955036,0 -79.65896174640713,8.936879642732167,0 -79.64576315889958,8.935300932754451,0 -79.63798729887353,8.94519675358834,0 -79.64340937821171,8.956670240568767,0 -79.65660698827226,8.958248997997549,0</coordinates>
          </LinearRing>
        </outerBoundaryIs>
      </Polygon>
    </Placemark>
    <Placemark>
      <name>8766a5b03ffffff</name>
      <styleUrl>#h3_poly_style</styleUrl>
      <Polygon>
        <outerBoundaryIs>
          <LinearRing>
            <coordinates>-79.26550566411488,9.235310438162637,0 -79.27325443947014,9.225465109461457,0 -79.26782893310212,9.214027034687506,0 -79.25465435058841,9.212435400123853,0 -79.24690625606497,9.222281767591248,0 -79.2523320628533,9.233718730820764,0 -79.26550566411488,9.235310438162637,0</coordinates>
          </LinearRing>
        </outerBoundaryIs>
      </Polygon>
    </Placemark>
    <Placemark>
      <name>8766b5029ffffff</name>
      <styleUrl>#h3_poly_style</styleUrl>
      <Polygon>
        <outerBoundaryIs>
          <LinearRing>
            <coordinates>-82.60101370510317,8.886169583827673,0 -82.60892538959591,8.87617911440186,0 -82.6035838918115,8.864708576137096,0 -82.5903301650781,8.86322944241732,0 -82.58241886342937,8.873221022897019,0 -82.58776090529639,8.884690625968043,0 -82.60101370510317,8.886169583827673,0</coordinates>
          </LinearRing>
        </outerBoundaryIs>
      </Polygon>
    </Placemark>
    <Placemark>
      <name>8766a56adffffff</name>
      <styleUrl>#h3_poly_style</styleUrl>
      <Polygon>
        <outerBoundaryIs>
          <LinearRing>
            <coordinates>-79.94847659905518,8.678533736434757,0 -79.95627517365001,8.668593675051483,0 -79.95085531854235,8.657082899246571,0 -79.93763653674834,8.655513260283582,0 -79.92983858529607,8.665454368082726,0 -79.93525879212142,8.676964068385892,0 -79.94847659905518,8.678533736434757,0</coordinates>
          </LinearRing>
        </outerBoundaryIs>
      </Polygon>
    </Placemark>
    <Placemark>
      <name>8766b5a9cffffff</name>
      <styleUrl>#h3_poly_style</styleUrl>
      <Polygon>
        <outerBoundaryIs>
          <LinearRing>
            <coordinates>-82.42593907434264,8.833966359593683,0 -82.43384531749066,8.823973941108957,0 -82.42849726165129,8.81249477844724,0 -82.4152424306094,8.811008978461901,0 -82.40733658648657,8.821002503322052,0 -82.41268517400634,8.832480721719595,0 -82.42593907434264,8.833966359593683,0</coordinates>
          </LinearRing>
        </outerBoundaryIs>
      </Polygon>
    </Placemark>
    <Placemark>
      <name>8766a502affffff</name>
      <styleUrl>#h3_poly_style</styleUrl>
      <Polygon>
        <outerBoundaryIs>
          <LinearRing>
            <coordinates>-79.66345082905816,9.078047974159952,0 -79.67122469529336,9.068168374675322,0 -79.66580519179723,9.056709385464117,0 -79.65261149177047,9.05513108668503,0 -79.64483827220498,9.065011731862487,0 -79.65025810562479,9.076469630086196,0 -79.66345082905816,9.078047974159952,0</coordinates>
          </LinearRing>
        </outerBoundaryIs>
      </Polygon>
    </Placemark>
    <Placemark>
      <name>8766a38ecffffff</name>
      <styleUrl>#h3_poly_style</styleUrl>
      <Polygon>
        <outerBoundaryIs>
          <LinearRing>
            <coordinates>-80.62447584092973,7.851557657610928,0 -80.63232850419189,7.841494930544096,0 -80.62691115215303,7.82987997581437,0 -80.61364073305825,7.828328784139133,0 -80.60578863567108,7.838392560308685,0 -80.61120639112582,7.850006479000199,0 -80.62447584092973,7.851557657610928,0</coordinates>
          </LinearRing>
        </outerBoundaryIs>
      </Polygon>
    </Placemark>
    <Placemark>
      <name>8766a0b4effffff</name>
      <styleUrl>#h3_poly_style</styleUrl>
      <Polygon>
        <outerBoundaryIs>
          <LinearRing>
            <coordinates>-80.14438523896983,8.72347224509974,0 -80.15219257877595,8.713531546836817,0 -80.14677821319559,8.702026639456912,0 -80.13355614143963,8.700463495574724,0 -80.12574940721089,8.710405245540082,0 -80.1311641387867,8.721909087639684,0 -80.14438523896983,8.72347224509974,0</coordinates>
          </LinearRing>
        </outerBoundaryIs>
      </Polygon>
    </Placemark>
    <Placemark>
      <name>8766b5a98ffffff</name>
      <styleUrl>#h3_poly_style</styleUrl>
      <Polygon>
        <outerBoundaryIs>
          <LinearRing>
            <coordinates>-82.42849726165129,8.81249477844724,0 -82.43640414912265,8.80249968149839,0 -82.43105580708053,8.791017678470764,0 -82.41780004525519,8.789531716316567,0 -82.4098935566296,8.799527919431394,0 -82.4152424306094,8.811008978461901,0 -82.42849726165129,8.81249477844724,0</coordinates>
          </LinearRing>
        </outerBoundaryIs>
      </Polygon>
    </Placemark>
    <Placemark>
      <name>8766a2c69ffffff</name>
      <styleUrl>#h3_poly_style</styleUrl>
      <Polygon>
        <outerBoundaryIs>
          <LinearRing>
            <coordinates>-81.80135904627197,8.490987838073412,0 -81.80924860439421,8.480969931972831,0 -81.80387527749943,8.46944075013855,0 -81.79061190445557,8.46793045019357,0 -81.7827228033955,8.477949443556483,0 -81.78809661794119,8.489477649537015,0 -81.80135904627197,8.490987838073412,0</coordinates>
          </LinearRing>
        </outerBoundaryIs>
      </Polygon>
    </Placemark>
    <Placemark>
      <name>8766b50e1ffffff</name>
      <styleUrl>#h3_poly_style</styleUrl>
      <Polygon>
        <outerBoundaryIs>
          <LinearRing>
            <coordinates>-82.65364059124474,8.783246018083432,0 -82.66155689248573,8.773241755789039,0 -82.65621535419824,8.76175796545817,0 -82.64295696607532,8.760279369058257,0 -82.6350410430991,8.77028474235422,0 -82.6403831296071,8.781767600973428,0 -82.65364059124474,8.783246018083432,0</coordinates>
          </LinearRing>
        </outerBoundaryIs>
      </Polygon>
    </Placemark>
    <Placemark>
      <name>8766b192cffffff</name>
      <styleUrl>#h3_poly_style</styleUrl>
      <Polygon>
        <outerBoundaryIs>
          <LinearRing>
            <coordinates>-82.54075207279415,8.377812513084853,0 -82.54867432759706,8.367762322551423,0 -82.54332216637049,8.356223927027692,0 -82.53004720845095,8.354736656960009,0 -82.52212534328561,8.364787950535478,0 -82.52747804602667,8.376325411063068,0 -82.54075207279415,8.377812513084853,0</coordinates>
          </LinearRing>
        </outerBoundaryIs>
      </Polygon>
    </Placemark>
    <Placemark>
      <name>8766a230cffffff</name>
      <styleUrl>#h3_poly_style</styleUrl>
      <Polygon>
        <outerBoundaryIs>
          <LinearRing>
            <coordinates>-81.46953091302413,8.04821840016622,0 -81.47741736814025,8.038155951094282,0 -81.47202665316284,8.026568033514703,0 -81.45874901785835,8.0250435560986,0 -81.45086305138574,8.035107077915702,0 -81.45625423119647,8.046694004342939,0 -81.46953091302413,8.04821840016622,0</coordinates>
          </LinearRing>
        </outerBoundaryIs>
      </Polygon>
    </Placemark>
    <Placemark>
      <name>8766a0ad1ffffff</name>
      <styleUrl>#h3_poly_style</styleUrl>
      <Polygon>
        <outerBoundaryIs>
          <LinearRing>
            <coordinates>-80.3668244724759,8.532160945715754,0 -80.37464761909054,8.522189277618255,0 -80.36923543888594,8.510659983099284,0 -80.35599972891649,8.50910340957663,0 -80.34817716878759,8.519076131713646,0 -80.35358973176733,8.530604373285772,0 -80.3668244724759,8.532160945715754,0</coordinates>
          </LinearRing>
        </outerBoundaryIs>
      </Polygon>
    </Placemark>
    <Placemark>
      <name>8766b52e8ffffff</name>
      <styleUrl>#h3_poly_style</styleUrl>
      <Polygon>
        <outerBoundaryIs>
          <LinearRing>
            <coordinates>-82.3949767803382,8.416127372074543,0 -82.40289239238066,8.4060852941957,0 -82.39753618589407,8.394550668256969,0 -82.38426383611953,8.393059063332132,0 -82.37634862701557,8.403102241364035,0 -82.38170536437201,8.414635924095824,0 -82.3949767803382,8.416127372074543,0</coordinates>
          </LinearRing>
        </outerBoundaryIs>
      </Polygon>
    </Placemark>
    <Placemark>
      <name>8766b5371ffffff</name>
      <styleUrl>#h3_poly_style</styleUrl>
      <Polygon>
        <outerBoundaryIs>
          <LinearRing>
            <coordinates>-82.30589662847703,8.657159979215479,0 -82.31380262467711,8.647149133045867,0 -82.30844771130538,8.635645450482269,0 -82.29518627772931,8.634153563651793,0 -82.28728069201063,8.644165511148971,0 -82.29263612901173,8.655668244078038,0 -82.30589662847703,8.657159979215479,0</coordinates>
          </LinearRing>
        </outerBoundaryIs>
      </Polygon>
    </Placemark>
    <Placemark>
      <name>8766b19b6ffffff</name>
      <styleUrl>#h3_poly_style</styleUrl>
      <Polygon>
        <outerBoundaryIs>
          <LinearRing>
            <coordinates>-82.80606862491527,8.352747320222647,0 -82.81400157580316,8.342687895278196,0 -82.80865772444473,8.331148656250907,0 -82.79538036113036,8.329669762421553,0 -82.78744777550384,8.339730296282807,0 -82.79279218755512,8.351268614980047,0 -82.80606862491527,8.352747320222647,0</coordinates>
          </LinearRing>
        </outerBoundaryIs>
      </Polygon>
    </Placemark>
    <Placemark>
      <name>8766a5601ffffff</name>
      <styleUrl>#h3_poly_style</styleUrl>
      <Polygon>
        <outerBoundaryIs>
          <LinearRing>
            <coordinates>-79.86442950556872,8.711993905019757,0 -79.87222294406045,8.70206081372115,0 -79.86680169145554,8.690554346672076,0 -79.85358665451592,8.688982050876573,0 -79.84579384647331,8.698916187126635,0 -79.85121544454765,8.710421574178637,0 -79.86442950556872,8.711993905019757,0</coordinates>
          </LinearRing>
        </outerBoundaryIs>
      </Polygon>
    </Placemark>
    <Placemark>
      <name>8766a3914ffffff</name>
      <styleUrl>#h3_poly_style</styleUrl>
      <Polygon>
        <outerBoundaryIs>
          <LinearRing>
            <coordinates>-80.7121702045513,8.146817205536674,0 -80.72001965274099,8.136787708814207,0 -80.714609697212,8.125209897682678,0 -80.70134988401996,8.123662616062838,0 -80.69350099274817,8.133693168955647,0 -80.69891135737362,8.145269947246106,0 -80.7121702045513,8.146817205536674,0</coordinates>
          </LinearRing>
        </outerBoundaryIs>
      </Polygon>
    </Placemark>
    <Placemark>
      <name>8766a2056ffffff</name>
      <styleUrl>#h3_poly_style</styleUrl>
      <Polygon>
        <outerBoundaryIs>
          <LinearRing>
            <coordinates>-81.71714119515248,8.175211032347942,0 -81.72503514708798,8.165157272711278,0 -81.71965387941893,8.15358678354617,0 -81.70637817693121,8.1520710324252,0 -81.69848469067357,8.162125872694217,0 -81.70386644084869,8.17369538338802,0 -81.71714119515248,8.175211032347942,0</coordinates>
          </LinearRing>
        </outerBoundaryIs>
      </Polygon>
    </Placemark>
    <Placemark>
      <name>8766a010dffffff</name>
      <styleUrl>#h3_poly_style</styleUrl>
      <Polygon>
        <outerBoundaryIs>
          <LinearRing>
            <coordinates>-80.66020751208694,8.784091012369442,0 -80.66803849982067,8.774141814390198,0 -80.66263820659024,8.762645678403914,0 -80.64940652161943,8.76109977853695,0 -80.64157609319372,8.771050041188568,0 -80.64697679005624,8.782545138983021,0 -80.66020751208694,8.784091012369442,0</coordinates>
          </LinearRing>
        </outerBoundaryIs>
      </Polygon>
    </Placemark>
    <Placemark>
      <name>8766b5669ffffff</name>
      <styleUrl>#h3_poly_style</styleUrl>
      <Polygon>
        <outerBoundaryIs>
          <LinearRing>
            <coordinates>-82.65506311566655,8.434333783956603,0 -82.66298831595454,8.42428759213976,0 -82.65764085634996,8.41275762852386,0 -82.64436764653401,8.411274785841044,0 -82.63644282522615,8.421322084153145,0 -82.64179083437892,8.432851118577918,0 -82.65506311566655,8.434333783956603,0</coordinates>
          </LinearRing>
        </outerBoundaryIs>
      </Polygon>
    </Placemark>
    <Placemark>
      <name>8766b5359ffffff</name>
      <styleUrl>#h3_poly_style</styleUrl>
      <Polygon>
        <outerBoundaryIs>
          <LinearRing>
            <coordinates>-82.29748228001725,8.558062602507132,0 -82.30539045031531,8.548039993516026,0 -82.30003357159335,8.536523178598358,0 -82.28676799884387,8.535029922056824,0 -82.2788602400591,8.545053630859451,0 -82.28421764213525,8.55656949632125,0 -82.29748228001725,8.558062602507132,0</coordinates>
          </LinearRing>
        </outerBoundaryIs>
      </Polygon>
    </Placemark>
    <Placemark>
      <name>8766b529dffffff</name>
      <styleUrl>#h3_poly_style</styleUrl>
      <Polygon>
        <outerBoundaryIs>
          <LinearRing>
            <coordinates>-82.5914782511813,8.460013408019366,0 -82.59940037489787,8.449971800202633,0 -82.59405127131392,8.438444627810068,0 -82.58077949875546,8.436959995998963,0 -82.57285775980701,8.447002709172217,0 -82.57820740827373,8.458528948725878,0 -82.5914782511813,8.460013408019366,0</coordinates>
          </LinearRing>
        </outerBoundaryIs>
      </Polygon>
    </Placemark>
    <Placemark>
      <name>8766b52c5ffffff</name>
      <styleUrl>#h3_poly_style</styleUrl>
      <Polygon>
        <outerBoundaryIs>
          <LinearRing>
            <coordinates>-82.43479122498795,8.420598998433318,0 -82.4427082835742,8.410556480088152,0 -82.4373534303481,8.399022771711506,0 -82.42408098443265,8.397532522681598,0 -82.41616432511653,8.407576142175436,0 -82.42151971207014,8.419108909478158,0 -82.43479122498795,8.420598998433318,0</coordinates>
          </LinearRing>
        </outerBoundaryIs>
      </Polygon>
    </Placemark>
    <Placemark>
      <name>8766a2016ffffff</name>
      <styleUrl>#h3_poly_style</styleUrl>
      <Polygon>
        <outerBoundaryIs>
          <LinearRing>
            <coordinates>-81.84770589126808,8.266737424069913,0 -81.85560305417322,8.2566912467943,0 -81.85022727059103,8.245133282676795,0 -81.83695383200796,8.243622467728217,0 -81.82905712258695,8.253669730112046,0 -81.83443339788819,8.265226722270816,0 -81.84770589126808,8.266737424069913,0</coordinates>
          </LinearRing>
        </outerBoundaryIs>
      </Polygon>
    </Placemark>
    <Placemark>
      <name>8766a5b50ffffff</name>
      <styleUrl>#h3_poly_style</styleUrl>
      <Polygon>
        <outerBoundaryIs>
          <LinearRing>
            <coordinates>-79.19342271157043,9.161887660552226,0 -79.20116941191075,9.152035321291518,0 -79.1957410927609,9.140587780474933,0 -79.18256577762683,9.138993694159012,0 -79.17481976472149,9.14884706946716,0 -79.18024837914508,9.160293495009423,0 -79.19342271157043,9.161887660552226,0</coordinates>
          </LinearRing>
        </outerBoundaryIs>
      </Polygon>
    </Placemark>
    <Placemark>
      <name>8766b5860ffffff</name>
      <styleUrl>#h3_poly_style</styleUrl>
      <Polygon>
        <outerBoundaryIs>
          <LinearRing>
            <coordinates>-82.34024149567085,9.215056881942816,0 -82.34813470367169,9.205113518106725,0 -82.34279045919969,9.19368484056426,0 -82.32955248212781,9.192200477689305,0 -82.32165968000436,9.202144950465923,0 -82.32700444870257,9.213572677105187,0 -82.34024149567085,9.215056881942816,0</coordinates>
          </LinearRing>
        </outerBoundaryIs>
      </Polygon>
    </Placemark>
    <Placemark>
      <name>87661655bffffff</name>
      <styleUrl>#h3_poly_style</styleUrl>
      <Polygon>
        <outerBoundaryIs>
          <LinearRing>
            <coordinates>-78.98221463617465,9.44852513990568,0 -78.9899425764267,9.438718084229345,0 -78.98451491473182,9.427308513883967,0 -78.97135903316003,9.425707124997446,0 -78.96363179738441,9.435515215964699,0 -78.96905973833567,9.446923660495475,0 -78.98221463617465,9.44852513990568,0</coordinates>
          </LinearRing>
        </outerBoundaryIs>
      </Polygon>
    </Placemark>
    <Placemark>
      <name>8766a069affffff</name>
      <styleUrl>#h3_poly_style</styleUrl>
      <Polygon>
        <outerBoundaryIs>
          <LinearRing>
            <coordinates>-81.1100287647322,8.193039689784504,0 -81.11789553274677,8.18300447498931,0 -81.11249712921986,8.171433570744387,0 -81.09923151916806,8.169898892800596,0 -81.09136527198147,8.179935174028557,0 -81.09676411364168,8.191505066710898,0 -81.1100287647322,8.193039689784504,0</coordinates>
          </LinearRing>
        </outerBoundaryIs>
      </Polygon>
    </Placemark>
    <Placemark>
      <name>876610780ffffff</name>
      <styleUrl>#h3_poly_style</styleUrl>
      <Polygon>
        <outerBoundaryIs>
          <LinearRing>
            <coordinates>-78.0748886918039,8.581569717803294,0 -78.08258600108495,8.571682991726886,0 -78.07712607507526,8.560166303099196,0 -78.06396862543922,8.558537513538722,0 -78.0562721027345,8.568425240148645,0 -78.06173224272148,8.579940755765668,0 -78.0748886918039,8.581569717803294,0</coordinates>
          </LinearRing>
        </outerBoundaryIs>
      </Polygon>
    </Placemark>
    <Placemark>
      <name>8766b5adaffffff</name>
      <styleUrl>#h3_poly_style</styleUrl>
      <Polygon>
        <outerBoundaryIs>
          <LinearRing>
            <coordinates>-82.31940781495413,8.71315842019212,0 -82.32731292874806,8.703154020032636,0 -82.32195940397291,8.691657860888283,0 -82.30870024061332,8.690167051086336,0 -82.30079553591611,8.700172553618566,0 -82.30614958510712,8.711667763508787,0 -82.31940781495413,8.71315842019212,0</coordinates>
          </LinearRing>
        </outerBoundaryIs>
      </Polygon>
    </Placemark>
    <Placemark>
      <name>8766b1925ffffff</name>
      <styleUrl>#h3_poly_style</styleUrl>
      <Polygon>
        <outerBoundaryIs>
          <LinearRing>
            <coordinates>-82.55680658658945,8.412414625345388,0 -82.56472858411908,8.402368171884765,0 -82.55937753652611,8.390834445902847,0 -82.54610394847666,8.389348107684755,0 -82.53818233902184,8.399395665041162,0 -82.54353392916624,8.410928456646147,0 -82.55680658658945,8.412414625345388,0</coordinates>
          </LinearRing>
        </outerBoundaryIs>
      </Polygon>
    </Placemark>
    <Placemark>
      <name>8766a380affffff</name>
      <styleUrl>#h3_poly_style</styleUrl>
      <Polygon>
        <outerBoundaryIs>
          <LinearRing>
            <coordinates>-80.65697296444789,7.921209428371078,0 -80.66482543769662,7.911154166531329,0 -80.65941013704519,7.89954792887717,0 -80.64614195714039,7.897997987668314,0 -80.6382900465879,7.908054300593316,0 -80.6437057528663,7.91965950359092,0 -80.65697296444789,7.921209428371078,0</coordinates>
          </LinearRing>
        </outerBoundaryIs>
      </Polygon>
    </Placemark>
    <Placemark>
      <name>876613d2effffff</name>
      <styleUrl>#h3_poly_style</styleUrl>
      <Polygon>
        <outerBoundaryIs>
          <LinearRing>
            <coordinates>-78.06449320455673,8.298013027617271,0 -78.07219690644777,8.288090152331131,0 -78.06673182605715,8.27653842337069,0 -78.05356282980637,8.274910743207657,0 -78.04585991681358,8.284834613645623,0 -78.05132521080436,8.296385169075386,0 -78.06449320455673,8.298013027617271,0</coordinates>
          </LinearRing>
        </outerBoundaryIs>
      </Polygon>
    </Placemark>
    <Placemark>
      <name>8766b5704ffffff</name>
      <styleUrl>#h3_poly_style</styleUrl>
      <Polygon>
        <outerBoundaryIs>
          <LinearRing>
            <coordinates>-82.84426176499768,8.70642996152961,0 -82.85218716640371,8.69641182235955,0 -82.84685063182174,8.684919700559206,0 -82.83358813329684,8.68344663876348,0 -82.82566309281145,8.693465892380823,0 -82.83100018955646,8.70495709326939,0 -82.84426176499768,8.70642996152961,0</coordinates>
          </LinearRing>
        </outerBoundaryIs>
      </Polygon>
    </Placemark>
    <Placemark>
      <name>8766a06dcffffff</name>
      <styleUrl>#h3_poly_style</styleUrl>
      <Polygon>
        <outerBoundaryIs>
          <LinearRing>
            <coordinates>-80.95577870811624,8.131377381887994,0 -80.96363994905182,8.121339028543249,0 -80.95823624909715,8.10975982394085,0 -80.94497088082313,8.108219992211897,0 -80.93711017487941,8.118259407318178,0 -80.94251430184066,8.129837592337106,0 -80.95577870811624,8.131377381887994,0</coordinates>
          </LinearRing>
        </outerBoundaryIs>
      </Polygon>
    </Placemark>
    <Placemark>
      <name>8766a5a06ffffff</name>
      <styleUrl>#h3_poly_style</styleUrl>
      <Polygon>
        <outerBoundaryIs>
          <LinearRing>
            <coordinates>-79.2980569672823,9.12056801123814,0 -79.30581037006618,9.110706586286623,0 -79.30038355055521,9.099253485225676,0 -79.2872030248583,9.097662918975342,0 -79.2794503005708,9.107525381786592,0 -79.28487742311317,9.11897737295286,0 -79.2980569672823,9.12056801123814,0</coordinates>
          </LinearRing>
        </outerBoundaryIs>
      </Polygon>
    </Placemark>
    <Placemark>
      <name>8766a2188ffffff</name>
      <styleUrl>#h3_poly_style</styleUrl>
      <Polygon>
        <outerBoundaryIs>
          <LinearRing>
            <coordinates>-81.86383127647788,8.301398426773135,0 -81.87172824097111,8.291355993990932,0 -81.86635353942158,8.27980260339557,0 -81.85308138022043,8.27829261682302,0 -81.84518486763758,8.288336135606798,0 -81.85056006196892,8.299888554895912,0 -81.86383127647788,8.301398426773135,0</coordinates>
          </LinearRing>
        </outerBoundaryIs>
      </Polygon>
    </Placemark>
    <Placemark>
      <name>8766a5b61ffffff</name>
      <styleUrl>#h3_poly_style</styleUrl>
      <Polygon>
        <outerBoundaryIs>
          <LinearRing>
            <coordinates>-79.08884833055825,9.203144059870532,0 -79.09658828323758,9.193300854043585,0 -79.09115850322279,9.181858900311132,0 -79.07798848263562,9.180261272997253,0 -79.07024922630043,9.19010551306353,0 -79.07567929383856,9.201546346171229,0 -79.08884833055825,9.203144059870532,0</coordinates>
          </LinearRing>
        </outerBoundaryIs>
      </Polygon>
    </Placemark>
    <Placemark>
      <name>8766b5213ffffff</name>
      <styleUrl>#h3_poly_style</styleUrl>
      <Polygon>
        <outerBoundaryIs>
          <LinearRing>
            <coordinates>-82.50158727484036,8.537324469139966,0 -82.50950397775573,8.527294298541062,0 -82.5041532755144,8.515776489889248,0 -82.49088533184016,8.514289790029892,0 -82.4829690217632,8.524321064926367,0 -82.48832026214701,8.535837935311426,0 -82.50158727484036,8.537324469139966,0</coordinates>
          </LinearRing>
        </outerBoundaryIs>
      </Polygon>
    </Placemark>
    <Placemark>
      <name>8766b5399ffffff</name>
      <styleUrl>#h3_poly_style</styleUrl>
      <Polygon>
        <outerBoundaryIs>
          <LinearRing>
            <coordinates>-82.57604768646938,8.589311525350563,0 -82.58396594331144,8.579285778008497,0 -82.5786185480465,8.567775498468755,0 -82.56535235224223,8.566291900790622,0 -82.557434481268,8.576318754854697,0 -82.56278241985547,8.587828099800811,0 -82.57604768646938,8.589311525350563,0</coordinates>
          </LinearRing>
        </outerBoundaryIs>
      </Polygon>
    </Placemark>
    <Placemark>
      <name>8766a5072ffffff</name>
      <styleUrl>#h3_poly_style</styleUrl>
      <Polygon>
        <outerBoundaryIs>
          <LinearRing>
            <coordinates>-79.62857683684612,9.030629083155109,0 -79.63635006565035,9.020744563071233,0 -79.63092894516623,9.00927940763222,0 -79.61773426804,9.0076998650007,0 -79.6099616891692,9.017585429284603,0 -79.61538313711935,9.029049491960471,0 -79.62857683684612,9.030629083155109,0</coordinates>
          </LinearRing>
        </outerBoundaryIs>
      </Polygon>
    </Placemark>
    <Placemark>
      <name>8766b56e4ffffff</name>
      <styleUrl>#h3_poly_style</styleUrl>
      <Polygon>
        <outerBoundaryIs>
          <LinearRing>
            <coordinates>-82.85414723729684,8.456518820464684,0 -82.86207934468402,8.446470585366,0 -82.85673887263414,8.434945449567191,0 -82.84346572905064,8.433469467311546,0 -82.83553398225078,8.44351881385466,0 -82.84087501807237,8.45504303113183,0 -82.85414723729684,8.456518820464684,0</coordinates>
          </LinearRing>
        </outerBoundaryIs>
      </Polygon>
    </Placemark>
    <Placemark>
      <name>8766a505dffffff</name>
      <styleUrl>#h3_poly_style</styleUrl>
      <Polygon>
        <outerBoundaryIs>
          <LinearRing>
            <coordinates>-79.57742624043561,8.948769825101907,0 -79.5851988305158,8.938876521737491,0 -79.57977513086088,8.927400769777659,0 -79.56657851687008,8.925819416496719,0 -79.55880658156194,8.935713761669586,0 -79.56423060510055,8.94718841827612,0 -79.57742624043561,8.948769825101907,0</coordinates>
          </LinearRing>
        </outerBoundaryIs>
      </Polygon>
    </Placemark>
    <Placemark>
      <name>8766a5053ffffff</name>
      <styleUrl>#h3_poly_style</styleUrl>
      <Polygon>
        <outerBoundaryIs>
          <LinearRing>
            <coordinates>-79.63563417611496,8.96656323901015,0 -79.64340937821171,8.956670240568767,0 -79.63798729887353,8.94519675358834,0 -79.62478968894744,8.94361735735165,0 -79.61701513643183,8.953511399219115,0 -79.62243754388906,8.964983793857643,0 -79.63563417611496,8.96656323901015,0</coordinates>
          </LinearRing>
        </outerBoundaryIs>
      </Polygon>
    </Placemark>
    <Placemark>
      <name>8766a5626ffffff</name>
      <styleUrl>#h3_poly_style</styleUrl>
      <Polygon>
        <outerBoundaryIs>
          <LinearRing>
            <coordinates>-79.87594607436031,8.789346483396685,0 -79.88373816784674,8.779422822674116,0 -79.87831853158019,8.767926318608003,0 -79.86510645531055,8.766354554763483,0 -79.85731499094165,8.77627926188221,0 -79.86273497335159,8.787774686407001,0 -79.87594607436031,8.789346483396685,0</coordinates>
          </LinearRing>
        </outerBoundaryIs>
      </Polygon>
    </Placemark>
    <Placemark>
      <name>8766a215affffff</name>
      <styleUrl>#h3_poly_style</styleUrl>
      <Polygon>
        <outerBoundaryIs>
          <LinearRing>
            <coordinates>-81.66728144898504,8.257106803770265,0 -81.67517120948334,8.247064185294137,0 -81.6697898691746,8.235503937873398,0 -81.65651828936593,8.233987290571868,0 -81.6486289988499,8.244030989733947,0 -81.65401081778343,8.255590255448325,0 -81.66728144898504,8.257106803770265,0</coordinates>
          </LinearRing>
        </outerBoundaryIs>
      </Polygon>
    </Placemark>
    <Placemark>
      <name>8766a24adffffff</name>
      <styleUrl>#h3_poly_style</styleUrl>
      <Polygon>
        <outerBoundaryIs>
          <LinearRing>
            <coordinates>-82.26122035931995,8.182170632378224,0 -82.26913658620575,8.172103961609475,0 -82.26377212379185,8.160537888259789,0 -82.25049091212801,8.159039434417375,0 -82.24257510107671,8.169107198841791,0 -82.2479400854781,8.180672323382783,0 -82.26122035931995,8.182170632378224,0</coordinates>
          </LinearRing>
        </outerBoundaryIs>
      </Polygon>
    </Placemark>
    <Placemark>
      <name>8766a39b0ffffff</name>
      <styleUrl>#h3_poly_style</styleUrl>
      <Polygon>
        <outerBoundaryIs>
          <LinearRing>
            <coordinates>-80.83640599105408,8.117504187597588,0 -80.844262026118,8.107467545962558,0 -80.83885486557539,8.095886287957558,0 -80.82559125130095,8.094342697508637,0 -80.81773576205832,8.104380397818355,0 -80.82314334089169,8.115960629848988,0 -80.83640599105408,8.117504187597588,0</coordinates>
          </LinearRing>
        </outerBoundaryIs>
      </Polygon>
    </Placemark>
    <Placemark>
      <name>8766a5698ffffff</name>
      <styleUrl>#h3_poly_style</styleUrl>
      <Polygon>
        <outerBoundaryIs>
          <LinearRing>
            <coordinates>-80.0559720106453,8.61518961764301,0 -80.06377762103286,8.60523811354973,0 -80.05835923237707,8.593719223183731,0 -80.04513487320206,8.592152906541772,0 -80.03732987667186,8.602105458610067,0 -80.04274862508507,8.613623279300976,0 -80.0559720106453,8.61518961764301,0</coordinates>
          </LinearRing>
        </outerBoundaryIs>
      </Polygon>
    </Placemark>
    <Placemark>
      <name>8766a50f3ffffff</name>
      <styleUrl>#h3_poly_style</styleUrl>
      <Polygon>
        <outerBoundaryIs>
          <LinearRing>
            <coordinates>-79.75678030252692,8.959391414228067,0 -79.7645619959237,8.949493404894577,0 -79.75914255462888,8.938018937623363,0 -79.74594108254068,8.93644356567113,0 -79.7381600280889,8.946342621142998,0 -79.74357980640792,8.957816002387702,0 -79.75678030252692,8.959391414228067,0</coordinates>
          </LinearRing>
        </outerBoundaryIs>
      </Polygon>
    </Placemark>
    <Placemark>
      <name>8766a5b21ffffff</name>
      <styleUrl>#h3_poly_style</styleUrl>
      <Polygon>
        <outerBoundaryIs>
          <LinearRing>
            <coordinates>-79.21902699158218,9.294349594315063,0 -79.22677177177941,9.28451364538927,0 -79.22134631330333,9.27308337534125,0 -79.20817577736163,9.271490168080994,0 -79.20043168178373,9.281327155544751,0 -79.20585743715841,9.292756311695973,0 -79.21902699158218,9.294349594315063,0</coordinates>
          </LinearRing>
        </outerBoundaryIs>
      </Polygon>
    </Placemark>
    <Placemark>
      <name>8766b5310ffffff</name>
      <styleUrl>#h3_poly_style</styleUrl>
      <Polygon>
        <outerBoundaryIs>
          <LinearRing>
            <coordinates>-82.48107219515205,8.709511198505801,0 -82.48898374037762,8.699502285464721,0 -82.48363532405497,8.688007058680805,0 -82.4703748260587,8.68652168539019,0 -82.46246367512062,8.69653170450779,0 -82.46781262751686,8.708025990766412,0 -82.48107219515205,8.709511198505801,0</coordinates>
          </LinearRing>
        </outerBoundaryIs>
      </Polygon>
    </Placemark>
    <Placemark>
      <name>8766a5140ffffff</name>
      <styleUrl>#h3_poly_style</styleUrl>
      <Polygon>
        <outerBoundaryIs>
          <LinearRing>
            <coordinates>-79.5563014194442,9.140838998167693,0 -79.5640680894667,9.130971189568063,0 -79.55864727208132,9.119520453626157,0 -79.54545946236773,9.11793862281195,0 -79.53769344816047,9.127807475526813,0 -79.54311458748029,9.139257114901888,0 -79.5563014194442,9.140838998167693,0</coordinates>
          </LinearRing>
        </outerBoundaryIs>
      </Polygon>
    </Placemark>
    <Placemark>
      <name>8766a16aeffffff</name>
      <styleUrl>#h3_poly_style</styleUrl>
      <Polygon>
        <outerBoundaryIs>
          <LinearRing>
            <coordinates>-80.10523523749964,7.625706028194849,0 -80.11306804246394,7.615631281438865,0 -80.10763369714236,7.603988521191444,0 -80.09436618080068,7.6024215707192955,0 -80.0865339891823,7.612497349854254,0 -80.09196870018178,7.624139047038318,0 -80.10523523749964,7.625706028194849,0</coordinates>
          </LinearRing>
        </outerBoundaryIs>
      </Polygon>
    </Placemark>
    <Placemark>
      <name>8766b5054ffffff</name>
      <styleUrl>#h3_poly_style</styleUrl>
      <Polygon>
        <outerBoundaryIs>
          <LinearRing>
            <coordinates>-82.60872534248304,8.821769992746411,0 -82.6166389558977,8.811771506933496,0 -82.61129660657606,8.800292425105727,0 -82.59804009860483,8.798812763391803,0 -82.5901268674847,8.80881235964724,0 -82.5954697616674,8.820290507099477,0 -82.60872534248304,8.821769992746411,0</coordinates>
          </LinearRing>
        </outerBoundaryIs>
      </Polygon>
    </Placemark>
    <Placemark>
      <name>8766a0361ffffff</name>
      <styleUrl>#h3_poly_style</styleUrl>
      <Polygon>
        <outerBoundaryIs>
          <LinearRing>
            <coordinates>-80.29704248522557,8.4367782145155,0 -80.30486459070602,8.426796833648066,0 -80.29944901014844,8.415255265097858,0 -80.2862109458504,8.41369613370485,0 -80.27838943344875,8.423678565473589,0 -80.28380539189101,8.435219077686952,0 -80.29704248522557,8.4367782145155,0</coordinates>
          </LinearRing>
        </outerBoundaryIs>
      </Polygon>
    </Placemark>
    <Placemark>
      <name>8766b5671ffffff</name>
      <styleUrl>#h3_poly_style</styleUrl>
      <Polygon>
        <outerBoundaryIs>
          <LinearRing>
            <coordinates>-82.75072894585881,8.477791182849273,0 -82.75865665832443,8.467747901190831,0 -82.75331310031794,8.456224554022665,0 -82.74004127319948,8.454745412748688,0 -82.73211393080142,8.46478980372253,0 -82.7374580450794,8.476312226578958,0 -82.75072894585881,8.477791182849273,0</coordinates>
          </LinearRing>
        </outerBoundaryIs>
      </Polygon>
    </Placemark>
    <Placemark>
      <name>8766a5cc5ffffff</name>
      <styleUrl>#h3_poly_style</styleUrl>
      <Polygon>
        <outerBoundaryIs>
          <LinearRing>
            <coordinates>-79.94255867867682,9.273307233258546,0 -79.95034204192852,9.263443392601372,0 -79.9449324091285,9.252010144860014,0 -79.93173906276327,9.25044181438706,0 -79.92395632079507,9.260306709877431,0 -79.92936630353691,9.271738880963978,0 -79.94255867867682,9.273307233258546,0</coordinates>
          </LinearRing>
        </outerBoundaryIs>
      </Polygon>
    </Placemark>
    <Placemark>
      <name>8766a1db0ffffff</name>
      <styleUrl>#h3_poly_style</styleUrl>
      <Polygon>
        <outerBoundaryIs>
          <LinearRing>
            <coordinates>-80.22907278488688,8.505045675999066,0 -80.23688981685636,8.49507490632064,0 -80.23147373499124,8.483542000711852,0 -80.21824024805284,8.481980924916973,0 -80.21042381496572,8.491952744954414,0 -80.21584026955965,8.503484590381387,0 -80.22907278488688,8.505045675999066,0</coordinates>
          </LinearRing>
        </outerBoundaryIs>
      </Polygon>
    </Placemark>
    <Placemark>
      <name>8766b50e3ffffff</name>
      <styleUrl>#h3_poly_style</styleUrl>
      <Polygon>
        <outerBoundaryIs>
          <LinearRing>
            <coordinates>-82.67481482557642,8.774719552163111,0 -82.68273214611642,8.764713738999495,0 -82.67739115759915,8.753229018152679,0 -82.66413229839775,8.751751040910099,0 -82.65621535419824,8.76175796545817,0 -82.66155689248573,8.773241755789039,0 -82.67481482557642,8.774719552163111,0</coordinates>
          </LinearRing>
        </outerBoundaryIs>
      </Polygon>
    </Placemark>
    <Placemark>
      <name>8766a50e6ffffff</name>
      <styleUrl>#h3_poly_style</styleUrl>
      <Polygon>
        <outerBoundaryIs>
          <LinearRing>
            <coordinates>-79.71246213035104,8.997391762599076,0 -79.72024057130471,8.987500120676314,0 -79.71482077624559,8.976030605149802,0 -79.70162220616977,8.974453819880335,0 -79.69384440790857,8.984346507466167,0 -79.69926453665853,8.995814934617874,0 -79.71246213035104,8.997391762599076,0</coordinates>
          </LinearRing>
        </outerBoundaryIs>
      </Polygon>
    </Placemark>
    <Placemark>
      <name>8766a2aaaffffff</name>
      <styleUrl>#h3_poly_style</styleUrl>
      <Polygon>
        <outerBoundaryIs>
          <LinearRing>
            <coordinates>-81.44957771859814,8.221226719177183,0 -81.45745894823372,8.211185588369109,0 -81.45207063119783,8.199619639855305,0 -81.43880062128433,8.198095815400405,0 -81.43091988156806,8.2081380211754,0 -81.43630866146896,8.219702976377677,0 -81.44957771859814,8.221226719177183,0</coordinates>
          </LinearRing>
        </outerBoundaryIs>
      </Polygon>
    </Placemark>
    <Placemark>
      <name>8766a2158ffffff</name>
      <styleUrl>#h3_poly_style</styleUrl>
      <Polygon>
        <outerBoundaryIs>
          <LinearRing>
            <coordinates>-81.6461221788738,8.26563128816617,0 -81.65401081778343,8.255590255448325,0 -81.6486289988499,8.244030989733947,0 -81.63535806357176,8.242513739582925,0 -81.6274698965479,8.252555852612536,0 -81.63285219253959,8.264114135418358,0 -81.6461221788738,8.26563128816617,0</coordinates>
          </LinearRing>
        </outerBoundaryIs>
      </Polygon>
    </Placemark>
    <Placemark>
      <name>8766a2508ffffff</name>
      <styleUrl>#h3_poly_style</styleUrl>
      <Polygon>
        <outerBoundaryIs>
          <LinearRing>
            <coordinates>-82.14254555001023,8.333003616323829,0 -82.15045319426032,8.32295786204737,0 -82.14508759145706,8.31141044347236,0 -82.13181383113083,8.309909735464457,0 -82.1239066131972,8.31995658278467,0 -82.1292727288971,8.33150304500013,0 -82.14254555001023,8.333003616323829,0</coordinates>
          </LinearRing>
        </outerBoundaryIs>
      </Polygon>
    </Placemark>
    <Placemark>
      <name>8766a14b5ffffff</name>
      <styleUrl>#h3_poly_style</styleUrl>
      <Polygon>
        <outerBoundaryIs>
          <LinearRing>
            <coordinates>-80.40610487564028,8.001476313787634,0 -80.41394322851929,7.9914381011676285,0 -80.40852285152805,7.979841655313851,0 -80.39526373431374,7.9782844706998155,0 -80.38742596639212,7.98832372970266,0 -80.39284673035034,7.999919126888664,0 -80.40610487564028,8.001476313787634,0</coordinates>
          </LinearRing>
        </outerBoundaryIs>
      </Polygon>
    </Placemark>
    <Placemark>
      <name>8766b5a26ffffff</name>
      <styleUrl>#h3_poly_style</styleUrl>
      <Polygon>
        <outerBoundaryIs>
          <LinearRing>
            <coordinates>-82.24653151980745,8.987695986114613,0 -82.25442677874788,8.977727013364266,0 -82.24907566585641,8.96626682751503,0 -82.23582877540473,8.96477656907308,0 -82.227933931501,8.974746645956941,0 -82.2332855626385,8.986205877078673,0 -82.24653151980745,8.987695986114613,0</coordinates>
          </LinearRing>
        </outerBoundaryIs>
      </Polygon>
    </Placemark>
    <Placemark>
      <name>8766a242affffff</name>
      <styleUrl>#h3_poly_style</styleUrl>
      <Polygon>
        <outerBoundaryIs>
          <LinearRing>
            <coordinates>-82.15525933292184,8.224983480723697,0 -82.16317021925497,8.21492451044685,0 -82.15780316253456,8.2033631933586,0 -82.14452470493276,8.201861801390436,0 -82.13661424404444,8.2119218634434,0 -82.14198181493649,8.223482225619454,0 -82.15525933292184,8.224983480723697,0</coordinates>
          </LinearRing>
        </outerBoundaryIs>
      </Polygon>
    </Placemark>
    <Placemark>
      <name>8766a2500ffffff</name>
      <styleUrl>#h3_poly_style</styleUrl>
      <Polygon>
        <outerBoundaryIs>
          <LinearRing>
            <coordinates>-82.17727573068198,8.380671858602856,0 -82.18518357448609,8.370630942369887,0 -82.17981987289,8.359089977194486,0 -82.16654781185937,8.357590882977838,0 -82.1586403910595,8.367632893752178,0 -82.16400460791002,8.379172904132469,0 -82.17727573068198,8.380671858602856,0</coordinates>
          </LinearRing>
        </outerBoundaryIs>
      </Polygon>
    </Placemark>
    <Placemark>
      <name>8766a5a36ffffff</name>
      <styleUrl>#h3_poly_style</styleUrl>
      <Polygon>
        <outerBoundaryIs>
          <LinearRing>
            <coordinates>-79.33293971596976,9.167949829777646,0 -79.34069381266875,9.158093334331355,0 -79.3352685717265,9.14664635965485,0 -79.32208892821693,9.145056988482727,0 -79.3143355067625,9.154914523281256,0 -79.31976105320253,9.166360389863593,0 -79.33293971596976,9.167949829777646,0</coordinates>
          </LinearRing>
        </outerBoundaryIs>
      </Polygon>
    </Placemark>
    <Placemark>
      <name>8766a1c14ffffff</name>
      <styleUrl>#h3_poly_style</styleUrl>
      <Polygon>
        <outerBoundaryIs>
          <LinearRing>
            <coordinates>-80.12195426636669,8.383407785333919,0 -80.12976899633169,8.37342521585545,0 -80.124348179725,8.361876767071111,0 -80.1111122676337,8.36031195320404,0 -80.10329814656615,8.370295568569285,0 -80.10871932831722,8.38184295186991,0 -80.12195426636669,8.383407785333919,0</coordinates>
          </LinearRing>
        </outerBoundaryIs>
      </Polygon>
    </Placemark>
    <Placemark>
      <name>8766a5b44ffffff</name>
      <styleUrl>#h3_poly_style</styleUrl>
      <Polygon>
        <outerBoundaryIs>
          <LinearRing>
            <coordinates>-79.13067085668303,9.186649112076173,0 -79.13841351383904,9.176802247169434,0 -79.13298431351969,9.165358055391915,0 -79.11981216505181,9.16376184697559,0 -79.11207020067984,9.173609746844383,0 -79.11749969162179,9.185052820133828,0 -79.13067085668303,9.186649112076173,0</coordinates>
          </LinearRing>
        </outerBoundaryIs>
      </Polygon>
    </Placemark>
    <Placemark>
      <name>876610658ffffff</name>
      <styleUrl>#h3_poly_style</styleUrl>
      <Polygon>
        <outerBoundaryIs>
          <LinearRing>
            <coordinates>-77.83951055813448,8.346211467589583,0 -77.84719950640935,8.336303236089323,0 -77.84173148159707,8.324759165424476,0 -77.82857431119643,8.323124511415063,0 -77.8208861707206,8.333033733562214,0 -77.82635439247865,8.344576619055239,0 -77.83951055813448,8.346211467589583,0</coordinates>
          </LinearRing>
        </outerBoundaryIs>
      </Polygon>
    </Placemark>
    <Placemark>
      <name>8766b5720ffffff</name>
      <styleUrl>#h3_poly_style</styleUrl>
      <Polygon>
        <outerBoundaryIs>
          <LinearRing>
            <coordinates>-82.82048885009895,8.736476016342353,0 -82.82841260659902,8.726462059420982,0 -82.82307579109857,8.714973699581778,0 -82.80981465837236,8.713500218993074,0 -82.80189126491085,8.72351529018763,0 -82.8072286407632,8.735002727620742,0 -82.82048885009895,8.736476016342353,0</coordinates>
          </LinearRing>
        </outerBoundaryIs>
      </Polygon>
    </Placemark>
    <Placemark>
      <name>8766b5019ffffff</name>
      <styleUrl>#h3_poly_style</styleUrl>
      <Polygon>
        <outerBoundaryIs>
          <LinearRing>
            <coordinates>-82.68825900406608,8.830636915107634,0 -82.69617541409967,8.820637541314435,0 -82.69083582533284,8.809160425428345,0 -82.67757927562111,8.80768361341895,0 -82.66966324055835,8.817684099597583,0 -82.67500337986279,8.829160285324651,0 -82.68825900406608,8.830636915107634,0</coordinates>
          </LinearRing>
        </outerBoundaryIs>
      </Polygon>
    </Placemark>
    <Placemark>
      <name>8766a3cb0ffffff</name>
      <styleUrl>#h3_poly_style</styleUrl>
      <Polygon>
        <outerBoundaryIs>
          <LinearRing>
            <coordinates>-81.28032322882483,7.938669973609667,0 -81.2882040641276,7.928599481177887,0 -81.28280605094298,7.916996953936043,0 -81.26952675075901,7.915465919850374,0 -81.26164642166538,7.925537478715145,0 -81.26704488616858,7.937139005174118,0 -81.28032322882483,7.938669973609667,0</coordinates>
          </LinearRing>
        </outerBoundaryIs>
      </Polygon>
    </Placemark>
    <Placemark>
      <name>8766a3d41ffffff</name>
      <styleUrl>#h3_poly_style</styleUrl>
      <Polygon>
        <outerBoundaryIs>
          <LinearRing>
            <coordinates>-80.9307192317982,7.996969474629331,0 -80.93858268288022,7.986915580702821,0 -80.93317598536139,7.975319346424882,0 -80.91990541084863,7.9737780262176425,0 -80.91204249748432,7.9838329791124245,0 -80.91744962053743,7.9954281931918105,0 -80.9307192317982,7.996969474629331,0</coordinates>
          </LinearRing>
        </outerBoundaryIs>
      </Polygon>
    </Placemark>
    <Placemark>
      <name>8766a202affffff</name>
      <styleUrl>#h3_poly_style</styleUrl>
      <Polygon>
        <outerBoundaryIs>
          <LinearRing>
            <coordinates>-81.72825695122557,8.253125350527961,0 -81.73614941335245,8.243080649276758,0 -81.73076981448607,8.231520228560672,0 -81.7174972700409,8.230005487399122,0 -81.7096052723459,8.240051270723574,0 -81.71498535428739,8.251610713072326,0 -81.72825695122557,8.253125350527961,0</coordinates>
          </LinearRing>
        </outerBoundaryIs>
      </Polygon>
    </Placemark>
    <Placemark>
      <name>8766a2506ffffff</name>
      <styleUrl>#h3_poly_style</styleUrl>
      <Polygon>
        <outerBoundaryIs>
          <LinearRing>
            <coordinates>-82.1959098810385,8.39370824334737,0 -82.20381814610379,8.383668422278376,0 -82.19845525129546,8.37212929488901,0 -82.18518357448609,8.370630942369887,0 -82.17727573068198,8.380671858602856,0 -82.18263914205012,8.392210032121408,0 -82.1959098810385,8.39370824334737,0</coordinates>
          </LinearRing>
        </outerBoundaryIs>
      </Polygon>
    </Placemark>
    <Placemark>
      <name>8766a3860ffffff</name>
      <styleUrl>#h3_poly_style</styleUrl>
      <Polygon>
        <outerBoundaryIs>
          <LinearRing>
            <coordinates>-80.51403865634245,7.937397382017748,0 -80.5218838594309,7.927348215470636,0 -80.51646512929496,7.915743844805094,0 -80.50320080062247,7.914189683139314,0 -80.4953561730361,7.9242398975870065,0 -80.5007752982427,7.935843225750602,0 -80.51403865634245,7.937397382017748,0</coordinates>
          </LinearRing>
        </outerBoundaryIs>
      </Polygon>
    </Placemark>
    <Placemark>
      <name>8766b5933ffffff</name>
      <styleUrl>#h3_poly_style</styleUrl>
      <Polygon>
        <outerBoundaryIs>
          <LinearRing>
            <coordinates>-82.51575128574078,9.429334637163233,0 -82.52364589193408,9.419413285188885,0 -82.51831095065519,9.40801556520936,0 -82.5050808667273,9.406540139785601,0 -82.4971866498333,9.416462607006142,0 -82.50252212719606,9.427859384330322,0 -82.51575128574078,9.429334637163233,0</coordinates>
          </LinearRing>
        </outerBoundaryIs>
      </Polygon>
    </Placemark>
    <Placemark>
      <name>8766a23a1ffffff</name>
      <styleUrl>#h3_poly_style</styleUrl>
      <Polygon>
        <outerBoundaryIs>
          <LinearRing>
            <coordinates>-81.61019666424555,8.05337494097272,0 -81.61808910115595,8.04330940361426,0 -81.61270257810601,8.031722798460931,0 -81.59942314268359,8.030202714107217,0 -81.59153118157744,8.040269327660392,0 -81.59691817971188,8.051854949310112,0 -81.61019666424555,8.05337494097272,0</coordinates>
          </LinearRing>
        </outerBoundaryIs>
      </Polygon>
    </Placemark>
    <Placemark>
      <name>8766a16f5ffffff</name>
      <styleUrl>#h3_poly_style</styleUrl>
      <Polygon>
        <outerBoundaryIs>
          <LinearRing>
            <coordinates>-80.03042576335551,7.5728584657518,0 -80.03825610458969,7.562779593710658,0 -80.03281903419472,7.551130495950156,0 -80.01955126191737,7.549561337038352,0 -80.01172154092609,7.559641238634204,0 -80.01715897159127,7.571289269544039,0 -80.03042576335551,7.5728584657518,0</coordinates>
          </LinearRing>
        </outerBoundaryIs>
      </Polygon>
    </Placemark>
    <Placemark>
      <name>8766a51a1ffffff</name>
      <styleUrl>#h3_poly_style</styleUrl>
      <Polygon>
        <outerBoundaryIs>
          <LinearRing>
            <coordinates>-79.78899441498017,9.211857412185964,0 -79.79677144774116,9.201990819409598,0 -79.79135715470078,9.19054936640269,0 -79.77816548969147,9.188975590694579,0 -79.77038909200097,9.198843233942247,0 -79.77580372387767,9.210283602385061,0 -79.78899441498017,9.211857412185964,0</coordinates>
          </LinearRing>
        </outerBoundaryIs>
      </Polygon>
    </Placemark>
    <Placemark>
      <name>876613800ffffff</name>
      <styleUrl>#h3_poly_style</styleUrl>
      <Polygon>
        <outerBoundaryIs>
          <LinearRing>
            <coordinates>-77.69935083661217,8.15481519656764,0 -77.70703593774955,8.144887695198047,0 -77.70156228006766,8.133321443210264,0 -77.6884033340354,8.131683884951007,0 -77.68071905357695,8.141612369948495,0 -77.68619289810418,8.15317742956267,0 -77.69935083661217,8.15481519656764,0</coordinates>
          </LinearRing>
        </outerBoundaryIs>
      </Polygon>
    </Placemark>
    <Placemark>
      <name>8766167a0ffffff</name>
      <styleUrl>#h3_poly_style</styleUrl>
      <Polygon>
        <outerBoundaryIs>
          <LinearRing>
            <coordinates>-78.96113903358818,9.27382950829633,0 -78.96887017108656,9.264000201134593,0 -78.96343901557992,9.252567768125175,0 -78.95027644417985,9.250965769349415,0 -78.9425460137794,9.26079610884217,0 -78.94797744731206,9.272227414748029,0 -78.96113903358818,9.27382950829633,0</coordinates>
          </LinearRing>
        </outerBoundaryIs>
      </Polygon>
    </Placemark>
    <Placemark>
      <name>8766a2054ffffff</name>
      <styleUrl>#h3_poly_style</styleUrl>
      <Polygon>
        <outerBoundaryIs>
          <LinearRing>
            <coordinates>-81.69597360624452,8.183747567279319,0 -81.70386644084869,8.17369538338802,0 -81.69848469067357,8.162125872694217,0 -81.6852096245787,8.160609525508127,0 -81.67731725755907,8.170662789658039,0 -81.68269948867268,8.182231320671855,0 -81.69597360624452,8.183747567279319,0</coordinates>
          </LinearRing>
        </outerBoundaryIs>
      </Polygon>
    </Placemark>
    <Placemark>
      <name>8766a06d0ffffff</name>
      <styleUrl>#h3_poly_style</styleUrl>
      <Polygon>
        <outerBoundaryIs>
          <LinearRing>
            <coordinates>-80.99311297412747,8.15760623179486,0 -81.00097527984968,8.147570003945171,0 -80.99557304948904,8.135994229617133,0 -80.9823080833584,8.134455700785875,0 -80.9744463091633,8.144492991711383,0 -80.97984896919462,8.156067748337108,0 -80.99311297412747,8.15760623179486,0</coordinates>
          </LinearRing>
        </outerBoundaryIs>
      </Polygon>
    </Placemark>
    <Placemark>
      <name>8766a1494ffffff</name>
      <styleUrl>#h3_poly_style</styleUrl>
      <Polygon>
        <outerBoundaryIs>
          <LinearRing>
            <coordinates>-80.45072291386637,7.962870716893052,0 -80.45856440801442,7.95282649441401,0 -80.45314449739058,7.941225254817807,0 -80.43988270189456,7.939669283715177,0 -80.43204178884316,7.949714552997704,0 -80.43746208981388,7.961314746530816,0 -80.45072291386637,7.962870716893052,0</coordinates>
          </LinearRing>
        </outerBoundaryIs>
      </Polygon>
    </Placemark>
    <Placemark>
      <name>8766b515affffff</name>
      <styleUrl>#h3_poly_style</styleUrl>
      <Polygon>
        <outerBoundaryIs>
          <LinearRing>
            <coordinates>-82.57985024666347,8.89467953042931,0 -82.58776090529639,8.884690625968043,0 -82.58241886342937,8.873221022897019,0 -82.56916562002209,8.871741260593412,0 -82.56125534615342,8.881731275724908,0 -82.56659793055414,8.893199942415452,0 -82.57985024666347,8.89467953042931,0</coordinates>
          </LinearRing>
        </outerBoundaryIs>
      </Polygon>
    </Placemark>
    <Placemark>
      <name>8766a0360ffffff</name>
      <styleUrl>#h3_poly_style</styleUrl>
      <Polygon>
        <outerBoundaryIs>
          <LinearRing>
            <coordinates>-80.31569474668315,8.449875538986934,0 -80.32351744352704,8.439895209669555,0 -80.3181025553375,8.428355329329545,0 -80.30486459070602,8.426796833648066,0 -80.29704248522557,8.4367782145155,0 -80.30245775263786,8.44831703946705,0 -80.31569474668315,8.449875538986934,0</coordinates>
          </LinearRing>
        </outerBoundaryIs>
      </Polygon>
    </Placemark>
    <Placemark>
      <name>8766a3908ffffff</name>
      <styleUrl>#h3_poly_style</styleUrl>
      <Polygon>
        <outerBoundaryIs>
          <LinearRing>
            <coordinates>-80.61881542112732,8.081173797102954,0 -80.62666206745013,8.071139026157436,0 -80.62124853198607,8.059552783409275,0 -80.6079879474121,8.058002349116045,0 -80.60014186664532,8.068038172911946,0 -80.60555580451944,8.079623378100019,0 -80.61881542112732,8.081173797102954,0</coordinates>
          </LinearRing>
        </outerBoundaryIs>
      </Polygon>
    </Placemark>
    <Placemark>
      <name>8766b5868ffffff</name>
      <styleUrl>#h3_poly_style</styleUrl>
      <Polygon>
        <outerBoundaryIs>
          <LinearRing>
            <coordinates>-82.3056231799691,9.16785217861797,0 -82.31351621816071,9.157903881636772,0 -82.30817006541969,9.146468489204645,0 -82.29493035221729,9.144982346188565,0 -82.28703772318791,9.154931750783545,0 -82.29238439782564,9.166366190709466,0 -82.3056231799691,9.16785217861797,0</coordinates>
          </LinearRing>
        </outerBoundaryIs>
      </Polygon>
    </Placemark>
    <Placemark>
      <name>8766b1905ffffff</name>
      <styleUrl>#h3_poly_style</styleUrl>
      <Polygon>
        <outerBoundaryIs>
          <LinearRing>
            <coordinates>-82.58314714142136,8.360683026830264,0 -82.5910714604391,8.350629783331648,0 -82.5857203869126,8.33908952147314,0 -82.57244444936426,8.337603435596689,0 -82.56452051612587,8.347657782894602,0 -82.5698721342809,8.359197112195666,0 -82.58314714142136,8.360683026830264,0</coordinates>
          </LinearRing>
        </outerBoundaryIs>
      </Polygon>
    </Placemark>
    <Placemark>
      <name>8766b5016ffffff</name>
      <styleUrl>#h3_poly_style</styleUrl>
      <Polygon>
        <outerBoundaryIs>
          <LinearRing>
            <coordinates>-82.76004780196143,8.90387969135485,0 -82.76796505278548,8.893887440545344,0 -82.76262909037585,8.882420873854434,0 -82.7493753213454,8.880947484674744,0 -82.74145843872361,8.890940850408104,0 -82.74679495655671,8.902406490320914,0 -82.76004780196143,8.90387969135485,0</coordinates>
          </LinearRing>
        </outerBoundaryIs>
      </Polygon>
    </Placemark>
    <Placemark>
      <name>8766a2d96ffffff</name>
      <styleUrl>#h3_poly_style</styleUrl>
      <Polygon>
        <outerBoundaryIs>
          <LinearRing>
            <coordinates>-82.22124445317077,8.691216984745775,0 -82.22914621146873,8.681212428857263,0 -82.22378921291273,8.669712551991193,0 -82.21052993827698,8.668218185347422,0 -82.20262859812058,8.678223841042083,0 -82.20798611408352,8.689722763504301,0 -82.22124445317077,8.691216984745775,0</coordinates>
          </LinearRing>
        </outerBoundaryIs>
      </Polygon>
    </Placemark>
    <Placemark>
      <name>8766a55b3ffffff</name>
      <styleUrl>#h3_poly_style</styleUrl>
      <Polygon>
        <outerBoundaryIs>
          <LinearRing>
            <coordinates>-80.29465549725107,9.174609961074085,0 -80.30245897193421,9.164721769354905,0 -80.29705614943504,9.15327601083566,0 -80.28384947595553,9.151719502267671,0 -80.27604659175812,9.161608755583128,0 -80.2814497901818,9.173053455822561,0 -80.29465549725107,9.174609961074085,0</coordinates>
          </LinearRing>
        </outerBoundaryIs>
      </Polygon>
    </Placemark>
    <Placemark>
      <name>8766a661effffff</name>
      <styleUrl>#h3_poly_style</styleUrl>
      <Polygon>
        <outerBoundaryIs>
          <LinearRing>
            <coordinates>-81.87282288481285,8.912889389739595,0 -81.88070477902784,8.902921188941031,0 -81.8753408611678,8.891448046066676,0 -81.86209455721104,8.88994407819462,0 -81.854213112321,8.899913373585932,0 -81.85957752168842,8.911385542190361,0 -81.87282288481285,8.912889389739595,0</coordinates>
          </LinearRing>
        </outerBoundaryIs>
      </Polygon>
    </Placemark>
    <Placemark>
      <name>8766107b1ffffff</name>
      <styleUrl>#h3_poly_style</styleUrl>
      <Polygon>
        <outerBoundaryIs>
          <LinearRing>
            <coordinates>-78.0912665693817,8.61610752201565,0 -78.09896400045533,8.606224655995955,0 -78.09350496384998,8.594712169164216,0 -78.08034828066744,8.593083720487538,0 -78.07265163459961,8.602967588036448,0 -78.07811088634058,8.614478902712733,0 -78.0912665693817,8.61610752201565,0</coordinates>
          </LinearRing>
        </outerBoundaryIs>
      </Polygon>
    </Placemark>
    <Placemark>
      <name>8766b5ac2ffffff</name>
      <styleUrl>#h3_poly_style</styleUrl>
      <Polygon>
        <outerBoundaryIs>
          <LinearRing>
            <coordinates>-82.29314657883742,8.764650146422003,0 -82.3010493468206,8.7546526747982,0 -82.29569587371543,8.743163123415298,0 -82.28243910990274,8.741671994563083,0 -82.27453675328528,8.751670568614204,0 -82.27989074874026,8.763159169019287,0 -82.29314657883742,8.764650146422003,0</coordinates>
          </LinearRing>
        </outerBoundaryIs>
      </Polygon>
    </Placemark>
    <Placemark>
      <name>8766a5550ffffff</name>
      <styleUrl>#h3_poly_style</styleUrl>
      <Polygon>
        <outerBoundaryIs>
          <LinearRing>
            <coordinates>-80.0407650134025,9.1121721561144,0 -80.04855739891507,9.10228427455459,0 -80.04314729317682,9.090829892072845,0 -80.02994444405635,9.089264462522888,0 -80.02215267178863,9.099153398977341,0 -80.0275631350241,9.110606710042479,0 -80.0407650134025,9.1121721561144,0</coordinates>
          </LinearRing>
        </outerBoundaryIs>
      </Polygon>
    </Placemark>
    <Placemark>
      <name>8766a390dffffff</name>
      <styleUrl>#h3_poly_style</styleUrl>
      <Polygon>
        <outerBoundaryIs>
          <LinearRing>
            <coordinates>-80.59771038156411,8.08965650000527,0 -80.60555580451944,8.079623378100019,0 -80.60014186664532,8.068038172911946,0 -80.58688210460136,8.066487128321436,0 -80.57903724906967,8.076521302709734,0 -80.58445158778129,8.088105469155062,0 -80.59771038156411,8.08965650000527,0</coordinates>
          </LinearRing>
        </outerBoundaryIs>
      </Polygon>
    </Placemark>
    <Placemark>
      <name>8766a5686ffffff</name>
      <styleUrl>#h3_poly_style</styleUrl>
      <Polygon>
        <outerBoundaryIs>
          <LinearRing>
            <coordinates>-80.04881239857541,8.679567606026122,0 -80.05661603577533,8.669624435359387,0 -80.05119859380977,8.6581138130585,0 -80.03797715518697,8.656547431594635,0 -80.03017413222642,8.666491651054285,0 -80.03559193327527,8.678001203140584,0 -80.04881239857541,8.679567606026122,0</coordinates>
          </LinearRing>
        </outerBoundaryIs>
      </Polygon>
    </Placemark>
    <Placemark>
      <name>8766a5058ffffff</name>
      <styleUrl>#h3_poly_style</styleUrl>
      <Polygon>
        <outerBoundaryIs>
          <LinearRing>
            <coordinates>-79.59839545338059,8.940457241150204,0 -79.60616935462329,8.930562156482557,0 -79.60074598040885,8.919085310268127,0 -79.58754837913912,8.917504642936864,0 -79.57977513086088,8.927400769777659,0 -79.5851988305158,8.938876521737491,0 -79.59839545338059,8.940457241150204,0</coordinates>
          </LinearRing>
        </outerBoundaryIs>
      </Polygon>
    </Placemark>
    <Placemark>
      <name>8766a6618ffffff</name>
      <styleUrl>#h3_poly_style</styleUrl>
      <Polygon>
        <outerBoundaryIs>
          <LinearRing>
            <coordinates>-81.854213112321,8.899913373585932,0 -81.86209455721104,8.88994407819462,0 -81.85672985448738,8.878469076029175,0 -81.84348321629774,8.876964344388302,0 -81.83560222246403,8.886934733776929,0 -81.84096741538923,8.898408760743159,0 -81.854213112321,8.899913373585932,0</coordinates>
          </LinearRing>
        </outerBoundaryIs>
      </Polygon>
    </Placemark>
    <Placemark>
      <name>8766a0236ffffff</name>
      <styleUrl>#h3_poly_style</styleUrl>
      <Polygon>
        <outerBoundaryIs>
          <LinearRing>
            <coordinates>-80.54262579760635,8.400184485521523,0 -80.55046079342203,8.39019108308446,0 -80.54505080084401,8.378645158168279,0 -80.53180541607186,8.377093678725474,0 -80.52397099149607,8.387088137324096,0 -80.52938138007671,8.39863301915393,0 -80.54262579760635,8.400184485521523,0</coordinates>
          </LinearRing>
        </outerBoundaryIs>
      </Polygon>
    </Placemark>
    <Placemark>
      <name>8766aeda5ffffff</name>
      <styleUrl>#h3_poly_style</styleUrl>
      <Polygon>
        <outerBoundaryIs>
          <LinearRing>
            <coordinates>-80.26503568200918,7.457365430726867,0 -80.27288066884627,7.447265852401567,0 -80.26744735022993,7.435602457712791,0 -80.25416866651219,7.4340396946667004,0 -80.2463242793466,7.44414030616753,0 -80.25175797584842,7.45580264749305,0 -80.26503568200918,7.457365430726867,0</coordinates>
          </LinearRing>
        </outerBoundaryIs>
      </Polygon>
    </Placemark>
    <Placemark>
      <name>8766a2c9bffffff</name>
      <styleUrl>#h3_poly_style</styleUrl>
      <Polygon>
        <outerBoundaryIs>
          <LinearRing>
            <coordinates>-82.18827591581757,8.45841239669374,0 -82.19618223829974,8.44838053926336,0 -82.19082021336487,8.436849798426692,0 -82.17755134977793,8.435351869667779,0 -82.16964544908201,8.445384822988913,0 -82.17500798981105,8.456914609108688,0 -82.18827591581757,8.45841239669374,0</coordinates>
          </LinearRing>
        </outerBoundaryIs>
      </Polygon>
    </Placemark>
    <Placemark>
      <name>8766a5986ffffff</name>
      <styleUrl>#h3_poly_style</styleUrl>
      <Polygon>
        <outerBoundaryIs>
          <LinearRing>
            <coordinates>-79.67219063502912,9.542563318504971,0 -79.6799533082364,9.532743862857767,0 -79.6745421235677,9.521346182446635,0 -79.66136793574631,9.519769048193234,0 -79.65360590650532,9.529589556050269,0 -79.65901742074932,9.540986145910278,0 -79.67219063502912,9.542563318504971,0</coordinates>
          </LinearRing>
        </outerBoundaryIs>
      </Polygon>
    </Placemark>
    <Placemark>
      <name>8766a58d9ffffff</name>
      <styleUrl>#h3_poly_style</styleUrl>
      <Polygon>
        <outerBoundaryIs>
          <LinearRing>
            <coordinates>-79.54692138032274,9.226056825443155,0 -79.55468542135957,9.216200395573916,0 -79.54926588451872,9.204760828785089,0 -79.53608198519991,9.203178788894787,0 -79.52831860043999,9.213036263867446,0 -79.53373845835102,9.22447473358826,0 -79.54692138032274,9.226056825443155,0</coordinates>
          </LinearRing>
        </outerBoundaryIs>
      </Polygon>
    </Placemark>
    <Placemark>
      <name>8766a50d3ffffff</name>
      <styleUrl>#h3_poly_style</styleUrl>
      <Polygon>
        <outerBoundaryIs>
          <LinearRing>
            <coordinates>-79.78249156008332,8.908311877381118,0 -79.79027586324537,8.8984064703017,0 -79.78485612434524,8.886925367777716,0 -79.77165174288857,8.8853507569132,0 -79.76386807661406,8.895257209978729,0 -79.76928815453603,8.906737227881381,0 -79.78249156008332,8.908311877381118,0</coordinates>
          </LinearRing>
        </outerBoundaryIs>
      </Polygon>
    </Placemark>
    <Placemark>
      <name>876610782ffffff</name>
      <styleUrl>#h3_poly_style</styleUrl>
      <Polygon>
        <outerBoundaryIs>
          <LinearRing>
            <coordinates>-78.0957436845206,8.573311269561337,0 -78.1034424419432,8.563422687689794,0 -78.09798273145802,8.551904827121552,0 -78.08482404765762,8.550276720345279,0 -78.07712607507526,8.560166303099196,0 -78.08258600108495,8.571682991726886,0 -78.0957436845206,8.573311269561337,0</coordinates>
          </LinearRing>
        </outerBoundaryIs>
      </Polygon>
    </Placemark>
    <Placemark>
      <name>8766b5351ffffff</name>
      <styleUrl>#h3_poly_style</styleUrl>
      <Polygon>
        <outerBoundaryIs>
          <LinearRing>
            <coordinates>-82.33216933810895,8.605600674098383,0 -82.34007768031275,8.595582929266172,0 -82.33472271648384,8.584072660471952,0 -82.32145888437825,8.582581084327737,0 -82.31355095038354,8.592599930417315,0 -82.31890643991028,8.604109251322457,0 -82.33216933810895,8.605600674098383,0</coordinates>
          </LinearRing>
        </outerBoundaryIs>
      </Polygon>
    </Placemark>
    <Placemark>
      <name>8766a2b98ffffff</name>
      <styleUrl>#h3_poly_style</styleUrl>
      <Polygon>
        <outerBoundaryIs>
          <LinearRing>
            <coordinates>-81.49805711509569,8.325241110834556,0 -81.505937847199,8.31521124041956,0 -81.50055272175717,8.303658880248356,0 -81.4872863977435,8.30213738172332,0 -81.47940615082598,8.312168329831602,0 -81.48479174235973,8.323719698710276,0 -81.49805711509569,8.325241110834556,0</coordinates>
          </LinearRing>
        </outerBoundaryIs>
      </Polygon>
    </Placemark>
    <Placemark>
      <name>8766b5235ffffff</name>
      <styleUrl>#h3_poly_style</styleUrl>
      <Polygon>
        <outerBoundaryIs>
          <LinearRing>
            <coordinates>-82.45153707065816,8.619002687136579,0 -82.45944976025258,8.608983576637483,0 -82.45409884209919,8.597476100420089,0 -82.44083469971936,8.595988676157196,0 -82.43292240735184,8.60600889087084,0 -82.43827385976242,8.617515425560152,0 -82.45153707065816,8.619002687136579,0</coordinates>
          </LinearRing>
        </outerBoundaryIs>
      </Polygon>
    </Placemark>
    <Placemark>
      <name>8766a5d6bffffff</name>
      <styleUrl>#h3_poly_style</styleUrl>
      <Polygon>
        <outerBoundaryIs>
          <LinearRing>
            <coordinates>-79.74207811843232,9.4541320919331,0 -79.74984664471988,9.444298616153688,0 -79.74443550580168,9.43288919139607,0 -79.73125550534948,9.431314329387625,0 -79.72348761726211,9.44114885781761,0 -79.72889909105614,9.452557195564122,0 -79.74207811843232,9.4541320919331,0</coordinates>
          </LinearRing>
        </outerBoundaryIs>
      </Polygon>
    </Placemark>
    <Placemark>
      <name>8766a3c80ffffff</name>
      <styleUrl>#h3_poly_style</styleUrl>
      <Polygon>
        <outerBoundaryIs>
          <LinearRing>
            <coordinates>-81.24544891720727,7.890724024307783,0 -81.25332939369417,7.880648745821157,0 -81.24792957092748,7.869040066825762,0 -81.23464882239328,7.867507668639437,0 -81.22676885544112,7.877584011928005,0 -81.23216912711024,7.889191688542941,0 -81.24544891720727,7.890724024307783,0</coordinates>
          </LinearRing>
        </outerBoundaryIs>
      </Polygon>
    </Placemark>
    <Placemark>
      <name>8766a2a91ffffff</name>
      <styleUrl>#h3_poly_style</styleUrl>
      <Polygon>
        <outerBoundaryIs>
          <LinearRing>
            <coordinates>-81.53169347410352,8.208753546861892,0 -81.53957860309806,8.198708708836612,0 -81.53419245191625,8.18714155371591,0 -81.52092070247109,8.18562022533459,0 -81.5130360559613,8.195666140090394,0 -81.51842267603487,8.207232306435332,0 -81.53169347410352,8.208753546861892,0</coordinates>
          </LinearRing>
        </outerBoundaryIs>
      </Polygon>
    </Placemark>
    <Placemark>
      <name>8766a5c0dffffff</name>
      <styleUrl>#h3_poly_style</styleUrl>
      <Polygon>
        <outerBoundaryIs>
          <LinearRing>
            <coordinates>-79.89113345200022,9.375001075812735,0 -79.89891163795166,9.365152165316367,0 -79.8935025706599,9.353732339852153,0 -79.88031497109397,9.35216250419105,0 -79.87253741055201,9.362012469696271,0 -79.8779468237953,9.373431215810676,0 -79.89113345200022,9.375001075812735,0</coordinates>
          </LinearRing>
        </outerBoundaryIs>
      </Polygon>
    </Placemark>
    <Placemark>
      <name>8766a044effffff</name>
      <styleUrl>#h3_poly_style</styleUrl>
      <Polygon>
        <outerBoundaryIs>
          <LinearRing>
            <coordinates>-81.01219124867059,8.520331945579903,0 -81.0200453203251,8.51033950583869,0 -81.01464987105331,8.498810245289151,0 -81.00139991968095,8.497274442876819,0 -80.99354637660038,8.507267951722824,0 -80.99894225594244,8.518796193820622,0 -81.01219124867059,8.520331945579903,0</coordinates>
          </LinearRing>
        </outerBoundaryIs>
      </Polygon>
    </Placemark>
    <Placemark>
      <name>8766a2a92ffffff</name>
      <styleUrl>#h3_poly_style</styleUrl>
      <Polygon>
        <outerBoundaryIs>
          <LinearRing>
            <coordinates>-81.57150662091561,8.213314677870486,0 -81.5793933618441,8.203269327746304,0 -81.5740084513556,8.19170295489484,0 -81.56073632778099,8.190182918745233,0 -81.55285006569697,8.200229346616982,0 -81.55823544796608,8.211794732828633,0 -81.57150662091561,8.213314677870486,0</coordinates>
          </LinearRing>
        </outerBoundaryIs>
      </Polygon>
    </Placemark>
    <Placemark>
      <name>8766b560affffff</name>
      <styleUrl>#h3_poly_style</styleUrl>
      <Polygon>
        <outerBoundaryIs>
          <LinearRing>
            <coordinates>-82.85155596345234,8.478086750581289,0 -82.85948742804541,8.46804113956543,0 -82.85414723729684,8.456518820464684,0 -82.84087501807237,8.45504303113183,0 -82.83294391425572,8.465089753818622,0 -82.83828466851244,8.476611154090179,0 -82.85155596345234,8.478086750581289,0</coordinates>
          </LinearRing>
        </outerBoundaryIs>
      </Polygon>
    </Placemark>
    <Placemark>
      <name>8766b522affffff</name>
      <styleUrl>#h3_poly_style</styleUrl>
      <Polygon>
        <outerBoundaryIs>
          <LinearRing>
            <coordinates>-82.39824747594004,8.558477815956211,0 -82.40615961420738,8.548452737501135,0 -82.40080594974754,8.536936817230263,0 -82.38753961602242,8.535446919349564,0 -82.37962788002663,8.545473099974014,0 -82.38498207510929,8.556988076237765,0 -82.39824747594004,8.558477815956211,0</coordinates>
          </LinearRing>
        </outerBoundaryIs>
      </Polygon>
    </Placemark>
    <Placemark>
      <name>8766a560affffff</name>
      <styleUrl>#h3_poly_style</styleUrl>
      <Polygon>
        <outerBoundaryIs>
          <LinearRing>
            <coordinates>-79.86917421795658,8.669109241887858,0 -79.8769689729399,8.65917057076538,0 -79.8715470851371,8.647658594635772,0 -79.85833009606415,8.646086369244344,0 -79.85053597128378,8.656026084770476,0 -79.85595820499968,8.667536981242277,0 -79.86917421795658,8.669109241887858,0</coordinates>
          </LinearRing>
        </outerBoundaryIs>
      </Polygon>
    </Placemark>
    <Placemark>
      <name>8766b50dbffffff</name>
      <styleUrl>#h3_poly_style</styleUrl>
      <Polygon>
        <outerBoundaryIs>
          <LinearRing>
            <coordinates>-82.72748778544619,8.671645199509245,0 -82.7354097093396,8.661625677148198,0 -82.73006869474168,8.650127748950606,0 -82.7168052019616,8.648650270013565,0 -82.70888364981435,8.658670903679234,0 -82.71422521832682,8.67016790490147,0 -82.72748778544619,8.671645199509245,0</coordinates>
          </LinearRing>
        </outerBoundaryIs>
      </Polygon>
    </Placemark>
    <Placemark>
      <name>8766b528effffff</name>
      <styleUrl>#h3_poly_style</styleUrl>
      <Polygon>
        <outerBoundaryIs>
          <LinearRing>
            <coordinates>-82.57028631416512,8.468569023998601,0 -82.57820740827373,8.458528948725878,0 -82.57285775980701,8.447002709172217,0 -82.55958647352912,8.445517478870027,0 -82.55166576611653,8.45555865911968,0 -82.55701595791062,8.467083964620667,0 -82.57028631416512,8.468569023998601,0</coordinates>
          </LinearRing>
        </outerBoundaryIs>
      </Polygon>
    </Placemark>
    <Placemark>
      <name>8766b1c65ffffff</name>
      <styleUrl>#h3_poly_style</styleUrl>
      <Polygon>
        <outerBoundaryIs>
          <LinearRing>
            <coordinates>-82.87183291222836,8.140956500741517,0 -82.87977366812339,8.130870646565729,0 -82.87442840826422,8.11930442317957,0 -82.86114182595475,8.117824968867579,0 -82.85320142974066,8.12791193053458,0 -82.85854725577929,8.139477238945208,0 -82.87183291222836,8.140956500741517,0</coordinates>
          </LinearRing>
        </outerBoundaryIs>
      </Polygon>
    </Placemark>
    <Placemark>
      <name>8766b50acffffff</name>
      <styleUrl>#h3_poly_style</styleUrl>
      <Polygon>
        <outerBoundaryIs>
          <LinearRing>
            <coordinates>-82.76521073876063,8.860956533235498,0 -82.77312927306413,8.850958949306651,0 -82.7677927471806,8.839486673523304,0 -82.75453713067385,8.83801290781499,0 -82.7466189641997,8.848011606270278,0 -82.7519560460295,8.859482955831009,0 -82.76521073876063,8.860956533235498,0</coordinates>
          </LinearRing>
        </outerBoundaryIs>
      </Polygon>
    </Placemark>
    <Placemark>
      <name>8766a3808ffffff</name>
      <styleUrl>#h3_poly_style</styleUrl>
      <Polygon>
        <outerBoundaryIs>
          <LinearRing>
            <coordinates>-80.63585450062102,7.929713131151499,0 -80.6437057528663,7.91965950359092,0 -80.6382900465879,7.908054300593316,0 -80.62502268363464,7.906503760955666,0 -80.61717199595765,7.91655843923499,0 -80.62258810628803,7.928162606382457,0 -80.63585450062102,7.929713131151499,0</coordinates>
          </LinearRing>
        </outerBoundaryIs>
      </Polygon>
    </Placemark>
    <Placemark>
      <name>8766b1935ffffff</name>
      <styleUrl>#h3_poly_style</styleUrl>
      <Polygon>
        <outerBoundaryIs>
          <LinearRing>
            <coordinates>-82.61782124927221,8.408307734140857,0 -82.62574568985443,8.398259329946232,0 -82.62039656374414,8.386725612002643,0 -82.60712244971693,8.385241229203844,0 -82.599198391606,8.395290738667198,0 -82.60454806467567,8.406823525586193,0 -82.61782124927221,8.408307734140857,0</coordinates>
          </LinearRing>
        </outerBoundaryIs>
      </Polygon>
    </Placemark>
    <Placemark>
      <name>8766a5ab5ffffff</name>
      <styleUrl>#h3_poly_style</styleUrl>
      <Polygon>
        <outerBoundaryIs>
          <LinearRing>
            <coordinates>-79.43996918166344,9.105267846620752,0 -79.44773057546259,9.095399465291747,0 -79.44230656376506,9.083944184013777,0 -79.42912084442275,9.08235838659641,0 -79.42136011678319,9.09222780884221,0 -79.42678444195528,9.103681987551292,0 -79.43996918166344,9.105267846620752,0</coordinates>
          </LinearRing>
        </outerBoundaryIs>
      </Polygon>
    </Placemark>
    <Placemark>
      <name>876612b54ffffff</name>
      <styleUrl>#h3_poly_style</styleUrl>
      <Polygon>
        <outerBoundaryIs>
          <LinearRing>
            <coordinates>-78.2790515424805,8.541721824889263,0 -78.28676192861235,8.531822313872867,0 -78.28130489788975,8.520299325879403,0 -78.2681372515933,8.518677011373367,0 -78.2604276347925,8.52857752706795,0 -78.26588489458807,8.540099352568017,0 -78.2790515424805,8.541721824889263,0</coordinates>
          </LinearRing>
        </outerBoundaryIs>
      </Polygon>
    </Placemark>
    <Placemark>
      <name>8766a2570ffffff</name>
      <styleUrl>#h3_poly_style</styleUrl>
      <Polygon>
        <outerBoundaryIs>
          <LinearRing>
            <coordinates>-82.08154958215101,8.337042391953045,0 -82.08945464485664,8.326998660217418,0 -82.08408721651733,8.3154513295999,0 -82.07081421663133,8.31394869035459,0 -82.06290958581894,8.323993513753472,0 -82.06827752262303,8.335539884666206,0 -82.08154958215101,8.337042391953045,0</coordinates>
          </LinearRing>
        </outerBoundaryIs>
      </Polygon>
    </Placemark>
    <Placemark>
      <name>8766a3d2effffff</name>
      <styleUrl>#h3_poly_style</styleUrl>
      <Polygon>
        <outerBoundaryIs>
          <LinearRing>
            <coordinates>-81.03783235289588,8.118990007782543,0 -81.04569768267486,8.108947845886382,0 -81.04029601142186,8.097367306227879,0 -81.02702857695961,8.095829943477538,0 -81.01916377479264,8.105873168902782,0 -81.02456587909866,8.117452693493561,0 -81.03783235289588,8.118990007782543,0</coordinates>
          </LinearRing>
        </outerBoundaryIs>
      </Polygon>
    </Placemark>
    <Placemark>
      <name>8766a5b51ffffff</name>
      <styleUrl>#h3_poly_style</styleUrl>
      <Polygon>
        <outerBoundaryIs>
          <LinearRing>
            <coordinates>-79.17481976472149,9.14884706946716,0 -79.18256577762683,9.138993694159012,0 -79.17713683885471,9.127544490609615,0 -79.16396159287363,9.125949778569074,0 -79.1562162690806,9.13580418930491,0 -79.16164550178614,9.147252276619485,0 -79.17481976472149,9.14884706946716,0</coordinates>
          </LinearRing>
        </outerBoundaryIs>
      </Polygon>
    </Placemark>
    <Placemark>
      <name>8766a2161ffffff</name>
      <styleUrl>#h3_poly_style</styleUrl>
      <Polygon>
        <outerBoundaryIs>
          <LinearRing>
            <coordinates>-81.57515107409031,8.355936640435706,0 -81.58303438113504,8.345908406801863,0 -81.57765202942194,8.334360399170698,0 -81.564385898671,8.332841612407998,0 -81.55650306970277,8.342870926017072,0 -81.56188589303247,8.354417946351333,0 -81.57515107409031,8.355936640435706,0</coordinates>
          </LinearRing>
        </outerBoundaryIs>
      </Polygon>
    </Placemark>
    <Placemark>
      <name>8766a1495ffffff</name>
      <styleUrl>#h3_poly_style</styleUrl>
      <Polygon>
        <outerBoundaryIs>
          <LinearRing>
            <coordinates>-80.43204178884316,7.949714552997704,0 -80.43988270189456,7.939669283715177,0 -80.43446208838895,7.92806639216124,0 -80.42120017245033,7.926509816850024,0 -80.41335984222164,7.9365561322585085,0 -80.41878084473159,7.948157976803943,0 -80.43204178884316,7.949714552997704,0</coordinates>
          </LinearRing>
        </outerBoundaryIs>
      </Polygon>
    </Placemark>
    <Placemark>
      <name>8766a5075ffffff</name>
      <styleUrl>#h3_poly_style</styleUrl>
      <Polygon>
        <outerBoundaryIs>
          <LinearRing>
            <coordinates>-79.58664788656638,9.047232889863498,0 -79.59441849822943,9.037351942494238,0 -79.58899672436883,9.025888973675682,0 -79.57580401411842,9.024308047137684,0 -79.56803405600257,9.034190037976318,0 -79.57345615421825,9.045651911844537,0 -79.58664788656638,9.047232889863498,0</coordinates>
          </LinearRing>
        </outerBoundaryIs>
      </Polygon>
    </Placemark>
    <Placemark>
      <name>876612925ffffff</name>
      <styleUrl>#h3_poly_style</styleUrl>
      <Polygon>
        <outerBoundaryIs>
          <LinearRing>
            <coordinates>-78.54971262213732,9.007891252625216,0 -78.55742715775034,8.998042250048911,0 -78.55198328926053,8.986576821512529,0 -78.53882463651651,8.984961543914178,0 -78.53111084473865,8.994811565298512,0 -78.53655496150117,9.006275845446904,0 -78.54971262213732,9.007891252625216,0</coordinates>
          </LinearRing>
        </outerBoundaryIs>
      </Polygon>
    </Placemark>
    <Placemark>
      <name>8766b52daffffff</name>
      <styleUrl>#h3_poly_style</styleUrl>
      <Polygon>
        <outerBoundaryIs>
          <LinearRing>
            <coordinates>-82.50349735180913,8.351760763023087,0 -82.51141882559108,8.341708367023603,0 -82.50606501074753,8.330166245890098,0 -82.49278918282758,8.328677457516658,0 -82.48486810217491,8.338730955321012,0 -82.49022245593719,8.350272139620852,0 -82.50349735180913,8.351760763023087,0</coordinates>
          </LinearRing>
        </outerBoundaryIs>
      </Polygon>
    </Placemark>
    <Placemark>
      <name>8766b52a4ffffff</name>
      <styleUrl>#h3_poly_style</styleUrl>
      <Polygon>
        <outerBoundaryIs>
          <LinearRing>
            <coordinates>-82.557434481268,8.576318754854697,0 -82.56535235224223,8.566291900790622,0 -82.56000412868956,8.55477973497209,0 -82.54673749175942,8.55329535865515,0 -82.53882000839553,8.56332331883675,0 -82.54416877397664,8.574834549143892,0 -82.557434481268,8.576318754854697,0</coordinates>
          </LinearRing>
        </outerBoundaryIs>
      </Polygon>
    </Placemark>
    <Placemark>
      <name>8766b52e0ffffff</name>
      <styleUrl>#h3_poly_style</styleUrl>
      <Polygon>
        <outerBoundaryIs>
          <LinearRing>
            <coordinates>-82.42966789137891,8.46373511261503,0 -82.43758365823874,8.453697881631147,0 -82.43222937868661,8.442169780128124,0 -82.41895879868837,8.440679851192938,0 -82.41104343145902,8.450718183798257,0 -82.41639824422205,8.462245343645,0 -82.42966789137891,8.46373511261503,0</coordinates>
          </LinearRing>
        </outerBoundaryIs>
      </Polygon>
    </Placemark>
    <Placemark>
      <name>8766106e3ffffff</name>
      <styleUrl>#h3_poly_style</styleUrl>
      <Polygon>
        <outerBoundaryIs>
          <LinearRing>
            <coordinates>-77.93708401064788,8.369185384358014,0 -77.94477830169325,8.359276421474007,0 -77.93931230198483,8.347734407542635,0 -77.92615180675404,8.346102536616774,0 -77.91845831509995,8.356012492912951,0 -77.92392451891729,8.36755332670492,0 -77.93708401064788,8.369185384358014,0</coordinates>
          </LinearRing>
        </outerBoundaryIs>
      </Polygon>
    </Placemark>
    <Placemark>
      <name>8766a5049ffffff</name>
      <styleUrl>#h3_poly_style</styleUrl>
      <Polygon>
        <outerBoundaryIs>
          <LinearRing>
            <coordinates>-79.51922072087936,8.930966322611974,0 -79.52699068310898,8.92107272025959,0 -79.52156537447183,8.909594719458644,0 -79.50836978358628,8.908011419336685,0 -79.50060048131492,8.91790606187644,0 -79.50602610959892,8.92938296431268,0 -79.51922072087936,8.930966322611974,0</coordinates>
          </LinearRing>
        </outerBoundaryIs>
      </Polygon>
    </Placemark>
    <Placemark>
      <name>8766a6593ffffff</name>
      <styleUrl>#h3_poly_style</styleUrl>
      <Polygon>
        <outerBoundaryIs>
          <LinearRing>
            <coordinates>-82.26414275320161,9.347160397360598,0 -82.27202959014515,9.337235504192522,0 -82.26668521437473,9.325824085230717,0 -82.25345348297336,9.324338514897617,0 -82.24556705850196,9.334264516746314,0 -82.25091195258733,9.345674980176492,0 -82.26414275320161,9.347160397360598,0</coordinates>
          </LinearRing>
        </outerBoundaryIs>
      </Polygon>
    </Placemark>
    <Placemark>
      <name>8766b5601ffffff</name>
      <styleUrl>#h3_poly_style</styleUrl>
      <Polygon>
        <outerBoundaryIs>
          <LinearRing>
            <coordinates>-82.84637449998168,8.521206271742617,0 -82.85430467919568,8.511165915284222,0 -82.84896505103563,8.499649235732608,0 -82.83569468030583,8.49817383200217,0 -82.82776486224623,8.508215300580048,0 -82.83310505338751,8.51973106069176,0 -82.84637449998168,8.521206271742617,0</coordinates>
          </LinearRing>
        </outerBoundaryIs>
      </Polygon>
    </Placemark>
    <Placemark>
      <name>8766a5695ffffff</name>
      <styleUrl>#h3_poly_style</styleUrl>
      <Polygon>
        <outerBoundaryIs>
          <LinearRing>
            <coordinates>-80.06983741231663,8.671190176364718,0 -80.07764231957002,8.66124527509993,0 -80.07222523825065,8.649733583714251,0 -80.05900288865762,8.648167862633604,0 -80.05119859380977,8.6581138130585,0 -80.05661603577533,8.669624435359387,0 -80.06983741231663,8.671190176364718,0</coordinates>
          </LinearRing>
        </outerBoundaryIs>
      </Polygon>
    </Placemark>
    <Placemark>
      <name>8766a23a6ffffff</name>
      <styleUrl>#h3_poly_style</styleUrl>
      <Polygon>
        <outerBoundaryIs>
          <LinearRing>
            <coordinates>-81.64752441055482,8.079578830609474,0 -81.65541779384534,8.069515447595489,0 -81.65003282070313,8.057932366381193,0 -81.63675398616606,8.05641364975686,0 -81.62886107519421,8.066478110268541,0 -81.63424652606328,8.078060209843933,0 -81.64752441055482,8.079578830609474,0</coordinates>
          </LinearRing>
        </outerBoundaryIs>
      </Polygon>
    </Placemark>
    <Placemark>
      <name>8766a3da8ffffff</name>
      <styleUrl>#h3_poly_style</styleUrl>
      <Polygon>
        <outerBoundaryIs>
          <LinearRing>
            <coordinates>-81.16712979840483,8.046285540449594,0 -81.17500284159095,8.036231023506675,0 -81.16960349814939,8.024641688752922,0 -81.15633066841882,8.023107878508762,0 -81.14845814137097,8.033163460912446,0 -81.15385792753781,8.044751788042309,0 -81.16712979840483,8.046285540449594,0</coordinates>
          </LinearRing>
        </outerBoundaryIs>
      </Polygon>
    </Placemark>
    <Placemark>
      <name>8766a06adffffff</name>
      <styleUrl>#h3_poly_style</styleUrl>
      <Polygon>
        <outerBoundaryIs>
          <LinearRing>
            <coordinates>-80.98081784794199,8.26558475127614,0 -80.98867687672565,8.255561999334237,0 -80.98327617331498,8.243999926920221,0 -80.97001601226953,8.242461625323307,0 -80.96215751575735,8.252485441752595,0 -80.96755864764246,8.264046495236242,0 -80.98081784794199,8.26558475127614,0</coordinates>
          </LinearRing>
        </outerBoundaryIs>
      </Polygon>
    </Placemark>
    <Placemark>
      <name>8766a6580ffffff</name>
      <styleUrl>#h3_poly_style</styleUrl>
      <Polygon>
        <outerBoundaryIs>
          <LinearRing>
            <coordinates>-82.20079780553932,9.372467061747306,0 -82.208681468909,9.362547048156355,0 -82.20333554283054,9.35113849923463,0 -82.19010543933199,9.349650922808236,0 -82.18222219413899,9.359572043921322,0 -82.18756863389544,9.370979633868373,0 -82.20079780553932,9.372467061747306,0</coordinates>
          </LinearRing>
        </outerBoundaryIs>
      </Polygon>
    </Placemark>
    <Placemark>
      <name>8766a5b19ffffff</name>
      <styleUrl>#h3_poly_style</styleUrl>
      <Polygon>
        <outerBoundaryIs>
          <LinearRing>
            <coordinates>-79.27015253683857,9.192737983852059,0 -79.27790262816983,9.182886936559653,0 -79.27247647538891,9.171443289394027,0 -79.25929993006282,9.16985180080572,0 -79.25155051934546,9.179703886360885,0 -79.25697697297002,9.191146422206266,0 -79.27015253683857,9.192737983852059,0</coordinates>
          </LinearRing>
        </outerBoundaryIs>
      </Polygon>
    </Placemark>
    <Placemark>
      <name>8766a5109ffffff</name>
      <styleUrl>#h3_poly_style</styleUrl>
      <Polygon>
        <outerBoundaryIs>
          <LinearRing>
            <coordinates>-79.63307800786268,9.171634044597877,0 -79.64084794125806,9.16176757748422,0 -79.6354293849826,9.150320838548891,0 -79.62224056744174,9.148741659296315,0 -79.61447128299397,9.158609172732003,0 -79.61989016676812,9.170054819058517,0 -79.63307800786268,9.171634044597877,0</coordinates>
          </LinearRing>
        </outerBoundaryIs>
      </Polygon>
    </Placemark>
    <Placemark>
      <name>8766a16a6ffffff</name>
      <styleUrl>#h3_poly_style</styleUrl>
      <Polygon>
        <outerBoundaryIs>
          <LinearRing>
            <coordinates>-80.14023476472144,7.673823839722154,0 -80.14806812967696,7.663753845294333,0 -80.142635470059,7.652116929280191,0 -80.12936907695651,7.650551069066553,0 -80.1215363220279,7.660622097617723,0 -80.12696934979704,7.672257952214653,0 -80.14023476472144,7.673823839722154,0</coordinates>
          </LinearRing>
        </outerBoundaryIs>
      </Polygon>
    </Placemark>
    <Placemark>
      <name>8766a50ddffffff</name>
      <styleUrl>#h3_poly_style</styleUrl>
      <Polygon>
        <outerBoundaryIs>
          <LinearRing>
            <coordinates>-79.7242587485779,8.89053001243898,0 -79.73204047804025,8.88062428145684,0 -79.72661908917468,8.86914089285262,0 -79.71341563568794,8.867564322827942,0 -79.70563454832082,8.877471098174427,0 -79.71105627197262,8.888953399140672,0 -79.7242587485779,8.89053001243898,0</coordinates>
          </LinearRing>
        </outerBoundaryIs>
      </Polygon>
    </Placemark>
    <Placemark>
      <name>8766a5c71ffffff</name>
      <styleUrl>#h3_poly_style</styleUrl>
      <Polygon>
        <outerBoundaryIs>
          <LinearRing>
            <coordinates>-79.83297832882701,9.357299435667667,0 -79.84075397788791,9.347450207459596,0 -79.83534324418716,9.336027984764792,0 -79.82215651931752,9.334456072578146,0 -79.81438150086028,9.34430635423352,0 -79.81979257629784,9.355727494585905,0 -79.83297832882701,9.357299435667667,0</coordinates>
          </LinearRing>
        </outerBoundaryIs>
      </Polygon>
    </Placemark>
    <Placemark>
      <name>8766a5148ffffff</name>
      <styleUrl>#h3_poly_style</styleUrl>
      <Polygon>
        <outerBoundaryIs>
          <LinearRing>
            <coordinates>-79.5214281068139,9.09344960404372,0 -79.5291941212029,9.083576868210331,0 -79.52377169960917,9.072119969322115,0 -79.51058294378043,9.070536904582063,0 -79.50281758846563,9.08041068304469,0 -79.508240329534,9.091866483579848,0 -79.5214281068139,9.09344960404372,0</coordinates>
          </LinearRing>
        </outerBoundaryIs>
      </Polygon>
    </Placemark>
    <Placemark>
      <name>8766a578bffffff</name>
      <styleUrl>#h3_poly_style</styleUrl>
      <Polygon>
        <outerBoundaryIs>
          <LinearRing>
            <coordinates>-79.98098889962222,8.747559619945177,0 -79.9887874000666,8.737627228654734,0 -79.98336951793097,8.726125343671413,0 -79.97015278102856,8.72455692387598,0 -79.96235490056992,8.734490363395922,0 -79.96777313665426,8.74599117443826,0 -79.98098889962222,8.747559619945177,0</coordinates>
          </LinearRing>
        </outerBoundaryIs>
      </Polygon>
    </Placemark>
    <Placemark>
      <name>8766b50deffffff</name>
      <styleUrl>#h3_poly_style</styleUrl>
      <Polygon>
        <outerBoundaryIs>
          <LinearRing>
            <coordinates>-82.7435088618067,8.706125734181745,0 -82.75143051306695,8.6961099743575,0 -82.74609061855588,8.6846167907511,0 -82.7328285174689,8.683140293242277,0 -82.72490723639946,8.693157165179363,0 -82.73024768585213,8.704649422436352,0 -82.7435088618067,8.706125734181745,0</coordinates>
          </LinearRing>
        </outerBoundaryIs>
      </Polygon>
    </Placemark>
    <Placemark>
      <name>8766b52aeffffff</name>
      <styleUrl>#h3_poly_style</styleUrl>
      <Polygon>
        <outerBoundaryIs>
          <LinearRing>
            <coordinates>-82.54395723293061,8.520233834292972,0 -82.55187600570075,8.510200579755251,0 -82.54652638440967,8.498680898193973,0 -82.53325744872076,8.49719540694712,0 -82.52533906493883,8.507229766542455,0 -82.53068922748254,8.518748512253367,0 -82.54395723293061,8.520233834292972,0</coordinates>
          </LinearRing>
        </outerBoundaryIs>
      </Polygon>
    </Placemark>
    <Placemark>
      <name>8766a3b83ffffff</name>
      <styleUrl>#h3_poly_style</styleUrl>
      <Polygon>
        <outerBoundaryIs>
          <LinearRing>
            <coordinates>-80.55944471671958,7.712097651215691,0 -80.5672977435778,7.702020035106624,0 -80.56187629574039,7.690387753897897,0 -80.54860142168286,7.688834127531329,0 -80.54074896706427,7.698912788715253,0 -80.54617081388528,7.710544031141232,0 -80.55944471671958,7.712097651215691,0</coordinates>
          </LinearRing>
        </outerBoundaryIs>
      </Polygon>
    </Placemark>
    <Placemark>
      <name>8766a210dffffff</name>
      <styleUrl>#h3_poly_style</styleUrl>
      <Polygon>
        <outerBoundaryIs>
          <LinearRing>
            <coordinates>-81.69454300579963,8.369585081058425,0 -81.70243109703681,8.359555307409552,0 -81.69705249704357,8.34800972093622,0 -81.68378532517251,8.34649488896156,0 -81.67589770109534,8.356525745609245,0 -81.6812767813528,8.368070351169084,0 -81.69454300579963,8.369585081058425,0</coordinates>
          </LinearRing>
        </outerBoundaryIs>
      </Polygon>
    </Placemark>
    <Placemark>
      <name>8766b5a71ffffff</name>
      <styleUrl>#h3_poly_style</styleUrl>
      <Polygon>
        <outerBoundaryIs>
          <LinearRing>
            <coordinates>-82.14000210150886,8.867059969877273,0 -82.14789613615517,8.857078983336494,0 -82.1425396188625,8.845601783827243,0 -82.12928855558609,8.844106530559113,0 -82.1213949460326,8.854088617285779,0 -82.12675197428837,8.865564857025444,0 -82.14000210150886,8.867059969877273,0</coordinates>
          </LinearRing>
        </outerBoundaryIs>
      </Polygon>
    </Placemark>
    <Placemark>
      <name>8766a3d1cffffff</name>
      <styleUrl>#h3_poly_style</styleUrl>
      <Polygon>
        <outerBoundaryIs>
          <LinearRing>
            <coordinates>-81.10370428774692,8.07183638770195,0 -81.11157381083528,8.06178669680038,0 -81.10617314393426,8.050200388520459,0 -81.09290251555844,8.048664782309384,0 -81.08503351427439,8.05871553756144,0 -81.09043461918439,8.070300834617598,0 -81.10370428774692,8.07183638770195,0</coordinates>
          </LinearRing>
        </outerBoundaryIs>
      </Polygon>
    </Placemark>
    <Placemark>
      <name>8766104ccffffff</name>
      <styleUrl>#h3_poly_style</styleUrl>
      <Polygon>
        <outerBoundaryIs>
          <LinearRing>
            <coordinates>-78.16796680335827,8.647261608394182,0 -78.1756680207138,8.637379895057437,0 -78.17021086842594,8.625870805077446,0 -78.15705227767545,8.624244596613512,0 -78.14935183862582,8.634127313837352,0 -78.15480921165262,8.64563523561694,0 -78.16796680335827,8.647261608394182,0</coordinates>
          </LinearRing>
        </outerBoundaryIs>
      </Polygon>
    </Placemark>
    <Placemark>
      <name>8766a5a32ffffff</name>
      <styleUrl>#h3_poly_style</styleUrl>
      <Polygon>
        <outerBoundaryIs>
          <LinearRing>
            <coordinates>-79.3352685717265,9.14664635965485,0 -79.34302332645976,9.13678701228099,0 -79.33759776292007,9.125337254672942,0 -79.32441713856589,9.123747952378435,0 -79.31666305896665,9.13360833885045,0 -79.32208892821693,9.145056988482727,0 -79.3352685717265,9.14664635965485,0</coordinates>
          </LinearRing>
        </outerBoundaryIs>
      </Polygon>
    </Placemark>
    <Placemark>
      <name>8766a2b36ffffff</name>
      <styleUrl>#h3_poly_style</styleUrl>
      <Polygon>
        <outerBoundaryIs>
          <LinearRing>
            <coordinates>-81.3774323516738,8.497053719113403,0 -81.38530346241973,8.487048061805314,0 -81.37991782276147,8.475517314095805,0 -81.36666061518783,8.473993222368982,0 -81.35879000004529,8.483999957051171,0 -81.36417609649702,8.495529706026014,0 -81.3774323516738,8.497053719113403,0</coordinates>
          </LinearRing>
        </outerBoundaryIs>
      </Polygon>
    </Placemark>
    <Placemark>
      <name>8766a5515ffffff</name>
      <styleUrl>#h3_poly_style</styleUrl>
      <Polygon>
        <outerBoundaryIs>
          <LinearRing>
            <coordinates>-80.15003390336152,9.211553852239204,0 -80.15782927765592,9.201675132532595,0 -80.1524235430619,9.190233990806941,0 -80.1392220685394,9.188672634591134,0 -80.13142729742259,9.198552413063796,0 -80.13683339727841,9.209992488940188,0 -80.15003390336152,9.211553852239204,0</coordinates>
          </LinearRing>
        </outerBoundaryIs>
      </Polygon>
    </Placemark>
    <Placemark>
      <name>8766a0ac4ffffff</name>
      <styleUrl>#h3_poly_style</styleUrl>
      <Polygon>
        <outerBoundaryIs>
          <LinearRing>
            <coordinates>-80.32230592376474,8.570475327556288,0 -80.33012592445,8.560509819332237,0 -80.3247132928581,8.548985387475037,0 -80.31148028079096,8.547427519231237,0 -80.30366087042219,8.557394081030324,0 -80.30907388142919,8.568917457450665,0 -80.32230592376474,8.570475327556288,0</coordinates>
          </LinearRing>
        </outerBoundaryIs>
      </Polygon>
    </Placemark>
    <Placemark>
      <name>8766a5042ffffff</name>
      <styleUrl>#h3_poly_style</styleUrl>
      <Polygon>
        <outerBoundaryIs>
          <LinearRing>
            <coordinates>-79.59369541318439,8.983184313303136,0 -79.6014679983471,8.97329487797723,0 -79.59604526432743,8.961823576778901,0 -79.58284961976703,8.960242805404732,0 -79.57507768780211,8.970133283426568,0 -79.58050074682785,8.981603490087577,0 -79.59369541318439,8.983184313303136,0</coordinates>
          </LinearRing>
        </outerBoundaryIs>
      </Polygon>
    </Placemark>
    <Placemark>
      <name>8766a5104ffffff</name>
      <styleUrl>#h3_poly_style</styleUrl>
      <Polygon>
        <outerBoundaryIs>
          <LinearRing>
            <coordinates>-79.68418478318407,9.253287449968237,0 -79.69195534010659,9.243429810980512,0 -79.68653936841935,9.231993791663982,0 -79.67335250836831,9.230416501288033,0 -79.66558259556368,9.240275188910053,0 -79.670998898321,9.25171011823328,0 -79.68418478318407,9.253287449968237,0</coordinates>
          </LinearRing>
        </outerBoundaryIs>
      </Polygon>
    </Placemark>
    <Placemark>
      <name>8766a072affffff</name>
      <styleUrl>#h3_poly_style</styleUrl>
      <Polygon>
        <outerBoundaryIs>
          <LinearRing>
            <coordinates>-80.85811027767035,8.458823974188672,0 -80.86595876224982,8.44882844262254,0 -80.86055807770538,8.437290756104046,0 -80.84730848923724,8.435749627535314,0 -80.83946054733443,8.445746223645898,0 -80.84486165084719,8.457282883726899,0 -80.85811027767035,8.458823974188672,0</coordinates>
          </LinearRing>
        </outerBoundaryIs>
      </Polygon>
    </Placemark>
    <Placemark>
      <name>8766a242effffff</name>
      <styleUrl>#h3_poly_style</styleUrl>
      <Polygon>
        <outerBoundaryIs>
          <LinearRing>
            <coordinates>-82.15271586107319,8.246598353657568,0 -82.1606260988437,8.236542022310577,0 -82.15525933292184,8.224983480723697,0 -82.14198181493649,8.223482225619454,0 -82.13407200278529,8.233539648999049,0 -82.13943928262361,8.245097235381325,0 -82.15271586107319,8.246598353657568,0</coordinates>
          </LinearRing>
        </outerBoundaryIs>
      </Polygon>
    </Placemark>
    <Placemark>
      <name>8766a06cbffffff</name>
      <styleUrl>#h3_poly_style</styleUrl>
      <Polygon>
        <outerBoundaryIs>
          <LinearRing>
            <coordinates>-80.89977032741477,8.092016383935455,0 -80.90762995817816,8.08197484728376,0 -80.90222406193996,8.070390518489036,0 -80.88895811155417,8.068848748698489,0 -80.88109902097912,8.07889134513184,0 -80.88650534022426,8.090474651520033,0 -80.89977032741477,8.092016383935455,0</coordinates>
          </LinearRing>
        </outerBoundaryIs>
      </Polygon>
    </Placemark>
    <Placemark>
      <name>8766a0b4dffffff</name>
      <styleUrl>#h3_poly_style</styleUrl>
      <Polygon>
        <outerBoundaryIs>
          <LinearRing>
            <coordinates>-80.10472276405388,8.718781459410408,0 -80.11252823373417,8.708841438940237,0 -80.10711282291678,8.697335897582972,0 -80.0938915789489,8.695771444011251,0 -80.08608671838893,8.70571251518213,0 -80.09150249230252,8.717216989179022,0 -80.10472276405388,8.718781459410408,0</coordinates>
          </LinearRing>
        </outerBoundaryIs>
      </Polygon>
    </Placemark>
    <Placemark>
      <name>8766a045effffff</name>
      <styleUrl>#h3_poly_style</styleUrl>
      <Polygon>
        <outerBoundaryIs>
          <LinearRing>
            <coordinates>-81.07304536529672,8.51647733431531,0 -81.08090231950364,8.506482664804702,0 -81.0755084735942,8.494953128357016,0 -81.06225723857465,8.493419276536994,0 -81.05440080746058,8.503415016530775,0 -81.05979508789737,8.514943537804928,0 -81.07304536529672,8.51647733431531,0</coordinates>
          </LinearRing>
        </outerBoundaryIs>
      </Polygon>
    </Placemark>
    <Placemark>
      <name>8766a5070ffffff</name>
      <styleUrl>#h3_poly_style</styleUrl>
      <Polygon>
        <outerBoundaryIs>
          <LinearRing>
            <coordinates>-79.60761121596492,9.03893222666762,0 -79.61538313711935,9.029049491960471,0 -79.6099616891692,9.017585429284603,0 -79.5967679937824,9.016005195133904,0 -79.58899672436883,9.025888973675682,0 -79.59441849822943,9.037351942494238,0 -79.60761121596492,9.03893222666762,0</coordinates>
          </LinearRing>
        </outerBoundaryIs>
      </Polygon>
    </Placemark>
    <Placemark>
      <name>8766b5266ffffff</name>
      <styleUrl>#h3_poly_style</styleUrl>
      <Polygon>
        <outerBoundaryIs>
          <LinearRing>
            <coordinates>-82.30003357159335,8.536523178598358,0 -82.30794238821663,8.526497909444059,0 -82.30258522112959,8.514978284239119,0 -82.28931871343349,8.513484877294568,0 -82.28141030814638,8.523511246028841,0 -82.28676799884387,8.535029922056824,0 -82.30003357159335,8.536523178598358,0</coordinates>
          </LinearRing>
        </outerBoundaryIs>
      </Polygon>
    </Placemark>
    <Placemark>
      <name>8766a1d0affffff</name>
      <styleUrl>#h3_poly_style</styleUrl>
      <Polygon>
        <outerBoundaryIs>
          <LinearRing>
            <coordinates>-80.03299999431148,8.460081129724216,0 -80.04080832537774,8.450110919761501,0 -80.03538668996075,8.438572209236236,0 -80.02215636467658,8.437004779087475,0 -80.01434865012055,8.446976034048939,0 -80.0197706439637,8.458513674116485,0 -80.03299999431148,8.460081129724216,0</coordinates>
          </LinearRing>
        </outerBoundaryIs>
      </Polygon>
    </Placemark>
    <Placemark>
      <name>8766a0b8bffffff</name>
      <styleUrl>#h3_poly_style</styleUrl>
      <Polygon>
        <outerBoundaryIs>
          <LinearRing>
            <coordinates>-80.40586754535241,8.721695337338637,0 -80.41368784740398,8.711746162638494,0 -80.40827993874564,8.700241354764811,0 -80.39505134248982,8.69868677300699,0 -80.38723162272635,8.708637005519385,0 -80.39263991655613,8.720140761928686,0 -80.40586754535241,8.721695337338637,0</coordinates>
          </LinearRing>
        </outerBoundaryIs>
      </Polygon>
    </Placemark>
    <Placemark>
      <name>8766a5041ffffff</name>
      <styleUrl>#h3_poly_style</styleUrl>
      <Polygon>
        <outerBoundaryIs>
          <LinearRing>
            <coordinates>-79.55411241209406,8.978440516325497,0 -79.56188303102209,8.968551823177226,0 -79.55645932802388,8.95707993836842,0 -79.5432646836152,8.955497843259499,0 -79.53549472138141,8.965387578113596,0 -79.54091874649019,8.97685836633222,0 -79.55411241209406,8.978440516325497,0</coordinates>
          </LinearRing>
        </outerBoundaryIs>
      </Polygon>
    </Placemark>
    <Placemark>
      <name>8766a5063ffffff</name>
      <styleUrl>#h3_poly_style</styleUrl>
      <Polygon>
        <outerBoundaryIs>
          <LinearRing>
            <coordinates>-79.5494195927992,9.021144860652313,0 -79.55718889567859,9.011261826965722,0 -79.55176583370748,8.999795491698217,0 -79.53857314680761,8.99821328694322,0 -79.53080450085372,9.008097362855233,0 -79.53622788450251,9.019562601258258,0 -79.5494195927992,9.021144860652313,0</coordinates>
          </LinearRing>
        </outerBoundaryIs>
      </Polygon>
    </Placemark>
    <Placemark>
      <name>8766a3c5cffffff</name>
      <styleUrl>#h3_poly_style</styleUrl>
      <Polygon>
        <outerBoundaryIs>
          <LinearRing>
            <coordinates>-80.99021615478492,7.828240033785391,0 -80.9980865857092,7.8181642364358535,0 -80.99267860159758,7.806547005070223,0 -80.97939975582264,7.805006586944353,0 -80.97152985780572,7.815083441871726,0 -80.97693827227808,7.826699657292208,0 -80.99021615478492,7.828240033785391,0</coordinates>
          </LinearRing>
        </outerBoundaryIs>
      </Polygon>
    </Placemark>
    <Placemark>
      <name>8766a50d2ffffff</name>
      <styleUrl>#h3_poly_style</styleUrl>
      <Polygon>
        <outerBoundaryIs>
          <LinearRing>
            <coordinates>-79.80111436485426,8.92136421071904,0 -79.80889930320738,8.911459850252076,0 -79.80348022276922,8.899980438230864,0 -79.79027586324537,8.8984064703017,0 -79.78249156008332,8.908311877381118,0 -79.78791098088139,8.919790205735735,0 -79.80111436485426,8.92136421071904,0</coordinates>
          </LinearRing>
        </outerBoundaryIs>
      </Polygon>
    </Placemark>
    <Placemark>
      <name>8766a3916ffffff</name>
      <styleUrl>#h3_poly_style</styleUrl>
      <Polygon>
        <outerBoundaryIs>
          <LinearRing>
            <coordinates>-80.73327930320843,8.138334353351993,0 -80.74112996348471,8.128303211586456,0 -80.73572041862383,8.116724368796461,0 -80.72245980244162,8.115177699378373,0 -80.714609697212,8.125209897682678,0 -80.72001965274099,8.136787708814207,0 -80.73327930320843,8.138334353351993,0</coordinates>
          </LinearRing>
        </outerBoundaryIs>
      </Polygon>
    </Placemark>
    <Placemark>
      <name>8766a510cffffff</name>
      <styleUrl>#h3_poly_style</styleUrl>
      <Polygon>
        <outerBoundaryIs>
          <LinearRing>
            <coordinates>-79.64933175226703,9.2059613758659,0 -79.65710167605228,9.196098797040303,0 -79.65168408686102,9.184656557656167,0 -79.63849624489592,9.183077988837946,0 -79.63072696848728,9.192941614841,0 -79.63614488629585,9.20438276244485,0 -79.64933175226703,9.2059613758659,0</coordinates>
          </LinearRing>
        </outerBoundaryIs>
      </Polygon>
    </Placemark>
    <Placemark>
      <name>8766a0a63ffffff</name>
      <styleUrl>#h3_poly_style</styleUrl>
      <Polygon>
        <outerBoundaryIs>
          <LinearRing>
            <coordinates>-80.15395919251128,8.637656571670936,0 -80.1617691611487,8.627704768480912,0 -80.15635353804697,8.616188812077192,0 -80.14312757903375,8.614625723371995,0 -80.13531821545584,8.62457857719204,0 -80.14073420545726,8.636093469041738,0 -80.15395919251128,8.637656571670936,0</coordinates>
          </LinearRing>
        </outerBoundaryIs>
      </Polygon>
    </Placemark>
    <Placemark>
      <name>8766b508bffffff</name>
      <styleUrl>#h3_poly_style</styleUrl>
      <Polygon>
        <outerBoundaryIs>
          <LinearRing>
            <coordinates>-82.7967208743487,8.766509508226934,0 -82.80464298372785,8.756499741642829,0 -82.79930588937775,8.745015147549656,0 -82.7860461267335,8.743541243858864,0 -82.77812438250912,8.753552124540137,0 -82.78346203540048,8.765035794738315,0 -82.7967208743487,8.766509508226934,0</coordinates>
          </LinearRing>
        </outerBoundaryIs>
      </Polygon>
    </Placemark>
    <Placemark>
      <name>8766a1da2ffffff</name>
      <styleUrl>#h3_poly_style</styleUrl>
      <Polygon>
        <outerBoundaryIs>
          <LinearRing>
            <coordinates>-80.18937603881575,8.50036113469877,0 -80.19719121346178,8.490391022757601,0 -80.19177407343463,8.478857491988188,0 -80.17854138856217,8.477295135390385,0 -80.1707268163543,8.487266296676788,0 -80.17614432620583,8.498798765169925,0 -80.18937603881575,8.50036113469877,0</coordinates>
          </LinearRing>
        </outerBoundaryIs>
      </Polygon>
    </Placemark>
    <Placemark>
      <name>8766a14d9ffffff</name>
      <styleUrl>#h3_poly_style</styleUrl>
      <Polygon>
        <outerBoundaryIs>
          <LinearRing>
            <coordinates>-80.26869293869301,7.787858180428027,0 -80.27652986501641,7.777798134316083,0 -80.27110234542864,7.766175150743091,0 -80.25783752177777,7.76461326827304,0 -80.25000119353824,7.774674353710177,0 -80.25542909048811,7.786296282245973,0 -80.26869293869301,7.787858180428027,0</coordinates>
          </LinearRing>
        </outerBoundaryIs>
      </Polygon>
    </Placemark>
    <Placemark>
      <name>8766a0a6bffffff</name>
      <styleUrl>#h3_poly_style</styleUrl>
      <Polygon>
        <outerBoundaryIs>
          <LinearRing>
            <coordinates>-80.11906825512901,8.59002500511735,0 -80.12687766960754,8.580068330502792,0 -80.12146036960813,8.56854623791982,0 -80.10823329030603,8.566981886176105,0 -80.10042448417579,8.576939609866665,0 -80.10584214862487,8.588460636179866,0 -80.11906825512901,8.59002500511735,0</coordinates>
          </LinearRing>
        </outerBoundaryIs>
      </Polygon>
    </Placemark>
    <Placemark>
      <name>8766a5ab4ffffff</name>
      <styleUrl>#h3_poly_style</styleUrl>
      <Polygon>
        <outerBoundaryIs>
          <LinearRing>
            <coordinates>-79.4585776413587,9.118305564857202,0 -79.46633969963248,9.108438225063681,0 -79.46091632427664,9.096984624494446,0 -79.44773057546259,9.095399465291747,0 -79.43996918166344,9.105267846620752,0 -79.44539287183262,9.116720345579433,0 -79.4585776413587,9.118305564857202,0</coordinates>
          </LinearRing>
        </outerBoundaryIs>
      </Polygon>
    </Placemark>
    <Placemark>
      <name>8766a5ab1ffffff</name>
      <styleUrl>#h3_poly_style</styleUrl>
      <Polygon>
        <outerBoundaryIs>
          <LinearRing>
            <coordinates>-79.44230656376506,9.083944184013777,0 -79.45006861553858,9.074072960416936,0 -79.44464428229439,9.0626148987791,0 -79.43145758321639,9.061029163143026,0 -79.42369619748942,9.070901427400816,0 -79.42912084442275,9.08235838659641,0 -79.44230656376506,9.083944184013777,0</coordinates>
          </LinearRing>
        </outerBoundaryIs>
      </Polygon>
    </Placemark>
    <Placemark>
      <name>8766b5285ffffff</name>
      <styleUrl>#h3_poly_style</styleUrl>
      <Polygon>
        <outerBoundaryIs>
          <LinearRing>
            <coordinates>-82.5651445021392,8.511685297475447,0 -82.5730643067811,8.501650504357539,0 -82.56771522829757,8.490129888155726,0 -82.55444580198954,8.488644999638455,0 -82.54652638440967,8.498680898193973,0 -82.55187600570075,8.510200579755251,0 -82.5651445021392,8.511685297475447,0</coordinates>
          </LinearRing>
        </outerBoundaryIs>
      </Polygon>
    </Placemark>
    <Placemark>
      <name>8766a216affffff</name>
      <styleUrl>#h3_poly_style</styleUrl>
      <Polygon>
        <outerBoundaryIs>
          <LinearRing>
            <coordinates>-81.58015333850793,8.312778708964357,0 -81.58803794891375,8.302745120899454,0 -81.58265500141384,8.291191574002156,0 -81.56938697102045,8.289672601880172,0 -81.56150283836757,8.299707269397874,0 -81.56688625797848,8.31125982952246,0 -81.58015333850793,8.312778708964357,0</coordinates>
          </LinearRing>
        </outerBoundaryIs>
      </Polygon>
    </Placemark>
    <Placemark>
      <name>8766a2a40ffffff</name>
      <styleUrl>#h3_poly_style</styleUrl>
      <Polygon>
        <outerBoundaryIs>
          <LinearRing>
            <coordinates>-81.21075674685214,8.193733634707131,0 -81.21862805555828,8.183695704661918,0 -81.21323247166977,8.172125246348696,0 -81.19996513319819,8.170593724131223,0 -81.19209433618963,8.180632723025097,0 -81.19749036557799,8.192202175229927,0 -81.21075674685214,8.193733634707131,0</coordinates>
          </LinearRing>
        </outerBoundaryIs>
      </Polygon>
    </Placemark>
    <Placemark>
      <name>8766a0a5cffffff</name>
      <styleUrl>#h3_poly_style</styleUrl>
      <Polygon>
        <outerBoundaryIs>
          <LinearRing>
            <coordinates>-80.20082859323217,8.577923306600894,0 -80.20864239594393,8.567962530802323,0 -80.2032268833862,8.55643893719492,0 -80.18999719726057,8.554877181244137,0 -80.18218399566754,8.56483900786305,0 -80.18759987870675,8.576361539566346,0 -80.20082859323217,8.577923306600894,0</coordinates>
          </LinearRing>
        </outerBoundaryIs>
      </Polygon>
    </Placemark>
    <Placemark>
      <name>8766a56abffffff</name>
      <styleUrl>#h3_poly_style</styleUrl>
      <Polygon>
        <outerBoundaryIs>
          <LinearRing>
            <coordinates>-79.97187426059696,8.64870903065267,0 -79.97967477253138,8.638764449262625,0 -79.97425495422743,8.627249844388997,0 -79.96103427011133,8.625680895061288,0 -79.95323437936459,8.635626522959946,0 -79.95865455117229,8.64714005363435,0 -79.97187426059696,8.64870903065267,0</coordinates>
          </LinearRing>
        </outerBoundaryIs>
      </Polygon>
    </Placemark>
    <Placemark>
      <name>8766b5662ffffff</name>
      <styleUrl>#h3_poly_style</styleUrl>
      <Polygon>
        <outerBoundaryIs>
          <LinearRing>
            <coordinates>-82.72953134632354,8.486353986309604,0 -82.7374580450794,8.476312226578958,0 -82.73211393080142,8.46478980372253,0 -82.71884256267438,8.463310066049333,0 -82.71091623591782,8.473352934715113,0 -82.71626090491412,8.48487443204319,0 -82.72953134632354,8.486353986309604,0</coordinates>
          </LinearRing>
        </outerBoundaryIs>
      </Polygon>
    </Placemark>
    <Placemark>
      <name>8766a5421ffffff</name>
      <styleUrl>#h3_poly_style</styleUrl>
      <Polygon>
        <outerBoundaryIs>
          <LinearRing>
            <coordinates>-80.08275753515784,9.095523451096218,0 -80.09055245333988,9.085632049147785,0 -80.08514306726538,9.074175527143213,0 -80.07193840202608,9.072611476251248,0 -80.06414409343614,9.082503933833413,0 -80.0695538401208,9.093959386628706,0 -80.08275753515784,9.095523451096218,0</coordinates>
          </LinearRing>
        </outerBoundaryIs>
      </Polygon>
    </Placemark>
    <Placemark>
      <name>8766b5358ffffff</name>
      <styleUrl>#h3_poly_style</styleUrl>
      <Polygon>
        <outerBoundaryIs>
          <LinearRing>
            <coordinates>-82.31610310676368,8.571068947296643,0 -82.32401168683403,8.561047438726773,0 -82.31865562112475,8.549532487605202,0 -82.30539045031531,8.548039993516026,0 -82.29748228001725,8.558062602507132,0 -82.30283887038112,8.569576605095094,0 -82.31610310676368,8.571068947296643,0</coordinates>
          </LinearRing>
        </outerBoundaryIs>
      </Polygon>
    </Placemark>
    <Placemark>
      <name>8766a0b59ffffff</name>
      <styleUrl>#h3_poly_style</styleUrl>
      <Polygon>
        <outerBoundaryIs>
          <LinearRing>
            <coordinates>-80.16780917667543,8.693645644120657,0 -80.17561843434574,8.683700441300525,0 -80.17020412219266,8.672191704641566,0 -80.15698018421087,8.670629234726498,0 -80.1491715301509,8.68057548935121,0 -80.1545862100882,8.692083162040642,0 -80.16780917667543,8.693645644120657,0</coordinates>
          </LinearRing>
        </outerBoundaryIs>
      </Polygon>
    </Placemark>
    <Placemark>
      <name>8766a5d48ffffff</name>
      <styleUrl>#h3_poly_style</styleUrl>
      <Polygon>
        <outerBoundaryIs>
          <LinearRing>
            <coordinates>-79.76538564505974,9.424627003304016,0 -79.77315611870326,9.41478886775137,0 -79.7677449989733,9.403375534582526,0 -79.75456306858446,9.401801422745162,0 -79.74679323121481,9.411640611092448,0 -79.75220468758937,9.423052858440862,0 -79.76538564505974,9.424627003304016,0</coordinates>
          </LinearRing>
        </outerBoundaryIs>
      </Polygon>
    </Placemark>
    <Placemark>
      <name>8766a5ba2ffffff</name>
      <styleUrl>#h3_poly_style</styleUrl>
      <Polygon>
        <outerBoundaryIs>
          <LinearRing>
            <coordinates>-79.40501696301173,9.241354786411014,0 -79.41277308636967,9.231505309259713,0 -79.40735069137845,9.220067854441911,0 -79.3941718620213,9.21848098111185,0 -79.38641640729371,9.22833150032066,0 -79.39183911292241,9.23976785076499,0 -79.40501696301173,9.241354786411014,0</coordinates>
          </LinearRing>
        </outerBoundaryIs>
      </Polygon>
    </Placemark>
    <Placemark>
      <name>8766b515bffffff</name>
      <styleUrl>#h3_poly_style</styleUrl>
      <Polygon>
        <outerBoundaryIs>
          <LinearRing>
            <coordinates>-82.56125534615342,8.881731275724908,0 -82.56916562002209,8.871741260593412,0 -82.56382275126278,8.860269743527011,0 -82.55056906701759,8.858789178815762,0 -82.54265917965057,8.868780304031901,0 -82.54800258965336,8.880250883800535,0 -82.56125534615342,8.881731275724908,0</coordinates>
          </LinearRing>
        </outerBoundaryIs>
      </Polygon>
    </Placemark>
    <Placemark>
      <name>8766164d1ffffff</name>
      <styleUrl>#h3_poly_style</styleUrl>
      <Polygon>
        <outerBoundaryIs>
          <LinearRing>
            <coordinates>-79.15860959803578,9.29780707792663,0 -79.16635100329857,9.287973752782172,0 -79.16092433455995,9.276544036058613,0 -79.14775596772634,9.274948761432906,0 -79.14001525232251,9.284783123779732,0 -79.14544221352375,9.29621172351581,0 -79.15860959803578,9.29780707792663,0</coordinates>
          </LinearRing>
        </outerBoundaryIs>
      </Polygon>
    </Placemark>
    <Placemark>
      <name>8766a6582ffffff</name>
      <styleUrl>#h3_poly_style</styleUrl>
      <Polygon>
        <outerBoundaryIs>
          <LinearRing>
            <coordinates>-82.22191118709198,9.364033804807098,0 -82.2297959103237,9.354112162545764,0 -82.22445049946896,9.342702655795971,0 -82.21121984978632,9.341215749065041,0 -82.20333554283054,9.35113849923463,0 -82.208681468909,9.362547048156355,0 -82.22191118709198,9.364033804807098,0</coordinates>
          </LinearRing>
        </outerBoundaryIs>
      </Polygon>
    </Placemark>
    <Placemark>
      <name>8766b5258ffffff</name>
      <styleUrl>#h3_poly_style</styleUrl>
      <Polygon>
        <outerBoundaryIs>
          <LinearRing>
            <coordinates>-82.33397822854229,8.420198953141448,0 -82.34189133316,8.410158865875164,0 -82.33653325059593,8.398624273466325,0 -82.32326153658637,8.397130714803295,0 -82.31534884049644,8.40717190084794,0 -82.32070744951258,8.418705546706065,0 -82.33397822854229,8.420198953141448,0</coordinates>
          </LinearRing>
        </outerBoundaryIs>
      </Polygon>
    </Placemark>
    <Placemark>
      <name>8766a039bffffff</name>
      <styleUrl>#h3_poly_style</styleUrl>
      <Polygon>
        <outerBoundaryIs>
          <LinearRing>
            <coordinates>-80.64804749311034,8.357948570704348,0 -80.6558886003908,8.34794680984951,0 -80.65048061134715,8.336395686954086,0 -80.63723111080348,8.334847362127235,0 -80.62939056545365,8.344850180989667,0 -80.63479895834077,8.356400266620094,0 -80.64804749311034,8.357948570704348,0</coordinates>
          </LinearRing>
        </outerBoundaryIs>
      </Polygon>
    </Placemark>
    <Placemark>
      <name>8766b522bffffff</name>
      <styleUrl>#h3_poly_style</styleUrl>
      <Polygon>
        <outerBoundaryIs>
          <LinearRing>
            <coordinates>-82.37962788002663,8.545473099974014,0 -82.38753961602242,8.535446919349564,0 -82.38218513361612,8.523929129836201,0 -82.36891838551475,8.5224384658035,0 -82.36100705353236,8.53246574798812,0 -82.36636206526278,8.54398259257349,0 -82.37962788002663,8.545473099974014,0</coordinates>
          </LinearRing>
        </outerBoundaryIs>
      </Polygon>
    </Placemark>
    <Placemark>
      <name>8766a50d1ffffff</name>
      <styleUrl>#h3_poly_style</styleUrl>
      <Polygon>
        <outerBoundaryIs>
          <LinearRing>
            <coordinates>-79.76150514596958,8.916640868250843,0 -79.76928815453603,8.906737227881381,0 -79.76386807661406,8.895257209978729,0 -79.75066465228943,8.893681918132243,0 -79.74288228242723,8.90358660412167,0 -79.74830269781283,8.915065536296575,0 -79.76150514596958,8.916640868250843,0</coordinates>
          </LinearRing>
        </outerBoundaryIs>
      </Polygon>
    </Placemark>
    <Placemark>
      <name>8766b5670ffffff</name>
      <styleUrl>#h3_poly_style</styleUrl>
      <Polygon>
        <outerBoundaryIs>
          <LinearRing>
            <coordinates>-82.76934265190725,8.49078988665663,0 -82.77727073269527,8.480747714921005,0 -82.77192801487227,8.469226260527574,0 -82.75865665832443,8.467747901190831,0 -82.75072894585881,8.477791182849273,0 -82.75607222124387,8.48931171384541,0 -82.76934265190725,8.49078988665663,0</coordinates>
          </LinearRing>
        </outerBoundaryIs>
      </Polygon>
    </Placemark>
    <Placemark>
      <name>8766a20a2ffffff</name>
      <styleUrl>#h3_poly_style</styleUrl>
      <Polygon>
        <outerBoundaryIs>
          <LinearRing>
            <coordinates>-81.91122181333049,8.241122688249982,0 -81.91912227613129,8.231071805022056,0 -81.9137479770975,8.219510932278629,0 -81.9004727184715,8.218001911029463,0 -81.89257270342198,8.228053880490886,0 -81.89794749887041,8.239613784901831,0 -81.91122181333049,8.241122688249982,0</coordinates>
          </LinearRing>
        </outerBoundaryIs>
      </Polygon>
    </Placemark>
    <Placemark>
      <name>8766a2532ffffff</name>
      <styleUrl>#h3_poly_style</styleUrl>
      <Polygon>
        <outerBoundaryIs>
          <LinearRing>
            <coordinates>-82.23317459864414,8.419773253294615,0 -82.24108370100286,8.409735624416983,0 -82.2357224228955,8.398200180740702,0 -82.22245152288477,8.396703317895163,0 -82.2145428383013,8.406742043178667,0 -82.21990463557749,8.41827653483182,0 -82.23317459864414,8.419773253294615,0</coordinates>
          </LinearRing>
        </outerBoundaryIs>
      </Polygon>
    </Placemark>
    <Placemark>
      <name>8766b5069ffffff</name>
      <styleUrl>#h3_poly_style</styleUrl>
      <Polygon>
        <outerBoundaryIs>
          <LinearRing>
            <coordinates>-82.47082326567576,8.795472733359418,0 -82.47873223376598,8.785474498895875,0 -82.47338496025456,8.773990611439801,0 -82.46012818323756,8.77250589999382,0 -82.45221961015716,8.782505241387925,0 -82.45756741870977,8.793988187224432,0 -82.47082326567576,8.795472733359418,0</coordinates>
          </LinearRing>
        </outerBoundaryIs>
      </Polygon>
    </Placemark>
    <Placemark>
      <name>8766a5ce1ffffff</name>
      <styleUrl>#h3_poly_style</styleUrl>
      <Polygon>
        <outerBoundaryIs>
          <LinearRing>
            <coordinates>-79.91921245325688,9.302889520569314,0 -79.92699388413381,9.293030298016488,0 -79.92158421715499,9.281600940896762,0 -79.90839277076064,9.28003188416349,0 -79.90061196310835,9.289892161410929,0 -79.90602197825422,9.301320440653713,0 -79.91921245325688,9.302889520569314,0</coordinates>
          </LinearRing>
        </outerBoundaryIs>
      </Polygon>
    </Placemark>
    <Placemark>
      <name>8766a5ce5ffffff</name>
      <styleUrl>#h3_poly_style</styleUrl>
      <Polygon>
        <outerBoundaryIs>
          <LinearRing>
            <coordinates>-79.91684102903588,9.32417244515954,0 -79.9246218044891,9.314316061804838,0 -79.91921245325688,9.302889520569314,0 -79.90602197825422,9.301320440653713,0 -79.89824182614915,9.31117787893237,0 -79.90365152532713,9.322603342159354,0 -79.91684102903588,9.32417244515954,0</coordinates>
          </LinearRing>
        </outerBoundaryIs>
      </Polygon>
    </Placemark>
    <Placemark>
      <name>8766a0a8effffff</name>
      <styleUrl>#h3_poly_style</styleUrl>
      <Polygon>
        <outerBoundaryIs>
          <LinearRing>
            <coordinates>-80.43898985993235,8.605961029607545,0 -80.44681467898616,8.595996339481017,0 -80.44140560148281,8.584476637358025,0 -80.42817131666493,8.582922674667078,0 -80.42034707737142,8.592888421660257,0 -80.42575654276057,8.604407074428776,0 -80.43898985993235,8.605961029607545,0</coordinates>
          </LinearRing>
        </outerBoundaryIs>
      </Polygon>
    </Placemark>
    <Placemark>
      <name>8766b5095ffffff</name>
      <styleUrl>#h3_poly_style</styleUrl>
      <Polygon>
        <outerBoundaryIs>
          <LinearRing>
            <coordinates>-82.868504172969,8.839788384436522,0 -82.87642708438018,8.829785736349168,0 -82.87109364186064,8.81831169952109,0 -82.85783672413875,8.81684123123323,0 -82.84991417110997,8.826844995967575,0 -82.85524817704736,8.83831811226523,0 -82.868504172969,8.839788384436522,0</coordinates>
          </LinearRing>
        </outerBoundaryIs>
      </Polygon>
    </Placemark>
    <Placemark>
      <name>8766a1d19ffffff</name>
      <styleUrl>#h3_poly_style</styleUrl>
      <Polygon>
        <outerBoundaryIs>
          <LinearRing>
            <coordinates>-80.05403859087889,8.4516777281773,0 -80.06184819525375,8.44170580207319,0 -80.05642691982906,8.430166022232866,0 -80.04319567966238,8.428599237767543,0 -80.03538668996075,8.438572209236236,0 -80.04080832537774,8.450110919761501,0 -80.05403859087889,8.4516777281773,0</coordinates>
          </LinearRing>
        </outerBoundaryIs>
      </Polygon>
    </Placemark>
    <Placemark>
      <name>8766a538effffff</name>
      <styleUrl>#h3_poly_style</styleUrl>
      <Polygon>
        <outerBoundaryIs>
          <LinearRing>
            <coordinates>-79.57289719620229,8.807399344135055,0 -79.58067308263995,8.797488087846016,0 -79.5752468148179,8.785994084536629,0 -79.56204433634029,8.784412432911683,0 -79.55426910566884,8.794324728771024,0 -79.55969569733627,8.805817636646374,0 -79.57289719620229,8.807399344135055,0</coordinates>
          </LinearRing>
        </outerBoundaryIs>
      </Polygon>
    </Placemark>
    <Placemark>
      <name>8766a50c3ffffff</name>
      <styleUrl>#h3_poly_style</styleUrl>
      <Polygon>
        <outerBoundaryIs>
          <LinearRing>
            <coordinates>-79.72189874705164,8.911913547334178,0 -79.72967981864765,8.902010630409597,0 -79.7242587485779,8.89053001243898,0 -79.71105627197262,8.888953399140672,0 -79.70327584259142,8.8988573606922,0 -79.70869724722819,8.910336890874532,0 -79.72189874705164,8.911913547334178,0</coordinates>
          </LinearRing>
        </outerBoundaryIs>
      </Polygon>
    </Placemark>
    <Placemark>
      <name>8766b5254ffffff</name>
      <styleUrl>#h3_poly_style</styleUrl>
      <Polygon>
        <outerBoundaryIs>
          <LinearRing>
            <coordinates>-82.36611947727387,8.489366407455327,0 -82.37403210134252,8.479333818224543,0 -82.36867622682912,8.46780854531755,0 -82.35540719933235,8.46631680685106,0 -82.34749498066185,8.47635049656602,0 -82.35285138371455,8.487874824191698,0 -82.36611947727387,8.489366407455327,0</coordinates>
          </LinearRing>
        </outerBoundaryIs>
      </Polygon>
    </Placemark>
    <Placemark>
      <name>8766a1d18ffffff</name>
      <styleUrl>#h3_poly_style</styleUrl>
      <Polygon>
        <outerBoundaryIs>
          <LinearRing>
            <coordinates>-80.07268975327959,8.464780954864224,0 -80.08049997061767,8.45481007477626,0 -80.07507937245877,8.44327196422074,0 -80.06184819525375,8.44170580207319,0 -80.05403859087889,8.4516777281773,0 -80.059459550371,8.46321477036842,0 -80.07268975327959,8.464780954864224,0</coordinates>
          </LinearRing>
        </outerBoundaryIs>
      </Polygon>
    </Placemark>
    <Placemark>
      <name>8766b539bffffff</name>
      <styleUrl>#h3_poly_style</styleUrl>
      <Polygon>
        <outerBoundaryIs>
          <LinearRing>
            <coordinates>-82.59723169521904,8.580768594988736,0 -82.60515098030501,8.5707413060703,0 -82.59980412991611,8.559230093143164,0 -82.58653744919043,8.55774710244755,0 -82.5786185480465,8.567775498468755,0 -82.58396594331144,8.579285778008497,0 -82.59723169521904,8.580768594988736,0</coordinates>
          </LinearRing>
        </outerBoundaryIs>
      </Polygon>
    </Placemark>
    <Placemark>
      <name>8766a2a63ffffff</name>
      <styleUrl>#h3_poly_style</styleUrl>
      <Polygon>
        <outerBoundaryIs>
          <LinearRing>
            <coordinates>-81.18714646118931,8.223838826711782,0 -81.19501594944082,8.213805196612379,0 -81.18962022298652,8.202238490774825,0 -81.17635456421581,8.200706422534477,0 -81.16848558970379,8.21074112138898,0 -81.17388175984605,8.222306819671132,0 -81.18714646118931,8.223838826711782,0</coordinates>
          </LinearRing>
        </outerBoundaryIs>
      </Polygon>
    </Placemark>
    <Placemark>
      <name>8766b52eeffffff</name>
      <styleUrl>#h3_poly_style</styleUrl>
      <Polygon>
        <outerBoundaryIs>
          <LinearRing>
            <coordinates>-82.41360369883328,8.429149886587037,0 -82.42151971207014,8.419108909478158,0 -82.41616432511653,8.407576142175436,0 -82.40289239238066,8.4060852941957,0 -82.3949767803382,8.416127372074543,0 -82.40033269946163,8.42765919709105,0 -82.41360369883328,8.429149886587037,0</coordinates>
          </LinearRing>
        </outerBoundaryIs>
      </Polygon>
    </Placemark>
    <Placemark>
      <name>8766a0700ffffff</name>
      <styleUrl>#h3_poly_style</styleUrl>
      <Polygon>
        <outerBoundaryIs>
          <LinearRing>
            <coordinates>-80.89785734075512,8.463444634333054,0 -80.90570756025043,8.45344851061312,0 -80.90030802432386,8.441911536809872,0 -80.88705784666149,8.440371710999726,0 -80.87920816624566,8.45036890027438,0 -80.88460812403679,8.461904849750121,0 -80.89785734075512,8.463444634333054,0</coordinates>
          </LinearRing>
        </outerBoundaryIs>
      </Polygon>
    </Placemark>
    <Placemark>
      <name>87661674effffff</name>
      <styleUrl>#h3_poly_style</styleUrl>
      <Polygon>
        <outerBoundaryIs>
          <LinearRing>
            <coordinates>-78.69395002875842,9.15501998760181,0 -78.70166913564059,9.145184911942504,0 -78.69623060515777,9.133737855590908,0 -78.68307270879853,9.132127015741794,0 -78.67535433264068,9.14196311582457,0 -78.68079312174923,9.153409031304781,0 -78.69395002875842,9.15501998760181,0</coordinates>
          </LinearRing>
        </outerBoundaryIs>
      </Polygon>
    </Placemark>
    <Placemark>
      <name>8766a5680ffffff</name>
      <styleUrl>#h3_poly_style</styleUrl>
      <Polygon>
        <outerBoundaryIs>
          <LinearRing>
            <coordinates>-80.03017413222642,8.666491651054285,0 -80.03797715518697,8.656547431594635,0 -80.03255903836607,8.6450351212647,0 -80.01933754046574,8.64346810151659,0 -80.01153513345052,8.653413369130982,0 -80.01695360801628,8.664924608294676,0 -80.03017413222642,8.666491651054285,0</coordinates>
          </LinearRing>
        </outerBoundaryIs>
      </Polygon>
    </Placemark>
    <Placemark>
      <name>8766b1904ffffff</name>
      <styleUrl>#h3_poly_style</styleUrl>
      <Polygon>
        <outerBoundaryIs>
          <LinearRing>
            <coordinates>-82.60177249189582,8.37370563812016,0 -82.60969719494668,8.363653499038154,0 -82.6043469523684,8.352115105861063,0 -82.5910714604391,8.350629783331648,0 -82.58314714142136,8.360683026830264,0 -82.58849792992429,8.372220488367459,0 -82.60177249189582,8.37370563812016,0</coordinates>
          </LinearRing>
        </outerBoundaryIs>
      </Polygon>
    </Placemark>
    <Placemark>
      <name>8766b576dffffff</name>
      <styleUrl>#h3_poly_style</styleUrl>
      <Polygon>
        <outerBoundaryIs>
          <LinearRing>
            <coordinates>-82.63445415782105,8.606746768227074,0 -82.6423742055634,8.596721695323701,0 -82.6370290174183,8.585214264771102,0 -82.62376323369472,8.583732838600739,0 -82.6158435664093,8.59375901981288,0 -82.62118930201594,8.605265518811844,0 -82.63445415782105,8.606746768227074,0</coordinates>
          </LinearRing>
        </outerBoundaryIs>
      </Polygon>
    </Placemark>
    <Placemark>
      <name>8766a3c86ffffff</name>
      <styleUrl>#h3_poly_style</styleUrl>
      <Polygon>
        <outerBoundaryIs>
          <LinearRing>
            <coordinates>-81.26412798367143,7.903861673313703,0 -81.2720089679524,7.893787460297124,0 -81.26660989826922,7.882180495858134,0 -81.25332939369417,7.880648745821157,0 -81.24544891720727,7.890724024307783,0 -81.25084843712322,7.902329987303091,0 -81.26412798367143,7.903861673313703,0</coordinates>
          </LinearRing>
        </outerBoundaryIs>
      </Polygon>
    </Placemark>
    <Placemark>
      <name>8766a3815ffffff</name>
      <styleUrl>#h3_poly_style</styleUrl>
      <Polygon>
        <outerBoundaryIs>
          <LinearRing>
            <coordinates>-80.71057582825225,7.982309020910189,0 -80.71842932146737,7.972259602968553,0 -80.71301648392812,7.960661085961249,0 -80.69974974338757,7.9591130189211245,0 -80.69189680781919,7.969163490276823,0 -80.69731005476714,7.9807609752068975,0 -80.71057582825225,7.982309020910189,0</coordinates>
          </LinearRing>
        </outerBoundaryIs>
      </Polygon>
    </Placemark>
    <Placemark>
      <name>8766a511affffff</name>
      <styleUrl>#h3_poly_style</styleUrl>
      <Polygon>
        <outerBoundaryIs>
          <LinearRing>
            <coordinates>-79.73317642533765,9.172807732988918,0 -79.74095154781317,9.162937990623083,0 -79.73553528862669,9.151491394982697,0 -79.7223435717611,9.149915629099215,0 -79.71456908942962,9.159786420109672,0 -79.7199856834481,9.171231928318042,0 -79.73317642533765,9.172807732988918,0</coordinates>
          </LinearRing>
        </outerBoundaryIs>
      </Polygon>
    </Placemark>
    <Placemark>
      <name>8766a56f4ffffff</name>
      <styleUrl>#h3_poly_style</styleUrl>
      <Polygon>
        <outerBoundaryIs>
          <LinearRing>
            <coordinates>-79.93221601299982,8.644000804936518,0 -79.94001462261221,8.634056913182,0 -79.93459378192404,8.622541704832667,0 -79.92137398064857,8.62097146447479,0 -79.91357599575791,8.630916401730513,0 -79.91899718704707,8.642430533800052,0 -79.93221601299982,8.644000804936518,0</coordinates>
          </LinearRing>
        </outerBoundaryIs>
      </Polygon>
    </Placemark>
    <Placemark>
      <name>8766a5a02ffffff</name>
      <styleUrl>#h3_poly_style</styleUrl>
      <Polygon>
        <outerBoundaryIs>
          <LinearRing>
            <coordinates>-79.30038355055521,9.099253485225676,0 -79.30813761167765,9.08938921067387,0 -79.30271046908732,9.0779333323058,0 -79.28952896176004,9.076342838228541,0 -79.28177557902418,9.086208150381884,0 -79.2872030248583,9.097662918975342,0 -79.30038355055521,9.099253485225676,0</coordinates>
          </LinearRing>
        </outerBoundaryIs>
      </Polygon>
    </Placemark>
    <Placemark>
      <name>8766b5703ffffff</name>
      <styleUrl>#h3_poly_style</styleUrl>
      <Polygon>
        <outerBoundaryIs>
          <LinearRing>
            <coordinates>-82.849439859568,8.663403955413434,0 -82.85736654486085,8.653380527486007,0 -82.85202944830132,8.64188273019698,0 -82.83876510338598,8.6404092810825,0 -82.83083877863656,8.650433823034952,0 -82.83617643788504,8.661930699999605,0 -82.849439859568,8.663403955413434,0</coordinates>
          </LinearRing>
        </outerBoundaryIs>
      </Polygon>
    </Placemark>
    <Placemark>
      <name>8766a2a41ffffff</name>
      <styleUrl>#h3_poly_style</styleUrl>
      <Polygon>
        <outerBoundaryIs>
          <LinearRing>
            <coordinates>-81.19209433618963,8.180632723025097,0 -81.19996513319819,8.170593724131223,0 -81.19456880086425,8.159021527681295,0 -81.18130122697241,8.157489337114002,0 -81.17343094339653,8.167529404205684,0 -81.17882771990271,8.17910059360922,0 -81.19209433618963,8.180632723025097,0</coordinates>
          </LinearRing>
        </outerBoundaryIs>
      </Polygon>
    </Placemark>
    <Placemark>
      <name>8766b56dcffffff</name>
      <styleUrl>#h3_poly_style</styleUrl>
      <Polygon>
        <outerBoundaryIs>
          <LinearRing>
            <coordinates>-82.90693944819074,8.353025175382715,0 -82.91487612746322,8.342963462744457,0 -82.90953566447503,8.331425249890986,0 -82.89625795390617,8.329949664419187,0 -82.88832163058811,8.340012488339998,0 -82.8936626615095,8.351549786372358,0 -82.90693944819074,8.353025175382715,0</coordinates>
          </LinearRing>
        </outerBoundaryIs>
      </Polygon>
    </Placemark>
    <Placemark>
      <name>8766b50e4ffffff</name>
      <styleUrl>#h3_poly_style</styleUrl>
      <Polygon>
        <outerBoundaryIs>
          <LinearRing>
            <coordinates>-82.66966324055835,8.817684099597583,0 -82.67757927562111,8.80768361341895,0 -82.67223885325113,8.79620458066299,0 -82.65898184619536,8.794726965084783,0 -82.65106618784247,8.804728563061037,0 -82.65640715946172,8.816206664742577,0 -82.66966324055835,8.817684099597583,0</coordinates>
          </LinearRing>
        </outerBoundaryIs>
      </Polygon>
    </Placemark>
    <Placemark>
      <name>8766aedb6ffffff</name>
      <styleUrl>#h3_poly_style</styleUrl>
      <Polygon>
        <outerBoundaryIs>
          <LinearRing>
            <coordinates>-80.3658362070518,7.4581934117540065,0 -80.37368615027523,7.448091034166602,0 -80.36825537345383,7.436427671988574,0 -80.35497426769774,7.434867735190676,0 -80.34712491508257,7.444971148460057,0 -80.35255607723624,7.45663346279826,0 -80.3658362070518,7.4581934117540065,0</coordinates>
          </LinearRing>
        </outerBoundaryIs>
      </Polygon>
    </Placemark>
    <Placemark>
      <name>8766a3daeffffff</name>
      <styleUrl>#h3_poly_style</styleUrl>
      <Polygon>
        <outerBoundaryIs>
          <LinearRing>
            <coordinates>-81.18580047777444,8.059405240152286,0 -81.19367403536181,8.049351789329796,0 -81.18827543948638,8.037764177692784,0 -81.17500284159095,8.036231023506675,0 -81.16712979840483,8.046285540449594,0 -81.17252883833535,8.057872145400758,0 -81.18580047777444,8.059405240152286,0</coordinates>
          </LinearRing>
        </outerBoundaryIs>
      </Polygon>
    </Placemark>
    <Placemark>
      <name>8766a5613ffffff</name>
      <styleUrl>#h3_poly_style</styleUrl>
      <Polygon>
        <outerBoundaryIs>
          <LinearRing>
            <coordinates>-79.94609822083787,8.699979030547226,0 -79.9538961374792,8.69004175533122,0 -79.94847659905518,8.678533736434757,0 -79.93525879212142,8.676964068385892,0 -79.92746149874753,8.686902390289909,0 -79.93288138866619,8.69840933351169,0 -79.94609822083787,8.699979030547226,0</coordinates>
          </LinearRing>
        </outerBoundaryIs>
      </Polygon>
    </Placemark>
    <Placemark>
      <name>8766a5773ffffff</name>
      <styleUrl>#h3_poly_style</styleUrl>
      <Polygon>
        <outerBoundaryIs>
          <LinearRing>
            <coordinates>-79.77332319353111,8.809666765551295,0 -79.78110949145963,8.799749080612068,0 -79.77568782167064,8.788255221096898,0 -79.76247951501658,8.786680131434963,0 -79.75469385518906,8.796598860673088,0 -79.76011586354163,8.808091635233176,0 -79.77332319353111,8.809666765551295,0</coordinates>
          </LinearRing>
        </outerBoundaryIs>
      </Polygon>
    </Placemark>
    <Placemark>
      <name>8766b52e4ffffff</name>
      <styleUrl>#h3_poly_style</styleUrl>
      <Polygon>
        <outerBoundaryIs>
          <LinearRing>
            <coordinates>-82.42710676299959,8.485294991721487,0 -82.43502188410363,8.475260407589744,0 -82.42966789137891,8.46373511261503,0 -82.41639824422205,8.462245343645,0 -82.40848352292855,8.472281029632333,0 -82.41383804860601,8.483805382661805,0 -82.42710676299959,8.485294991721487,0</coordinates>
          </LinearRing>
        </outerBoundaryIs>
      </Polygon>
    </Placemark>
    <Placemark>
      <name>8766a3b9dffffff</name>
      <styleUrl>#h3_poly_style</styleUrl>
      <Polygon>
        <outerBoundaryIs>
          <LinearRing>
            <coordinates>-80.56187629574039,7.690387753897897,0 -80.56972998216936,7.680307468983263,0 -80.56430822281956,7.668672513004064,0 -80.55103237744454,7.66711888041137,0 -80.54317926311519,7.6772002100736705,0 -80.54860142168286,7.688834127531329,0 -80.56187629574039,7.690387753897897,0</coordinates>
          </LinearRing>
        </outerBoundaryIs>
      </Polygon>
    </Placemark>
    <Placemark>
      <name>8766a3ba0ffffff</name>
      <styleUrl>#h3_poly_style</styleUrl>
      <Polygon>
        <outerBoundaryIs>
          <LinearRing>
            <coordinates>-80.53103126104068,7.785709602937435,0 -80.53888107761763,7.7756416371857515,0 -80.53346016595144,7.7640184331616515,0 -80.52018904062616,7.762464235596372,0 -80.51233979857874,7.772533247030748,0 -80.51776110694904,7.784155410298331,0 -80.53103126104068,7.785709602937435,0</coordinates>
          </LinearRing>
        </outerBoundaryIs>
      </Polygon>
    </Placemark>
    <Placemark>
      <name>8766a514cffffff</name>
      <styleUrl>#h3_poly_style</styleUrl>
      <Polygon>
        <outerBoundaryIs>
          <LinearRing>
            <coordinates>-79.5190848510536,9.114773615380136,0 -79.52685020775861,9.104903719165833,0 -79.5214281068139,9.09344960404372,0 -79.508240329534,9.091866483579848,0 -79.50047563201798,9.101737422676688,0 -79.5058980522216,9.113190439316586,0 -79.5190848510536,9.114773615380136,0</coordinates>
          </LinearRing>
        </outerBoundaryIs>
      </Polygon>
    </Placemark>
    <Placemark>
      <name>8766b5330ffffff</name>
      <styleUrl>#h3_poly_style</styleUrl>
      <Polygon>
        <outerBoundaryIs>
          <LinearRing>
            <coordinates>-82.45478008873347,8.761020116052446,0 -82.46268930617131,8.751018102135852,0 -82.45734092570946,8.739529482086372,0 -82.44408279343051,8.73804381814822,0 -82.43617397256078,8.748046938189379,0 -82.44152288702756,8.759534615971322,0 -82.45478008873347,8.761020116052446,0</coordinates>
          </LinearRing>
        </outerBoundaryIs>
      </Polygon>
    </Placemark>
    <Placemark>
      <name>8766b5723ffffff</name>
      <styleUrl>#h3_poly_style</styleUrl>
      <Polygon>
        <outerBoundaryIs>
          <LinearRing>
            <coordinates>-82.82307579109857,8.714973699581778,0 -82.83100018955646,8.70495709326939,0 -82.82566309281145,8.693465892380823,0 -82.81240103662023,8.691992219843677,0 -82.8044770010129,8.702009940220524,0 -82.80981465837236,8.713500218993074,0 -82.82307579109857,8.714973699581778,0</coordinates>
          </LinearRing>
        </outerBoundaryIs>
      </Polygon>
    </Placemark>
    <Placemark>
      <name>8766a562dffffff</name>
      <styleUrl>#h3_poly_style</styleUrl>
      <Polygon>
        <outerBoundaryIs>
          <LinearRing>
            <coordinates>-79.8014175852297,8.737063688081838,0 -79.80920715204496,8.727135845581575,0 -79.80378486771627,8.71563262188534,0 -79.79057267541363,8.714058324004355,0 -79.78278374451591,8.723987210359084,0 -79.78820636962999,8.735489350698973,0 -79.8014175852297,8.737063688081838,0</coordinates>
          </LinearRing>
        </outerBoundaryIs>
      </Polygon>
    </Placemark>
    <Placemark>
      <name>8766b509cffffff</name>
      <styleUrl>#h3_poly_style</styleUrl>
      <Polygon>
        <outerBoundaryIs>
          <LinearRing>
            <coordinates>-82.85250243751058,8.80536526250458,0 -82.86042563191162,8.795358841741477,0 -82.85509106458801,8.783880022565668,0 -82.8418327400931,8.782408545232332,0 -82.83390990562575,8.79241608185626,0 -82.83924503534614,8.803893979875337,0 -82.85250243751058,8.80536526250458,0</coordinates>
          </LinearRing>
        </outerBoundaryIs>
      </Polygon>
    </Placemark>
    <Placemark>
      <name>8766a5151ffffff</name>
      <styleUrl>#h3_poly_style</styleUrl>
      <Polygon>
        <outerBoundaryIs>
          <LinearRing>
            <coordinates>-79.5982127008325,9.124263251141862,0 -79.60598199194764,9.114391853207886,0 -79.6005618230927,9.102938927392634,0 -79.58737203770897,9.10135849386498,0 -79.57960339880144,9.111230936645189,0 -79.58502389269862,9.122682768067541,0 -79.5982127008325,9.124263251141862,0</coordinates>
          </LinearRing>
        </outerBoundaryIs>
      </Polygon>
    </Placemark>
    <Placemark>
      <name>8766164d2ffffff</name>
      <styleUrl>#h3_poly_style</styleUrl>
      <Polygon>
        <outerBoundaryIs>
          <LinearRing>
            <coordinates>-79.19811399943286,9.302590430771664,0 -79.20585743715841,9.292756311695973,0 -79.20043168178373,9.281327155544751,0 -79.18726219296406,9.27973323339672,0 -79.179519441641,9.289568390647624,0 -79.18494549236543,9.300996431836774,0 -79.19811399943286,9.302590430771664,0</coordinates>
          </LinearRing>
        </outerBoundaryIs>
      </Polygon>
    </Placemark>
    <Placemark>
      <name>8766a5155ffffff</name>
      <styleUrl>#h3_poly_style</styleUrl>
      <Polygon>
        <outerBoundaryIs>
          <LinearRing>
            <coordinates>-79.59586391614606,9.145581946990145,0 -79.60363254995787,9.135713387845096,0 -79.5982127008325,9.124263251141862,0 -79.58502389269862,9.122682768067541,0 -79.57725591121091,9.132552372308162,0 -79.58267608516167,9.144001414488276,0 -79.59586391614606,9.145581946990145,0</coordinates>
          </LinearRing>
        </outerBoundaryIs>
      </Polygon>
    </Placemark>
    <Placemark>
      <name>8766167a8ffffff</name>
      <styleUrl>#h3_poly_style</styleUrl>
      <Polygon>
        <outerBoundaryIs>
          <LinearRing>
            <coordinates>-78.92624985272023,9.226493324675504,0 -78.93398023316244,9.216659077952684,0 -78.92854754259963,9.205220562429806,0 -78.91538419567433,9.203617422530245,0 -78.90765452556677,9.213452700092894,0 -78.91308749168078,9.224890086684134,0 -78.92624985272023,9.226493324675504,0</coordinates>
          </LinearRing>
        </outerBoundaryIs>
      </Polygon>
    </Placemark>
    <Placemark>
      <name>8766a0ad8ffffff</name>
      <styleUrl>#h3_poly_style</styleUrl>
      <Polygon>
        <outerBoundaryIs>
          <LinearRing>
            <coordinates>-80.35058685355378,8.497572414644482,0 -80.35841007079014,8.487596940440735,0 -80.3529968830296,8.476063194215657,0 -80.33976009598933,8.474505975840806,0 -80.33193746681953,8.484482503165765,0 -80.33735103624825,8.496015195696563,0 -80.35058685355378,8.497572414644482,0</coordinates>
          </LinearRing>
        </outerBoundaryIs>
      </Polygon>
    </Placemark>
    <Placemark>
      <name>8766a2a6dffffff</name>
      <styleUrl>#h3_poly_style</styleUrl>
      <Polygon>
        <outerBoundaryIs>
          <LinearRing>
            <coordinates>-81.12869129286699,8.20614180788521,0 -81.1365585799758,8.196107660174153,0 -81.13116091983528,8.184538488442863,0 -81.11789553274677,8.18300447498931,0 -81.1100287647322,8.193039689784504,0 -81.11542686433494,8.204607850892236,0 -81.12869129286699,8.20614180788521,0</coordinates>
          </LinearRing>
        </outerBoundaryIs>
      </Polygon>
    </Placemark>
    <Placemark>
      <name>8766a3cb6ffffff</name>
      <styleUrl>#h3_poly_style</styleUrl>
      <Polygon>
        <outerBoundaryIs>
          <LinearRing>
            <coordinates>-81.29899903356872,7.951800091617473,0 -81.30688037334019,7.941730666283232,0 -81.30148311513247,7.9301298611695925,0 -81.2882040641276,7.928599481177887,0 -81.28032322882483,7.938669973609667,0 -81.28572093968027,7.950269778876906,0 -81.29899903356872,7.951800091617473,0</coordinates>
          </LinearRing>
        </outerBoundaryIs>
      </Polygon>
    </Placemark>
    <Placemark>
      <name>8766a0a58ffffff</name>
      <styleUrl>#h3_poly_style</styleUrl>
      <Polygon>
        <outerBoundaryIs>
          <LinearRing>
            <coordinates>-80.2032268833862,8.55643893719492,0 -80.2110413435706,8.546475397368969,0 -80.2056255170162,8.53494905109277,0 -80.1923948591941,8.53338730630955,0 -80.18458099999762,8.543351896681031,0 -80.18999719726057,8.554877181244137,0 -80.2032268833862,8.55643893719492,0</coordinates>
          </LinearRing>
        </outerBoundaryIs>
      </Polygon>
    </Placemark>
    <Placemark>
      <name>8766a5b05ffffff</name>
      <styleUrl>#h3_poly_style</styleUrl>
      <Polygon>
        <outerBoundaryIs>
          <LinearRing>
            <coordinates>-79.24226333103549,9.264837052764891,0 -79.25001010969997,9.254996410567609,0 -79.24458462630119,9.24356223654881,0 -79.23141206520904,9.241969817415512,0 -79.22366596927124,9.251811498265567,0 -79.22909175132895,9.263244559561084,0 -79.24226333103549,9.264837052764891,0</coordinates>
          </LinearRing>
        </outerBoundaryIs>
      </Polygon>
    </Placemark>
    <Placemark>
      <name>8766a5186ffffff</name>
      <styleUrl>#h3_poly_style</styleUrl>
      <Polygon>
        <outerBoundaryIs>
          <LinearRing>
            <coordinates>-79.8519071461999,9.186969503267775,0 -79.85968804225733,9.177097561682922,0 -79.85427477505026,9.165652861524164,0 -79.84108026791525,9.164081184200572,0 -79.83330000148663,9.173954177360686,0 -79.83871361219242,9.185397796226717,0 -79.8519071461999,9.186969503267775,0</coordinates>
          </LinearRing>
        </outerBoundaryIs>
      </Polygon>
    </Placemark>
    <Placemark>
      <name>8766a3901ffffff</name>
      <styleUrl>#h3_poly_style</styleUrl>
      <Polygon>
        <outerBoundaryIs>
          <LinearRing>
            <coordinates>-80.6350540741047,8.115919971753993,0 -80.64290062672663,8.10588895681181,0 -80.63748811488477,8.094307113838061,0 -80.62422864653027,8.092757322609815,0 -80.61638265787815,8.102789391365992,0 -80.62179557323378,8.114370197485528,0 -80.6350540741047,8.115919971753993,0</coordinates>
          </LinearRing>
        </outerBoundaryIs>
      </Polygon>
    </Placemark>
    <Placemark>
      <name>8766a669bffffff</name>
      <styleUrl>#h3_poly_style</styleUrl>
      <Polygon>
        <outerBoundaryIs>
          <LinearRing>
            <coordinates>-82.00467072114859,8.819146301661899,0 -82.01256044937708,8.809163021118215,0 -82.00719893001275,8.797678395448647,0 -81.9939471807029,8.796178017007716,0 -81.98605789005191,8.806162393994656,0 -81.99141991075867,8.817646052911625,0 -82.00467072114859,8.819146301661899,0</coordinates>
          </LinearRing>
        </outerBoundaryIs>
      </Polygon>
    </Placemark>
    <Placemark>
      <name>8766a38a3ffffff</name>
      <styleUrl>#h3_poly_style</styleUrl>
      <Polygon>
        <outerBoundaryIs>
          <LinearRing>
            <coordinates>-80.79506817723362,7.948287730721711,0 -80.80292651284654,7.938231794616123,0 -80.79751532868475,7.926629161237862,0 -80.78424539282639,7.925083491212224,0 -80.77638760735778,7.935140482201349,0 -80.78179920722552,7.946742088279875,0 -80.79506817723362,7.948287730721711,0</coordinates>
          </LinearRing>
        </outerBoundaryIs>
      </Polygon>
    </Placemark>
    <Placemark>
      <name>8766a5c63ffffff</name>
      <styleUrl>#h3_poly_style</styleUrl>
      <Polygon>
        <outerBoundaryIs>
          <LinearRing>
            <coordinates>-79.79342199162492,9.35258221944751,0 -79.80119572203834,9.342733731815537,0 -79.79578398934638,9.331310858233035,0 -79.78259818701703,9.329737556619778,0 -79.77482509070786,9.339587096732748,0 -79.78023716225272,9.351008885936107,0 -79.79342199162492,9.35258221944751,0</coordinates>
          </LinearRing>
        </outerBoundaryIs>
      </Polygon>
    </Placemark>
    <Placemark>
      <name>8766a3d60ffffff</name>
      <styleUrl>#h3_poly_style</styleUrl>
      <Polygon>
        <outerBoundaryIs>
          <LinearRing>
            <coordinates>-80.92335107111761,8.061887459248,0 -80.93121255284716,8.051841609622036,0 -80.92580677474207,8.040253535313683,0 -80.91253908971221,8.038712331540065,0 -80.90467814614375,8.048759241023362,0 -80.91008434906666,8.060346294368617,0 -80.92335107111761,8.061887459248,0</coordinates>
          </LinearRing>
        </outerBoundaryIs>
      </Polygon>
    </Placemark>
    <Placemark>
      <name>8766a2015ffffff</name>
      <styleUrl>#h3_poly_style</styleUrl>
      <Polygon>
        <outerBoundaryIs>
          <LinearRing>
            <coordinates>-81.80788869428673,8.26220400408991,0 -81.81578429782428,8.252158315205051,0 -81.81040723722882,8.240599526395625,0 -81.79713408388007,8.239087400501274,0 -81.78923893747748,8.24913417348339,0 -81.79461648691192,8.260691988197642,0 -81.80788869428673,8.26220400408991,0</coordinates>
          </LinearRing>
        </outerBoundaryIs>
      </Polygon>
    </Placemark>
    <Placemark>
      <name>8766a2a09ffffff</name>
      <styleUrl>#h3_poly_style</styleUrl>
      <Polygon>
        <outerBoundaryIs>
          <LinearRing>
            <coordinates>-81.2878772493363,8.224515985039718,0 -81.29575124120109,8.214479654242457,0 -81.2903583601345,8.202913425054698,0 -81.27709103577736,8.20138452870745,0 -81.26921754851361,8.211421930671289,0 -81.274610880629,8.222987157756998,0 -81.2878772493363,8.224515985039718,0</coordinates>
          </LinearRing>
        </outerBoundaryIs>
      </Polygon>
    </Placemark>
    <Placemark>
      <name>8766a5c09ffffff</name>
      <styleUrl>#h3_poly_style</styleUrl>
      <Polygon>
        <outerBoundaryIs>
          <LinearRing>
            <coordinates>-79.8935025706599,9.353732339852153,0 -79.90128141191455,9.343880584953197,0 -79.89587202868795,9.332457939653793,0 -79.88268345766306,9.330888128432756,0 -79.87490524169502,9.340740938114132,0 -79.88031497109397,9.35216250419105,0 -79.8935025706599,9.353732339852153,0</coordinates>
          </LinearRing>
        </outerBoundaryIs>
      </Polygon>
    </Placemark>
    <Placemark>
      <name>8766164d9ffffff</name>
      <styleUrl>#h3_poly_style</styleUrl>
      <Polygon>
        <outerBoundaryIs>
          <LinearRing>
            <coordinates>-79.12373248810327,9.25048840329897,0 -79.13147317016909,9.240650135189917,0 -79.12604494403946,9.229214289758659,0 -79.11287574548031,9.22761783120977,0 -79.10513575651585,9.237457135045327,0 -79.11056427263955,9.248891861669671,0 -79.12373248810327,9.25048840329897,0</coordinates>
          </LinearRing>
        </outerBoundaryIs>
      </Polygon>
    </Placemark>
    <Placemark>
      <name>8766a3801ffffff</name>
      <styleUrl>#h3_poly_style</styleUrl>
      <Polygon>
        <outerBoundaryIs>
          <LinearRing>
            <coordinates>-80.65209966391602,7.964516260489382,0 -80.65995082091344,7.954466372112947,0 -80.65453614009344,7.942865540339537,0 -80.64126989674173,7.941315632046952,0 -80.63341930272415,7.951366572125231,0 -80.63883438870093,7.962966368743286,0 -80.65209966391602,7.964516260489382,0</coordinates>
          </LinearRing>
        </outerBoundaryIs>
      </Polygon>
    </Placemark>
    <Placemark>
      <name>8766b5059ffffff</name>
      <styleUrl>#h3_poly_style</styleUrl>
      <Polygon>
        <outerBoundaryIs>
          <LinearRing>
            <coordinates>-82.55806171866544,8.739910228272194,0 -82.56597546737902,8.729903080163474,0 -82.56063006488885,8.718412601410282,0 -82.54737037180472,8.71693020726625,0 -82.53945701023781,8.726938463622718,0 -82.54480295423414,8.738428005801508,0 -82.55806171866544,8.739910228272194,0</coordinates>
          </LinearRing>
        </outerBoundaryIs>
      </Polygon>
    </Placemark>
    <Placemark>
      <name>8766b501cffffff</name>
      <styleUrl>#h3_poly_style</styleUrl>
      <Polygon>
        <outerBoundaryIs>
          <LinearRing>
            <coordinates>-82.70427580518836,8.865054944725335,0 -82.71219194619091,8.855059350891988,0 -82.70685347458246,8.843587004935923,0 -82.69359831003335,8.842111182258513,0 -82.68568254244799,8.85210788926585,0 -82.691021565621,8.863579305700892,0 -82.70427580518836,8.865054944725335,0</coordinates>
          </LinearRing>
        </outerBoundaryIs>
      </Polygon>
    </Placemark>
    <Placemark>
      <name>8766a542effffff</name>
      <styleUrl>#h3_poly_style</styleUrl>
      <Polygon>
        <outerBoundaryIs>
          <LinearRing>
            <coordinates>-80.08514306726538,9.074175527143213,0 -80.09293864120698,9.064281311990278,0 -80.08752894081739,9.05282199059817,0 -80.07432330527914,9.051257953370214,0 -80.06652834080211,9.061153223915467,0 -80.07193840202608,9.072611476251248,0 -80.08514306726538,9.074175527143213,0</coordinates>
          </LinearRing>
        </outerBoundaryIs>
      </Polygon>
    </Placemark>
    <Placemark>
      <name>8766a5729ffffff</name>
      <styleUrl>#h3_poly_style</styleUrl>
      <Polygon>
        <outerBoundaryIs>
          <LinearRing>
            <coordinates>-79.78722102815735,8.865533274929698,0 -79.79500664674002,8.85562224759862,0 -79.78958627158474,8.844135602726228,0 -79.77637993801174,8.842561069457558,0 -79.76859495607458,8.852473142250439,0 -79.77401567069211,8.863958702808883,0 -79.78722102815735,8.865533274929698,0</coordinates>
          </LinearRing>
        </outerBoundaryIs>
      </Polygon>
    </Placemark>
    <Placemark>
      <name>8766a2003ffffff</name>
      <styleUrl>#h3_poly_style</styleUrl>
      <Polygon>
        <outerBoundaryIs>
          <LinearRing>
            <coordinates>-81.7705880723822,8.236061839482126,0 -81.77848275990829,8.226013983039735,0 -81.77310413189095,8.21445160920578,0 -81.75983032976302,8.212938067705487,0 -81.75193610285501,8.222987006970046,0 -81.75731521708,8.234548404848244,0 -81.7705880723822,8.236061839482126,0</coordinates>
          </LinearRing>
        </outerBoundaryIs>
      </Polygon>
    </Placemark>
    <Placemark>
      <name>8766b1923ffffff</name>
      <styleUrl>#h3_poly_style</styleUrl>
      <Polygon>
        <outerBoundaryIs>
          <LinearRing>
            <coordinates>-82.58057425603039,8.38227110248462,0 -82.58849792992429,8.372220488367459,0 -82.58314714142136,8.360683026830264,0 -82.5698721342809,8.359197112195666,0 -82.56194884634985,8.369248830350616,0 -82.56730017922091,8.38078535902839,0 -82.58057425603039,8.38227110248462,0</coordinates>
          </LinearRing>
        </outerBoundaryIs>
      </Polygon>
    </Placemark>
    <Placemark>
      <name>8766a50e1ffffff</name>
      <styleUrl>#h3_poly_style</styleUrl>
      <Polygon>
        <outerBoundaryIs>
          <LinearRing>
            <coordinates>-79.67522602591659,8.971298917611948,0 -79.68300317979222,8.961405184985828,0 -79.67758208056202,8.949932291534166,0 -79.66438349606943,8.948354220955036,0 -79.65660698827226,8.958248997997549,0 -79.66202841851702,8.96972080116275,0 -79.67522602591659,8.971298917611948,0</coordinates>
          </LinearRing>
        </outerBoundaryIs>
      </Polygon>
    </Placemark>
    <Placemark>
      <name>8766a3d62ffffff</name>
      <styleUrl>#h3_poly_style</styleUrl>
      <Polygon>
        <outerBoundaryIs>
          <LinearRing>
            <coordinates>-80.94448004304121,8.053382170580228,0 -80.95234271742326,8.043334697632897,0 -80.94693736570868,8.031745603555594,0 -80.9336689128441,8.030205002140004,0 -80.92580677474207,8.040253535313683,0 -80.93121255284716,8.051841609622036,0 -80.94448004304121,8.053382170580228,0</coordinates>
          </LinearRing>
        </outerBoundaryIs>
      </Polygon>
    </Placemark>
    <Placemark>
      <name>8766b1d2dffffff</name>
      <styleUrl>#h3_poly_style</styleUrl>
      <Polygon>
        <outerBoundaryIs>
          <LinearRing>
            <coordinates>-82.94936866151153,8.335849277441449,0 -82.95730733255724,8.325784571410754,0 -82.95196801009392,8.314244532604619,0 -82.93868944517114,8.312770112112078,0 -82.93075112620164,8.32283593018416,0 -82.93609101970377,8.334375056629243,0 -82.94936866151153,8.335849277441449,0</coordinates>
          </LinearRing>
        </outerBoundaryIs>
      </Polygon>
    </Placemark>
    <Placemark>
      <name>8766b530bffffff</name>
      <styleUrl>#h3_poly_style</styleUrl>
      <Polygon>
        <outerBoundaryIs>
          <LinearRing>
            <coordinates>-82.38801716523648,8.644587048287775,0 -82.39592672162487,8.634572610860669,0 -82.39057420536369,8.623067962826775,0 -82.37731160274609,8.621578697273199,0 -82.36940244934553,8.631594237773081,0 -82.3747554951999,8.643097940681807,0 -82.38801716523648,8.644587048287775,0</coordinates>
          </LinearRing>
        </outerBoundaryIs>
      </Polygon>
    </Placemark>
    <Placemark>
      <name>8766a2150ffffff</name>
      <styleUrl>#h3_poly_style</styleUrl>
      <Polygon>
        <outerBoundaryIs>
          <LinearRing>
            <coordinates>-81.68091454991979,8.313363823122781,0 -81.68880347617862,8.303327622019314,0 -81.6834235060339,8.291774695844603,0 -81.67015412980867,8.290258952022718,0 -81.66226567212038,8.300296234974665,0 -81.66764612171016,8.311848179836524,0 -81.68091454991979,8.313363823122781,0</coordinates>
          </LinearRing>
        </outerBoundaryIs>
      </Polygon>
    </Placemark>
    <Placemark>
      <name>8766aeda0ffffff</name>
      <styleUrl>#h3_poly_style</styleUrl>
      <Polygon>
        <outerBoundaryIs>
          <LinearRing>
            <coordinates>-80.28615925713633,7.448828061920574,0 -80.29400550370508,7.438726858088795,0 -80.28857256455609,7.427062411247339,0 -80.27529299899213,7.425500220344218,0 -80.26744735022993,7.435602457712791,0 -80.27288066884627,7.447265852401567,0 -80.28615925713633,7.448828061920574,0</coordinates>
          </LinearRing>
        </outerBoundaryIs>
      </Polygon>
    </Placemark>
    <Placemark>
      <name>8766b502cffffff</name>
      <styleUrl>#h3_poly_style</styleUrl>
      <Polygon>
        <outerBoundaryIs>
          <LinearRing>
            <coordinates>-82.61703623455706,8.920567870254692,0 -82.62494765750677,8.91058118888627,0 -82.61960727249772,8.899115421664238,0 -82.60635491905319,8.897637270282878,0 -82.59844387739331,8.907625063489421,0 -82.60378480751463,8.91908989616445,0 -82.61703623455706,8.920567870254692,0</coordinates>
          </LinearRing>
        </outerBoundaryIs>
      </Polygon>
    </Placemark>
    <Placemark>
      <name>8766a1c35ffffff</name>
      <styleUrl>#h3_poly_style</styleUrl>
      <Polygon>
        <outerBoundaryIs>
          <LinearRing>
            <coordinates>-80.07746933439199,8.421757476031303,0 -80.08528086873376,8.411781077753458,0 -80.07985963914469,8.400237494369687,0 -80.06662651305464,8.398671377195924,0 -80.05881559141989,8.40864882091725,0 -80.06423718279315,8.420191336324452,0 -80.07746933439199,8.421757476031303,0</coordinates>
          </LinearRing>
        </outerBoundaryIs>
      </Polygon>
    </Placemark>
    <Placemark>
      <name>8766a1482ffffff</name>
      <styleUrl>#h3_poly_style</styleUrl>
      <Polygon>
        <outerBoundaryIs>
          <LinearRing>
            <coordinates>-80.41335984222164,7.9365561322585085,0 -80.42120017245033,7.926509816850024,0 -80.41577885715901,7.914905276220006,0 -80.40251682360028,7.913348098904451,0 -80.3946770779202,7.923395459760248,0 -80.40009878087294,7.934998952436219,0 -80.41335984222164,7.9365561322585085,0</coordinates>
          </LinearRing>
        </outerBoundaryIs>
      </Polygon>
    </Placemark>
    <Placemark>
      <name>8766b538cffffff</name>
      <styleUrl>#h3_poly_style</styleUrl>
      <Polygon>
        <outerBoundaryIs>
          <LinearRing>
            <coordinates>-82.53111686667386,8.627916514434746,0 -82.53903241646134,8.617896511525933,0 -82.53368422132375,8.606390925568872,0 -82.520419936068,8.604906279734303,0 -82.5125047761798,8.614927388825551,0 -82.51785351127337,8.626432037495347,0 -82.53111686667386,8.627916514434746,0</coordinates>
          </LinearRing>
        </outerBoundaryIs>
      </Polygon>
    </Placemark>
    <Placemark>
      <name>8766a56c1ffffff</name>
      <styleUrl>#h3_poly_style</styleUrl>
      <Polygon>
        <outerBoundaryIs>
          <LinearRing>
            <coordinates>-79.8810419619589,8.561800660614367,0 -79.88884000960562,8.551848073879837,0 -79.88341653351569,8.54032236084531,0 -79.87019466238118,8.538750313286844,0 -79.86239724432058,8.548703943030326,0 -79.86782106743424,8.560228577281162,0 -79.8810419619589,8.561800660614367,0</coordinates>
          </LinearRing>
        </outerBoundaryIs>
      </Polygon>
    </Placemark>
    <Placemark>
      <name>8766b5605ffffff</name>
      <styleUrl>#h3_poly_style</styleUrl>
      <Polygon>
        <outerBoundaryIs>
          <LinearRing>
            <coordinates>-82.84378431022549,8.542757854443705,0 -82.8517138468545,8.532720128451572,0 -82.84637449998168,8.521206271742617,0 -82.83310505338751,8.51973106069176,0 -82.82517587810173,8.529769899025403,0 -82.83051578769246,8.54128283599129,0 -82.84378431022549,8.542757854443705,0</coordinates>
          </LinearRing>
        </outerBoundaryIs>
      </Polygon>
    </Placemark>
    <Placemark>
      <name>8766b530affffff</name>
      <styleUrl>#h3_poly_style</styleUrl>
      <Polygon>
        <outerBoundaryIs>
          <LinearRing>
            <coordinates>-82.40663064956495,8.657577204943067,0 -82.41454060720092,8.64756387119167,0 -82.4091889088635,8.636061102084296,0 -82.39592672162487,8.634572610860669,0 -82.38801716523648,8.644587048287775,0 -82.39336939446437,8.656088873190631,0 -82.40663064956495,8.657577204943067,0</coordinates>
          </LinearRing>
        </outerBoundaryIs>
      </Polygon>
    </Placemark>
    <Placemark>
      <name>8766a07b5ffffff</name>
      <styleUrl>#h3_poly_style</styleUrl>
      <Polygon>
        <outerBoundaryIs>
          <LinearRing>
            <coordinates>-81.05932485067217,8.460355460909266,0 -81.06718258958819,8.450354288687016,0 -81.06178739712222,8.438817455593009,0 -81.04853403168349,8.437282810316427,0 -81.04067681728799,8.44728505186539,0 -81.04607244343465,8.458820869307967,0 -81.05932485067217,8.460355460909266,0</coordinates>
          </LinearRing>
        </outerBoundaryIs>
      </Polygon>
    </Placemark>
    <Placemark>
      <name>8766a501effffff</name>
      <styleUrl>#h3_poly_style</styleUrl>
      <Polygon>
        <outerBoundaryIs>
          <LinearRing>
            <coordinates>-79.74733468520597,9.044825315895311,0 -79.75511374924903,9.034938591091786,0 -79.74969558100318,9.023475248877704,0 -79.73649801219585,9.02189971803249,0 -79.72871958757834,9.031787489994027,0 -79.73413809197055,9.043249745601772,0 -79.74733468520597,9.044825315895311,0</coordinates>
          </LinearRing>
        </outerBoundaryIs>
      </Polygon>
    </Placemark>
    <Placemark>
      <name>8766b5061ffffff</name>
      <styleUrl>#h3_poly_style</styleUrl>
      <Polygon>
        <outerBoundaryIs>
          <LinearRing>
            <coordinates>-82.50546306382421,8.842870228328168,0 -82.51337217297534,8.832876884703849,0 -82.50802682969488,8.821399641404867,0 -82.49477183952014,8.81991668170852,0 -82.48686312208346,8.829911133654191,0 -82.49220900273313,8.841387436901433,0 -82.50546306382421,8.842870228328168,0</coordinates>
          </LinearRing>
        </outerBoundaryIs>
      </Polygon>
    </Placemark>
    <Placemark>
      <name>8766b1d66ffffff</name>
      <styleUrl>#h3_poly_style</styleUrl>
      <Polygon>
        <outerBoundaryIs>
          <LinearRing>
            <coordinates>-82.89351201528832,8.296801219065378,0 -82.90144962485988,8.286733178753536,0 -82.89610775074436,8.275187468792813,0 -82.88282769950871,8.273710714162725,0 -82.87489044725918,8.28377986467075,0 -82.88023288854802,8.295324659535165,0 -82.89351201528832,8.296801219065378,0</coordinates>
          </LinearRing>
        </outerBoundaryIs>
      </Polygon>
    </Placemark>
    <Placemark>
      <name>8766104a5ffffff</name>
      <styleUrl>#h3_poly_style</styleUrl>
      <Polygon>
        <outerBoundaryIs>
          <LinearRing>
            <coordinates>-78.2892515969505,8.824580158153198,0 -78.29695556782909,8.814716950842055,0 -78.29150368424791,8.803229470415706,0 -78.27834760001312,8.80160635915205,0 -78.27064439619386,8.811470576219714,0 -78.27609650918201,8.822956894771684,0 -78.2892515969505,8.824580158153198,0</coordinates>
          </LinearRing>
        </outerBoundaryIs>
      </Polygon>
    </Placemark>
    <Placemark>
      <name>8766a5009ffffff</name>
      <styleUrl>#h3_poly_style</styleUrl>
      <Polygon>
        <outerBoundaryIs>
          <LinearRing>
            <coordinates>-79.64954474397035,9.022323462155622,0 -79.65731927858107,9.012437158659006,0 -79.65189848711886,9.00097091155221,0 -79.63870283165208,8.999392059570043,0 -79.63092894516623,9.00927940763222,0 -79.63635006565035,9.020744563071233,0 -79.64954474397035,9.022323462155622,0</coordinates>
          </LinearRing>
        </outerBoundaryIs>
      </Polygon>
    </Placemark>
    <Placemark>
      <name>8766a30d5ffffff</name>
      <styleUrl>#h3_poly_style</styleUrl>
      <Polygon>
        <outerBoundaryIs>
          <LinearRing>
            <coordinates>-80.91002438237251,7.46662774421801,0 -80.91790014870587,7.456511245418835,0 -80.91248376060689,7.444849178824993,0 -80.89919118034678,7.4433046289151,0 -80.89131595542706,7.453422176967039,0 -80.89673276897429,7.465083225622419,0 -80.91002438237251,7.46662774421801,0</coordinates>
          </LinearRing>
        </outerBoundaryIs>
      </Polygon>
    </Placemark>
    <Placemark>
      <name>8766b1d2bffffff</name>
      <styleUrl>#h3_poly_style</styleUrl>
      <Polygon>
        <outerBoundaryIs>
          <LinearRing>
            <coordinates>-82.97318631047555,8.30565106054128,0 -82.98112661685064,8.295582257556935,0 -82.9757875869786,8.284038502844295,0 -82.96250767749963,8.282564461844956,0 -82.9545677210687,8.292634377015045,0 -82.95990732379757,8.304177220920314,0 -82.97318631047555,8.30565106054128,0</coordinates>
          </LinearRing>
        </outerBoundaryIs>
      </Polygon>
    </Placemark>
    <Placemark>
      <name>8766a2a68ffffff</name>
      <styleUrl>#h3_poly_style</styleUrl>
      <Polygon>
        <outerBoundaryIs>
          <LinearRing>
            <coordinates>-81.14982374129139,8.197641006979293,0 -81.15769220032962,8.187605240019021,0 -81.15229498122129,8.176035058855417,0 -81.13902886166552,8.17450165402728,0 -81.13116091983528,8.184538488442863,0 -81.1365585799758,8.196107660174153,0 -81.14982374129139,8.197641006979293,0</coordinates>
          </LinearRing>
        </outerBoundaryIs>
      </Polygon>
    </Placemark>
    <Placemark>
      <name>8766a5166ffffff</name>
      <styleUrl>#h3_poly_style</styleUrl>
      <Polygon>
        <outerBoundaryIs>
          <LinearRing>
            <coordinates>-79.54926588451872,9.204760828785089,0 -79.5570305826779,9.19490155150504,0 -79.55161072572773,9.183459189514926,0 -79.53842584896123,9.181877201711018,0 -79.53066180696362,9.191737523849579,0 -79.53608198519991,9.203178788894787,0 -79.54926588451872,9.204760828785089,0</coordinates>
          </LinearRing>
        </outerBoundaryIs>
      </Polygon>
    </Placemark>
    <Placemark>
      <name>8766a16deffffff</name>
      <styleUrl>#h3_poly_style</styleUrl>
      <Polygon>
        <outerBoundaryIs>
          <LinearRing>
            <coordinates>-80.06110553866147,7.477393537509876,0 -80.06893981052207,7.46730230930449,0 -80.06350183079209,7.455641586012895,0 -80.0502292160646,7.454073155525936,0 -80.04239556207911,7.464165412243436,0 -80.04783390456761,7.475825070892385,0 -80.06110553866147,7.477393537509876,0</coordinates>
          </LinearRing>
        </outerBoundaryIs>
      </Polygon>
    </Placemark>
    <Placemark>
      <name>8766a3180ffffff</name>
      <styleUrl>#h3_poly_style</styleUrl>
      <Polygon>
        <outerBoundaryIs>
          <LinearRing>
            <coordinates>-80.9838392525388,7.706551071574304,0 -80.99171243715894,7.6964609471700545,0 -80.98630218443465,7.684828564032843,0 -80.97301831648608,7.68328732075939,0 -80.96514566576458,7.693378500493934,0 -80.97055634871431,7.705009868116873,0 -80.9838392525388,7.706551071574304,0</coordinates>
          </LinearRing>
        </outerBoundaryIs>
      </Polygon>
    </Placemark>
    <Placemark>
      <name>8766a0334ffffff</name>
      <styleUrl>#h3_poly_style</styleUrl>
      <Polygon>
        <outerBoundaryIs>
          <LinearRing>
            <coordinates>-80.50459364718645,8.559227212403142,0 -80.51242281946546,8.549254683767995,0 -80.50701460454293,8.537729078415305,0 -80.49377682415418,8.536177047357485,0 -80.4859482259392,8.546150633700627,0 -80.49135683367376,8.557675193343892,0 -80.50459364718645,8.559227212403142,0</coordinates>
          </LinearRing>
        </outerBoundaryIs>
      </Polygon>
    </Placemark>
    <Placemark>
      <name>8766a2308ffffff</name>
      <styleUrl>#h3_poly_style</styleUrl>
      <Polygon>
        <outerBoundaryIs>
          <LinearRing>
            <coordinates>-81.47202665316284,8.026568033514703,0 -81.47991376180643,8.016502929248023,0 -81.47452274703954,8.004912275165191,0 -81.46124415817165,8.003387716164031,0 -81.45335753801173,8.01345389289157,0 -81.45874901785835,8.0250435560986,0 -81.47202665316284,8.026568033514703,0</coordinates>
          </LinearRing>
        </outerBoundaryIs>
      </Polygon>
    </Placemark>
    <Placemark>
      <name>8766a50c6ffffff</name>
      <styleUrl>#h3_poly_style</styleUrl>
      <Polygon>
        <outerBoundaryIs>
          <LinearRing>
            <coordinates>-79.7381600280889,8.946342621142998,0 -79.74594108254068,8.93644356567113,0 -79.74052098569696,8.924967407967177,0 -79.72731949834285,8.923391392676061,0 -79.71953908453087,8.933291493661734,0 -79.72495951706077,8.944766564383931,0 -79.7381600280889,8.946342621142998,0</coordinates>
          </LinearRing>
        </outerBoundaryIs>
      </Polygon>
    </Placemark>
    <Placemark>
      <name>8766a2029ffffff</name>
      <styleUrl>#h3_poly_style</styleUrl>
      <Polygon>
        <outerBoundaryIs>
          <LinearRing>
            <coordinates>-81.6884424819935,8.248580130208774,0 -81.69633336208742,8.238535928196246,0 -81.69095250197007,8.226974700272452,0 -81.67768028119058,8.225458654800711,0 -81.6697898691746,8.235503937873398,0 -81.67517120948334,8.247064185294137,0 -81.6884424819935,8.248580130208774,0</coordinates>
          </LinearRing>
        </outerBoundaryIs>
      </Polygon>
    </Placemark>
    <Placemark>
      <name>8766a06e9ffffff</name>
      <styleUrl>#h3_poly_style</styleUrl>
      <Polygon>
        <outerBoundaryIs>
          <LinearRing>
            <coordinates>-80.85262551676831,8.152235345472471,0 -80.86048143958006,8.1422024584464,0 -80.85507531318366,8.130625632180063,0 -80.8418128442109,8.129082718163357,0 -80.83395746563589,8.139116664814694,0 -80.83936401141987,8.150692465803926,0 -80.85262551676831,8.152235345472471,0</coordinates>
          </LinearRing>
        </outerBoundaryIs>
      </Polygon>
    </Placemark>
    <Placemark>
      <name>8766a2324ffffff</name>
      <styleUrl>#h3_poly_style</styleUrl>
      <Polygon>
        <outerBoundaryIs>
          <LinearRing>
            <coordinates>-81.47821329787945,8.147863454353743,0 -81.48609762718927,8.137812721941257,0 -81.48070887617517,8.126237527731517,0 -81.46743533030217,8.12471405718246,0 -81.4595514885349,8.134765864112154,0 -81.4649407047208,8.146340067012707,0 -81.47821329787945,8.147863454353743,0</coordinates>
          </LinearRing>
        </outerBoundaryIs>
      </Polygon>
    </Placemark>
    <Placemark>
      <name>8766b52ccffffff</name>
      <styleUrl>#h3_poly_style</styleUrl>
      <Polygon>
        <outerBoundaryIs>
          <LinearRing>
            <coordinates>-82.418725310374,8.38599695474858,0 -82.42664261584112,8.375950694992564,0 -82.421286654671,8.364412328499984,0 -82.40801285497187,8.362921163392182,0 -82.40009595033936,8.372968523439866,0 -82.40545244419566,8.384505948231563,0 -82.418725310374,8.38599695474858,0</coordinates>
          </LinearRing>
        </outerBoundaryIs>
      </Polygon>
    </Placemark>
    <Placemark>
      <name>8766b52deffffff</name>
      <styleUrl>#h3_poly_style</styleUrl>
      <Polygon>
        <outerBoundaryIs>
          <LinearRing>
            <coordinates>-82.50093005250797,8.373349850084937,0 -82.50885088057703,8.363300086785005,0 -82.50349735180913,8.351760763023087,0 -82.49022245593719,8.350272139620852,0 -82.48230202117924,8.360323004966324,0 -82.48765608860647,8.371861391595417,0 -82.50093005250797,8.373349850084937,0</coordinates>
          </LinearRing>
        </outerBoundaryIs>
      </Polygon>
    </Placemark>
    <Placemark>
      <name>8766a3b8effffff</name>
      <styleUrl>#h3_poly_style</styleUrl>
      <Polygon>
        <outerBoundaryIs>
          <LinearRing>
            <coordinates>-80.54074896706427,7.698912788715253,0 -80.54860142168286,7.688834127531329,0 -80.54317926311519,7.6772002100736705,0 -80.52990425191122,7.675645993476731,0 -80.52205237126455,7.685725699043927,0 -80.5274749274716,7.6973585767753585,0 -80.54074896706427,7.698912788715253,0</coordinates>
          </LinearRing>
        </outerBoundaryIs>
      </Polygon>
    </Placemark>
    <Placemark>
      <name>8766a5154ffffff</name>
      <styleUrl>#h3_poly_style</styleUrl>
      <Polygon>
        <outerBoundaryIs>
          <LinearRing>
            <coordinates>-79.61447128299397,9.158609172732003,0 -79.62224056744174,9.148741659296315,0 -79.61682136419047,9.137293220089644,0 -79.60363254995787,9.135713387845096,0 -79.59586391614606,9.145581946990145,0 -79.60128344555955,9.157029292630899,0 -79.61447128299397,9.158609172732003,0</coordinates>
          </LinearRing>
        </outerBoundaryIs>
      </Polygon>
    </Placemark>
    <Placemark>
      <name>876610402ffffff</name>
      <styleUrl>#h3_poly_style</styleUrl>
      <Polygon>
        <outerBoundaryIs>
          <LinearRing>
            <coordinates>-78.21032812254674,8.814834369871319,0 -78.21802769096197,8.804972866053967,0 -78.21257422853563,8.793484610000474,0 -78.19942097370978,8.791859023666897,0 -78.19172217914627,8.801721535227399,0 -78.19717586518914,8.813208625356491,0 -78.21032812254674,8.814834369871319,0</coordinates>
          </LinearRing>
        </outerBoundaryIs>
      </Polygon>
    </Placemark>
    <Placemark>
      <name>8766a0b5affffff</name>
      <styleUrl>#h3_poly_style</styleUrl>
      <Polygon>
        <outerBoundaryIs>
          <LinearRing>
            <coordinates>-80.20747969636902,8.698330467352626,0 -80.2152908129917,8.688384593985731,0 -80.2098775547734,8.676876497549827,0 -80.19665280887467,8.675315336321265,0 -80.18884229231449,8.68526226249546,0 -80.19425592121628,8.696769297044675,0 -80.20747969636902,8.698330467352626,0</coordinates>
          </LinearRing>
        </outerBoundaryIs>
      </Polygon>
    </Placemark>
    <Placemark>
      <name>8766a0b4cffffff</name>
      <styleUrl>#h3_poly_style</styleUrl>
      <Polygon>
        <outerBoundaryIs>
          <LinearRing>
            <coordinates>-80.12335806169284,8.731848056775485,0 -80.1311641387867,8.721909087639684,0 -80.12574940721089,8.710405245540082,0 -80.11252823373417,8.708841438940237,0 -80.10472276405388,8.718781459410408,0 -80.11013786006278,8.730284235100802,0 -80.12335806169284,8.731848056775485,0</coordinates>
          </LinearRing>
        </outerBoundaryIs>
      </Polygon>
    </Placemark>
    <Placemark>
      <name>8766a5aa3ffffff</name>
      <styleUrl>#h3_poly_style</styleUrl>
      <Polygon>
        <outerBoundaryIs>
          <LinearRing>
            <coordinates>-79.40275045061468,9.079185456484053,0 -79.41051051040999,9.069314993941266,0 -79.40508522934725,9.057856359621804,0 -79.39189957732205,9.056269292294118,0 -79.38414018705538,9.066140794512956,0 -79.38956577891418,9.07759832434659,0 -79.40275045061468,9.079185456484053,0</coordinates>
          </LinearRing>
        </outerBoundaryIs>
      </Polygon>
    </Placemark>
    <Placemark>
      <name>8766b52ebffffff</name>
      <styleUrl>#h3_poly_style</styleUrl>
      <Polygon>
        <outerBoundaryIs>
          <LinearRing>
            <coordinates>-82.39753618589407,8.394550668256969,0 -82.40545244419566,8.384505948231563,0 -82.40009595033936,8.372968523439866,0 -82.386822666678,8.371476761516663,0 -82.37890681113547,8.381522581455421,0 -82.38426383611953,8.393059063332132,0 -82.39753618589407,8.394550668256969,0</coordinates>
          </LinearRing>
        </outerBoundaryIs>
      </Polygon>
    </Placemark>
    <Placemark>
      <name>8766a030effffff</name>
      <styleUrl>#h3_poly_style</styleUrl>
      <Polygon>
        <outerBoundaryIs>
          <LinearRing>
            <coordinates>-80.45590730209193,8.455454546171781,0 -80.46373671727717,8.445470609988687,0 -80.45832546135519,8.433931612567978,0 -80.44508440037124,8.432377599213172,0 -80.43725556399171,8.442362590360162,0 -80.44266720941492,8.453900539849041,0 -80.45590730209193,8.455454546171781,0</coordinates>
          </LinearRing>
        </outerBoundaryIs>
      </Polygon>
    </Placemark>
    <Placemark>
      <name>8766aed20ffffff</name>
      <styleUrl>#h3_poly_style</styleUrl>
      <Polygon>
        <outerBoundaryIs>
          <LinearRing>
            <coordinates>-80.13833943993293,7.508543302535642,0 -80.146176828178,7.498453523307748,0 -80.14074126597023,7.486796466915911,0 -80.12746794674092,7.485230250309469,0 -80.11963116933441,7.495321060546733,0 -80.12506709994025,7.506977056336691,0 -80.13833943993293,7.508543302535642,0</coordinates>
          </LinearRing>
        </outerBoundaryIs>
      </Polygon>
    </Placemark>
    <Placemark>
      <name>8766a35a9ffffff</name>
      <styleUrl>#h3_poly_style</styleUrl>
      <Polygon>
        <outerBoundaryIs>
          <LinearRing>
            <coordinates>-81.3313196303789,7.669668977154992,0 -81.33920948952726,7.65956520936403,0 -81.33380830335487,7.647929192947296,0 -81.32051680182502,7.6463979404090985,0 -81.31262744510742,7.656502771352603,0 -81.31802908710989,7.668137791622874,0 -81.3313196303789,7.669668977154992,0</coordinates>
          </LinearRing>
        </outerBoundaryIs>
      </Polygon>
    </Placemark>
    <Placemark>
      <name>8766b56cdffffff</name>
      <styleUrl>#h3_poly_style</styleUrl>
      <Polygon>
        <outerBoundaryIs>
          <LinearRing>
            <coordinates>-82.8272784598179,8.34416601372898,0 -82.83521241767124,8.33410508326861,0 -82.82986912855988,8.322564925138279,0 -82.81659131897294,8.321086616494558,0 -82.80865772444473,8.331148656250907,0 -82.81400157580316,8.342687895278196,0 -82.8272784598179,8.34416601372898,0</coordinates>
          </LinearRing>
        </outerBoundaryIs>
      </Polygon>
    </Placemark>
    <Placemark>
      <name>8766b53b0ffffff</name>
      <styleUrl>#h3_poly_style</styleUrl>
      <Polygon>
        <outerBoundaryIs>
          <LinearRing>
            <coordinates>-82.60298072399797,8.701354361008134,0 -82.6108971723172,8.691341446308918,0 -82.6055525733484,8.679846263828408,0 -82.59229098081728,8.67836492987224,0 -82.5843749156156,8.688378953369522,0 -82.58972005945319,8.699873201950453,0 -82.60298072399797,8.701354361008134,0</coordinates>
          </LinearRing>
        </outerBoundaryIs>
      </Polygon>
    </Placemark>
    <Placemark>
      <name>8766b5a2cffffff</name>
      <styleUrl>#h3_poly_style</styleUrl>
      <Polygon>
        <outerBoundaryIs>
          <LinearRing>
            <coordinates>-82.19073517254368,8.948839908579052,0 -82.19862918117326,8.93886762518424,0 -82.19327565121313,8.927401759661002,0 -82.18002759789567,8.925909134960344,0 -82.17213400950367,8.935882520730406,0 -82.17748805381757,8.947347428755986,0 -82.19073517254368,8.948839908579052,0</coordinates>
          </LinearRing>
        </outerBoundaryIs>
      </Polygon>
    </Placemark>
    <Placemark>
      <name>8766a1d74ffffff</name>
      <styleUrl>#h3_poly_style</styleUrl>
      <Polygon>
        <outerBoundaryIs>
          <LinearRing>
            <coordinates>-79.94886756475564,8.49367105211008,0 -79.9566707837782,8.483707727333858,0 -79.95124772405164,8.472173305483803,0 -79.9380210927646,8.47060328338376,0 -79.93021849758946,8.480567651696465,0 -79.93564190947946,8.492100998529823,0 -79.94886756475564,8.49367105211008,0</coordinates>
          </LinearRing>
        </outerBoundaryIs>
      </Polygon>
    </Placemark>
    <Placemark>
      <name>8766b570affffff</name>
      <styleUrl>#h3_poly_style</styleUrl>
      <Polygon>
        <outerBoundaryIs>
          <LinearRing>
            <coordinates>-82.83342716287862,8.628909569099545,0 -82.84135412986458,8.618882386125312,0 -82.8360159080936,8.607379841142818,0 -82.822750157297,8.605905399998695,0 -82.81482355240867,8.615933696187781,0 -82.82016233584515,8.627435320229086,0 -82.83342716287862,8.628909569099545,0</coordinates>
          </LinearRing>
        </outerBoundaryIs>
      </Polygon>
    </Placemark>
    <Placemark>
      <name>8766a56e8ffffff</name>
      <styleUrl>#h3_poly_style</styleUrl>
      <Polygon>
        <outerBoundaryIs>
          <LinearRing>
            <coordinates>-79.83900888791312,8.57855580005811,0 -79.84680435687903,8.568606687231107,0 -79.8413801883055,8.557083132894524,0 -79.82816020649588,8.55550977238692,0 -79.82036537076957,8.565459927492759,0 -79.82578988323931,8.576982400785704,0 -79.83900888791312,8.57855580005811,0</coordinates>
          </LinearRing>
        </outerBoundaryIs>
      </Polygon>
    </Placemark>
    <Placemark>
      <name>8766a16c6ffffff</name>
      <styleUrl>#h3_poly_style</styleUrl>
      <Polygon>
        <outerBoundaryIs>
          <LinearRing>
            <coordinates>-80.03521264942067,7.529397201281802,0 -80.04304431550867,7.519312968885418,0 -80.0376066090994,7.507658586159246,0 -80.02433687550023,7.506089502136823,0 -80.01650582939867,7.516174763389456,0 -80.0219438965317,7.527828079765135,0 -80.03521264942067,7.529397201281802,0</coordinates>
          </LinearRing>
        </outerBoundaryIs>
      </Polygon>
    </Placemark>
    <Placemark>
      <name>8766a5756ffffff</name>
      <styleUrl>#h3_poly_style</styleUrl>
      <Polygon>
        <outerBoundaryIs>
          <LinearRing>
            <coordinates>-79.81531460863943,8.792977873407635,0 -79.82310349351026,8.783056673362973,0 -79.81768250552831,8.77156064727869,0 -79.80447229061879,8.769986903924826,0 -79.79668404020958,8.779909148999884,0 -79.80210536987511,8.791404092356844,0 -79.81531460863943,8.792977873407635,0</coordinates>
          </LinearRing>
        </outerBoundaryIs>
      </Polygon>
    </Placemark>
    <Placemark>
      <name>8766a20a5ffffff</name>
      <styleUrl>#h3_poly_style</styleUrl>
      <Polygon>
        <outerBoundaryIs>
          <LinearRing>
            <coordinates>-81.86887615814962,8.258201348080613,0 -81.8767744230254,8.248153599915948,0 -81.87139913272748,8.236594665047347,0 -81.85812508389279,8.235084449028845,0 -81.85022727059103,8.245133282676795,0 -81.85560305417322,8.2566912467943,0 -81.86887615814962,8.258201348080613,0</coordinates>
          </LinearRing>
        </outerBoundaryIs>
      </Polygon>
    </Placemark>
    <Placemark>
      <name>8766a1d98ffffff</name>
      <styleUrl>#h3_poly_style</styleUrl>
      <Polygon>
        <outerBoundaryIs>
          <LinearRing>
            <coordinates>-80.22002453545439,8.405894110491392,0 -80.22784360021,8.39591127802705,0 -80.22242557524781,8.384365721007388,0 -80.20918811285419,8.38280405674053,0 -80.2013696481686,8.392787937786302,0 -80.2067880454313,8.40433243447138,0 -80.22002453545439,8.405894110491392,0</coordinates>
          </LinearRing>
        </outerBoundaryIs>
      </Polygon>
    </Placemark>
    <Placemark>
      <name>8766b568dffffff</name>
      <styleUrl>#h3_poly_style</styleUrl>
      <Polygon>
        <outerBoundaryIs>
          <LinearRing>
            <coordinates>-82.95758626242095,8.435212679914077,0 -82.96552271462264,8.425159531665905,0 -82.96018536468816,8.41363263674263,0 -82.94691099091199,8.412159802707041,0 -82.93897488980458,8.422214064528605,0 -82.94431281100447,8.433740046734044,0 -82.95758626242095,8.435212679914077,0</coordinates>
          </LinearRing>
        </outerBoundaryIs>
      </Polygon>
    </Placemark>
    <Placemark>
      <name>8766a3d24ffffff</name>
      <styleUrl>#h3_poly_style</styleUrl>
      <Polygon>
        <outerBoundaryIs>
          <LinearRing>
            <coordinates>-81.05157118564271,8.175328041291145,0 -81.05943573072291,8.16529231682967,0 -81.0540354081778,8.153718969434681,0 -81.04077010627202,8.15218236107735,0 -81.03290608737092,8.16221915029494,0 -81.03830684381944,8.173791483057808,0 -81.05157118564271,8.175328041291145,0</coordinates>
          </LinearRing>
        </outerBoundaryIs>
      </Polygon>
    </Placemark>
    <Placemark>
      <name>8766b1d4effffff</name>
      <styleUrl>#h3_poly_style</styleUrl>
      <Polygon>
        <outerBoundaryIs>
          <LinearRing>
            <coordinates>-82.88527073848111,8.197280483289934,0 -82.89321056483516,8.187200927014077,0 -82.88786671680899,8.175642152457884,0 -82.8745824751116,8.174163848817523,0 -82.866643007068,8.18424451370381,0 -82.87198742203574,8.195802373542683,0 -82.88527073848111,8.197280483289934,0</coordinates>
          </LinearRing>
        </outerBoundaryIs>
      </Polygon>
    </Placemark>
    <Placemark>
      <name>876613785ffffff</name>
      <styleUrl>#h3_poly_style</styleUrl>
      <Polygon>
        <outerBoundaryIs>
          <LinearRing>
            <coordinates>-78.16397112134405,7.534763225751285,0 -78.17169958613324,7.524740559961874,0 -78.16622288749682,7.513096040644224,0 -78.15301750167946,7.511475354157917,0 -78.14528982110672,7.521499002518557,0 -78.15076674176275,7.533142354774383,0 -78.16397112134405,7.534763225751285,0</coordinates>
          </LinearRing>
        </outerBoundaryIs>
      </Polygon>
    </Placemark>
    <Placemark>
      <name>87679b641ffffff</name>
      <styleUrl>#h3_poly_style</styleUrl>
      <Polygon>
        <outerBoundaryIs>
          <LinearRing>
            <coordinates>-82.5899972712168,9.480794707734704,0 -82.5978934173287,9.470877822258753,0 -82.59256176743115,9.459487950812305,0 -82.57933342983193,9.458015903756317,0 -82.5714376661081,9.467933906681765,0 -82.5767698572239,9.479322839138892,0 -82.5899972712168,9.480794707734704,0</coordinates>
          </LinearRing>
        </outerBoundaryIs>
      </Polygon>
    </Placemark>
    <Placemark>
      <name>8766b5325ffffff</name>
      <styleUrl>#h3_poly_style</styleUrl>
      <Polygon>
        <outerBoundaryIs>
          <LinearRing>
            <coordinates>-82.37268244559696,8.773586157699423,0 -82.38058813131748,8.763587744032812,0 -82.37523733715707,8.75210006500592,0 -82.36198032885036,8.7506117463322,0 -82.35407504718933,8.760611264382437,0 -82.35942636940113,8.772097996650892,0 -82.37268244559696,8.773586157699423,0</coordinates>
          </LinearRing>
        </outerBoundaryIs>
      </Polygon>
    </Placemark>
    <Placemark>
      <name>8766b5ac1ffffff</name>
      <styleUrl>#h3_poly_style</styleUrl>
      <Polygon>
        <outerBoundaryIs>
          <LinearRing>
            <coordinates>-82.25337922791243,8.76017580873562,0 -82.26128052564643,8.75017881349629,0 -82.25592572084503,8.738688334469071,0 -82.2426690984382,8.737195803698118,0 -82.23476821572109,8.747193900385577,0 -82.24012354001934,8.758683426325364,0 -82.25337922791243,8.76017580873562,0</coordinates>
          </LinearRing>
        </outerBoundaryIs>
      </Polygon>
    </Placemark>
    <Placemark>
      <name>8766a21adffffff</name>
      <styleUrl>#h3_poly_style</styleUrl>
      <Polygon>
        <outerBoundaryIs>
          <LinearRing>
            <coordinates>-81.81646175913163,8.361623349697634,0 -81.82435521684643,8.351589399600147,0 -81.818980121015,8.340043506578455,0 -81.80571107794076,8.33853253784743,0 -81.79781807628792,8.348567573707385,0 -81.80319366127097,8.360112492470774,0 -81.81646175913163,8.361623349697634,0</coordinates>
          </LinearRing>
        </outerBoundaryIs>
      </Polygon>
    </Placemark>
    <Placemark>
      <name>8766b546dffffff</name>
      <styleUrl>#h3_poly_style</styleUrl>
      <Polygon>
        <outerBoundaryIs>
          <LinearRing>
            <coordinates>-82.89486593878794,8.788291595159505,0 -82.90279113003261,8.77828210122435,0 -82.89745769214309,8.766801443333582,0 -82.88419849714502,8.765331198057517,0 -82.87627366197535,8.775341808621079,0 -82.88160766535528,8.78682154775446,0 -82.89486593878794,8.788291595159505,0</coordinates>
          </LinearRing>
        </outerBoundaryIs>
      </Polygon>
    </Placemark>
    <Placemark>
      <name>8766b539cffffff</name>
      <styleUrl>#h3_poly_style</styleUrl>
      <Polygon>
        <outerBoundaryIs>
          <LinearRing>
            <coordinates>-82.59208790479641,8.623829180863737,0 -82.60000590171634,8.613807191844181,0 -82.59465962020083,8.60230162560431,0 -82.58139479703473,8.600818982273228,0 -82.57347718442365,8.610842078839257,0 -82.57882401029522,8.622346711115622,0 -82.59208790479641,8.623829180863737,0</coordinates>
          </LinearRing>
        </outerBoundaryIs>
      </Polygon>
    </Placemark>
    <Placemark>
      <name>876616558ffffff</name>
      <styleUrl>#h3_poly_style</styleUrl>
      <Polygon>
        <outerBoundaryIs>
          <LinearRing>
            <coordinates>-78.9799146895396,9.46973607543175,0 -78.9876419720676,9.459931910307592,0 -78.98221463617465,9.44852513990568,0 -78.96905973833567,9.446923660495475,0 -78.96133316038632,9.456728861152286,0 -78.9667607753289,9.468134505654568,0 -78.9799146895396,9.46973607543175,0</coordinates>
          </LinearRing>
        </outerBoundaryIs>
      </Polygon>
    </Placemark>
    <Placemark>
      <name>8766b56ccffffff</name>
      <styleUrl>#h3_poly_style</styleUrl>
      <Polygon>
        <outerBoundaryIs>
          <LinearRing>
            <coordinates>-82.84589786901766,8.357180707943243,0 -82.85383218844841,8.347120887393192,0 -82.84848974473142,8.335582615999488,0 -82.83521241767124,8.33410508326861,0 -82.8272784598179,8.34416601372898,0 -82.83262146707223,8.355703366932902,0 -82.84589786901766,8.357180707943243,0</coordinates>
          </LinearRing>
        </outerBoundaryIs>
      </Polygon>
    </Placemark>
    <Placemark>
      <name>8766a5b00ffffff</name>
      <styleUrl>#h3_poly_style</styleUrl>
      <Polygon>
        <outerBoundaryIs>
          <LinearRing>
            <coordinates>-79.26318272981214,9.256588190548007,0 -79.27093084730491,9.246745723835767,0 -79.26550566411488,9.235310438162637,0 -79.2523320628533,9.233718730820764,0 -79.24458462630119,9.24356223654881,0 -79.25001010969997,9.254996410567609,0 -79.26318272981214,9.256588190548007,0</coordinates>
          </LinearRing>
        </outerBoundaryIs>
      </Polygon>
    </Placemark>
    <Placemark>
      <name>8766a5a92ffffff</name>
      <styleUrl>#h3_poly_style</styleUrl>
      <Polygon>
        <outerBoundaryIs>
          <LinearRing>
            <coordinates>-79.50750251217357,9.03774034367743,0 -79.51526918333484,9.027860891998461,0 -79.50984547956367,9.016396751552161,0 -79.49665478569234,9.014813161794603,0 -79.48888877506319,9.024693654969841,0 -79.49431279740172,9.036156696368304,0 -79.50750251217357,9.03774034367743,0</coordinates>
          </LinearRing>
        </outerBoundaryIs>
      </Polygon>
    </Placemark>
    <Placemark>
      <name>8766b1936ffffff</name>
      <styleUrl>#h3_poly_style</styleUrl>
      <Polygon>
        <outerBoundaryIs>
          <LinearRing>
            <coordinates>-82.65764085634996,8.41275762852386,0 -82.66556670102395,8.40270880638443,0 -82.66021895746213,8.391176035375203,0 -82.64694481904169,8.389693015319754,0 -82.63901935316282,8.399742943721076,0 -82.64436764653401,8.411274785841044,0 -82.65764085634996,8.41275762852386,0</coordinates>
          </LinearRing>
        </outerBoundaryIs>
      </Polygon>
    </Placemark>
    <Placemark>
      <name>8766a3900ffffff</name>
      <styleUrl>#h3_poly_style</styleUrl>
      <Polygon>
        <outerBoundaryIs>
          <LinearRing>
            <coordinates>-80.65372462633785,8.129048236135727,0 -80.66157174120247,8.119018275671326,0 -80.65615994401095,8.107438118079843,0 -80.64290062672663,8.10588895681181,0 -80.6350540741047,8.115919971753993,0 -80.64046627614748,8.127499093435302,0 -80.65372462633785,8.129048236135727,0</coordinates>
          </LinearRing>
        </outerBoundaryIs>
      </Polygon>
    </Placemark>
    <Placemark>
      <name>8766a2a9dffffff</name>
      <styleUrl>#h3_poly_style</styleUrl>
      <Polygon>
        <outerBoundaryIs>
          <LinearRing>
            <coordinates>-81.4943775876671,8.182576278086227,0 -81.50226174995292,8.17252928724465,0 -81.49687406413837,8.160958602656967,0 -81.4836017494127,8.159435899493555,0 -81.47571807309006,8.169483965775012,0 -81.48110622515279,8.181053659718803,0 -81.4943775876671,8.182576278086227,0</coordinates>
          </LinearRing>
        </outerBoundaryIs>
      </Polygon>
    </Placemark>
    <Placemark>
      <name>8766a5510ffffff</name>
      <styleUrl>#h3_poly_style</styleUrl>
      <Polygon>
        <outerBoundaryIs>
          <LinearRing>
            <coordinates>-80.17103067510376,9.203235799619666,0 -80.17882730575093,9.193355319322825,0 -80.17342193797386,9.181913112848214,0 -80.16021957236032,9.180352451373135,0 -80.1524235430619,9.190233990806941,0 -80.15782927765592,9.201675132532595,0 -80.17103067510376,9.203235799619666,0</coordinates>
          </LinearRing>
        </outerBoundaryIs>
      </Polygon>
    </Placemark>
    <Placemark>
      <name>8766b52adffffff</name>
      <styleUrl>#h3_poly_style</styleUrl>
      <Polygon>
        <outerBoundaryIs>
          <LinearRing>
            <coordinates>-82.5041532755144,8.515776489889248,0 -82.5120706234616,8.50574367151442,0 -82.50671963545284,8.494223049284889,0 -82.49345076072028,8.492736183334834,0 -82.48553380542994,8.502770105778218,0 -82.49088533184016,8.514289790029892,0 -82.5041532755144,8.515776489889248,0</coordinates>
          </LinearRing>
        </outerBoundaryIs>
      </Polygon>
    </Placemark>
    <Placemark>
      <name>8766a3809ffffff</name>
      <styleUrl>#h3_poly_style</styleUrl>
      <Polygon>
        <outerBoundaryIs>
          <LinearRing>
            <coordinates>-80.61717199595765,7.91655843923499,0 -80.62502268363464,7.906503760955666,0 -80.61960626289792,7.8948968936352655,0 -80.60633875139486,7.893345741337379,0 -80.5984886300162,7.903401469658808,0 -80.60390545346462,7.915007300185507,0 -80.61717199595765,7.91655843923499,0</coordinates>
          </LinearRing>
        </outerBoundaryIs>
      </Polygon>
    </Placemark>
    <Placemark>
      <name>8766a3933ffffff</name>
      <styleUrl>#h3_poly_style</styleUrl>
      <Polygon>
        <outerBoundaryIs>
          <LinearRing>
            <coordinates>-80.69106312320538,8.155297796768062,0 -80.69891135737362,8.145269947246106,0 -80.69350099274817,8.133693168955647,0 -80.68024198605275,8.132145274158063,0 -80.67239431067266,8.14217417948202,0 -80.67780508282299,8.15374992374995,0 -80.69106312320538,8.155297796768062,0</coordinates>
          </LinearRing>
        </outerBoundaryIs>
      </Polygon>
    </Placemark>
    <Placemark>
      <name>8766a5ce6ffffff</name>
      <styleUrl>#h3_poly_style</styleUrl>
      <Polygon>
        <outerBoundaryIs>
          <LinearRing>
            <coordinates>-79.95641131187172,9.328876967188988,0 -79.96419398411844,9.31901985582091,0 -79.95878564872302,9.307593979361489,0 -79.94559428987974,9.306026290193955,0 -79.93781223747126,9.315884457453288,0 -79.9432209236963,9.327309257945101,0 -79.95641131187172,9.328876967188988,0</coordinates>
          </LinearRing>
        </outerBoundaryIs>
      </Polygon>
    </Placemark>
    <Placemark>
      <name>8766b1906ffffff</name>
      <styleUrl>#h3_poly_style</styleUrl>
      <Polygon>
        <outerBoundaryIs>
          <LinearRing>
            <coordinates>-82.62297223848108,8.365138056147076,0 -82.63089796864544,8.355084394380535,0 -82.62554827354825,8.343545070784167,0 -82.6122723004301,8.342060339299145,0 -82.6043469523684,8.352115105861063,0 -82.60969719494668,8.363653499038154,0 -82.62297223848108,8.365138056147076,0</coordinates>
          </LinearRing>
        </outerBoundaryIs>
      </Polygon>
    </Placemark>
    <Placemark>
      <name>8766a5ab2ffffff</name>
      <styleUrl>#h3_poly_style</styleUrl>
      <Polygon>
        <outerBoundaryIs>
          <LinearRing>
            <coordinates>-79.48186579494879,9.088698902369694,0 -79.48962983158933,9.078826921008364,0 -79.48420645150198,9.067369437848402,0 -79.47101871782081,9.06578503640994,0 -79.46325534374202,9.075658059416615,0 -79.46867904041139,9.087114442178597,0 -79.48186579494879,9.088698902369694,0</coordinates>
          </LinearRing>
        </outerBoundaryIs>
      </Polygon>
    </Placemark>
    <Placemark>
      <name>8766a031affffff</name>
      <styleUrl>#h3_poly_style</styleUrl>
      <Polygon>
        <outerBoundaryIs>
          <LinearRing>
            <coordinates>-80.51912457930878,8.430155866003837,0 -80.52695769033238,8.420166877827748,0 -80.52154761231687,8.40862474355189,0 -80.5083040286993,8.407072641862854,0 -80.50047149091256,8.417062686109535,0 -80.50588196313083,8.428603775924897,0 -80.51912457930878,8.430155866003837,0</coordinates>
          </LinearRing>
        </outerBoundaryIs>
      </Polygon>
    </Placemark>
    <Placemark>
      <name>8766b5230ffffff</name>
      <styleUrl>#h3_poly_style</styleUrl>
      <Polygon>
        <outerBoundaryIs>
          <LinearRing>
            <coordinates>-82.47271347760098,8.610470224951927,0 -82.48062720753784,8.600449561244307,0 -82.47527682519609,8.58894114469999,0 -82.46201217673098,8.587454332117309,0 -82.45409884209919,8.597476100420089,0 -82.45944976025258,8.608983576637483,0 -82.47271347760098,8.610470224951927,0</coordinates>
          </LinearRing>
        </outerBoundaryIs>
      </Polygon>
    </Placemark>
    <Placemark>
      <name>8766a06d3ffffff</name>
      <styleUrl>#h3_poly_style</styleUrl>
      <Polygon>
        <outerBoundaryIs>
          <LinearRing>
            <coordinates>-80.99557304948904,8.135994229617133,0 -81.0034360108329,8.125955312852055,0 -80.99803347504535,8.114376804521834,0 -80.98476754762655,8.1128382303537,0 -80.97690511766066,8.122878209907897,0 -80.9823080833584,8.134455700785875,0 -80.99557304948904,8.135994229617133,0</coordinates>
          </LinearRing>
        </outerBoundaryIs>
      </Polygon>
    </Placemark>
    <Placemark>
      <name>8766a02a9ffffff</name>
      <styleUrl>#h3_poly_style</styleUrl>
      <Polygon>
        <outerBoundaryIs>
          <LinearRing>
            <coordinates>-80.55718101449466,8.270866438370371,0 -80.5650199520461,8.260856671710936,0 -80.55960809717621,8.249294306769508,0 -80.54635690697982,8.247742750204244,0 -80.53851853983474,8.257753571326198,0 -80.5439307921034,8.269314894500816,0 -80.55718101449466,8.270866438370371,0</coordinates>
          </LinearRing>
        </outerBoundaryIs>
      </Polygon>
    </Placemark>
    <Placemark>
      <name>8766a25a5ffffff</name>
      <styleUrl>#h3_poly_style</styleUrl>
      <Polygon>
        <outerBoundaryIs>
          <LinearRing>
            <coordinates>-82.27808641379393,8.381109989933282,0 -82.2859982875971,8.371066608189267,0 -82.28063776357237,8.359526469716,0 -82.26736484282407,8.358030662234025,0 -82.25945338278002,8.368075140896828,0 -82.26481442934924,8.379614330052298,0 -82.27808641379393,8.381109989933282,0</coordinates>
          </LinearRing>
        </outerBoundaryIs>
      </Polygon>
    </Placemark>
    <Placemark>
      <name>8766b5089ffffff</name>
      <styleUrl>#h3_poly_style</styleUrl>
      <Polygon>
        <outerBoundaryIs>
          <LinearRing>
            <coordinates>-82.77554093329996,8.775044020205328,0 -82.78346203540048,8.765035794738315,0 -82.77812438250912,8.753552124540137,0 -82.76486507015059,8.752077604826747,0 -82.75694433513249,8.762086944007688,0 -82.76228254501676,8.773569689111625,0 -82.77554093329996,8.775044020205328,0</coordinates>
          </LinearRing>
        </outerBoundaryIs>
      </Polygon>
    </Placemark>
    <Placemark>
      <name>8766a2509ffffff</name>
      <styleUrl>#h3_poly_style</styleUrl>
      <Polygon>
        <outerBoundaryIs>
          <LinearRing>
            <coordinates>-82.1239066131972,8.31995658278467,0 -82.13181383113083,8.309909735464457,0 -82.12644742440783,8.298360489066939,0 -82.11317328778563,8.29685904720566,0 -82.10526649791213,8.306906986942408,0 -82.11063341622442,8.318455276055223,0 -82.1239066131972,8.31995658278467,0</coordinates>
          </LinearRing>
        </outerBoundaryIs>
      </Polygon>
    </Placemark>
    <Placemark>
      <name>8766a5c29ffffff</name>
      <styleUrl>#h3_poly_style</styleUrl>
      <Polygon>
        <outerBoundaryIs>
          <LinearRing>
            <coordinates>-79.8678027657683,9.40453853132929,0 -79.87557901570229,9.394694259585252,0 -79.87016991859804,9.383278335335385,0 -79.85698422700928,9.381707763342305,0 -79.84920860442055,9.391553089950689,0 -79.85461804570427,9.40296793364499,0 -79.8678027657683,9.40453853132929,0</coordinates>
          </LinearRing>
        </outerBoundaryIs>
      </Polygon>
    </Placemark>
    <Placemark>
      <name>8766a2074ffffff</name>
      <styleUrl>#h3_poly_style</styleUrl>
      <Polygon>
        <outerBoundaryIs>
          <LinearRing>
            <coordinates>-81.6697898691746,8.235503937873398,0 -81.67768028119058,8.225458654800711,0 -81.67229864395641,8.21389564406938,0 -81.65902611545593,8.21237889778234,0 -81.65113617325834,8.22242526127544,0 -81.65651828936593,8.233987290571868,0 -81.6697898691746,8.235503937873398,0</coordinates>
          </LinearRing>
        </outerBoundaryIs>
      </Polygon>
    </Placemark>
    <Placemark>
      <name>8766a5b6effffff</name>
      <styleUrl>#h3_poly_style</styleUrl>
      <Polygon>
        <outerBoundaryIs>
          <LinearRing>
            <coordinates>-79.09115850322279,9.181858900311132,0 -79.09889911447668,9.172012829394552,0 -79.09346900927397,9.160568097215407,0 -79.08029800471525,9.158970556437957,0 -79.07255808970056,9.168817661336341,0 -79.07798848263562,9.180261272997253,0 -79.09115850322279,9.181858900311132,0</coordinates>
          </LinearRing>
        </outerBoundaryIs>
      </Polygon>
    </Placemark>
    <Placemark>
      <name>8766a5159ffffff</name>
      <styleUrl>#h3_poly_style</styleUrl>
      <Polygon>
        <outerBoundaryIs>
          <LinearRing>
            <coordinates>-79.56333998923763,9.076866485708386,0 -79.5711086318679,9.066990162246222,0 -79.56568685388658,9.055531069917581,0 -79.55249611031996,9.053949397187875,0 -79.5447281231579,9.063826764009193,0 -79.5501502237227,9.07528476016227,0 -79.56333998923763,9.076866485708386,0</coordinates>
          </LinearRing>
        </outerBoundaryIs>
      </Polygon>
    </Placemark>
    <Placemark>
      <name>8766b56caffffff</name>
      <styleUrl>#h3_poly_style</styleUrl>
      <Polygon>
        <outerBoundaryIs>
          <LinearRing>
            <coordinates>-82.86970247398979,8.326997130407515,0 -82.87763843960543,8.31693319581777,0 -82.8722962796503,8.305391203166758,0 -82.85901758834927,8.303914061673986,0 -82.85108198218421,8.313979106317952,0 -82.85642470749444,8.32552018232321,0 -82.86970247398979,8.326997130407515,0</coordinates>
          </LinearRing>
        </outerBoundaryIs>
      </Polygon>
    </Placemark>
    <Placemark>
      <name>8766a5a16ffffff</name>
      <styleUrl>#h3_poly_style</styleUrl>
      <Polygon>
        <outerBoundaryIs>
          <LinearRing>
            <coordinates>-79.358534825874,9.11706365680599,0 -79.36629157015666,9.107199650232094,0 -79.36086599147689,9.095746004869007,0 -79.34768336066752,9.094157472819022,0 -79.33992728961523,9.104022518598937,0 -79.34535317577108,9.115475057186481,0 -79.358534825874,9.11706365680599,0</coordinates>
          </LinearRing>
        </outerBoundaryIs>
      </Polygon>
    </Placemark>
    <Placemark>
      <name>8766b5270ffffff</name>
      <styleUrl>#h3_poly_style</styleUrl>
      <Polygon>
        <outerBoundaryIs>
          <LinearRing>
            <coordinates>-82.34238500026916,8.519455764752077,0 -82.35029592649619,8.509427381617547,0 -82.34493981130178,8.497905861667492,0 -82.33167224278012,8.49641367155134,0 -82.32376172405046,8.506443155024376,0 -82.32911836596976,8.517963728203693,0 -82.34238500026916,8.519455764752077,0</coordinates>
          </LinearRing>
        </outerBoundaryIs>
      </Polygon>
    </Placemark>
    <Placemark>
      <name>8766a5770ffffff</name>
      <styleUrl>#h3_poly_style</styleUrl>
      <Polygon>
        <outerBoundaryIs>
          <LinearRing>
            <coordinates>-79.7709589050208,8.831072740572463,0 -79.77874454491254,8.821157860756687,0 -79.77332319353111,8.809666765551295,0 -79.76011586354163,8.808091635233176,0 -79.7523308618717,8.818007559614923,0 -79.75775255159654,8.82949756970774,0 -79.7709589050208,8.831072740572463,0</coordinates>
          </LinearRing>
        </outerBoundaryIs>
      </Polygon>
    </Placemark>
    <Placemark>
      <name>8766a0ae2ffffff</name>
      <styleUrl>#h3_poly_style</styleUrl>
      <Polygon>
        <outerBoundaryIs>
          <LinearRing>
            <coordinates>-80.31989889900925,8.591959750224888,0 -80.32771824277421,8.58199700173551,0 -80.32230592376474,8.570475327556288,0 -80.30907388142919,8.568917457450665,0 -80.30125512811418,8.578881259786218,0 -80.30666782630995,8.59040187833371,0 -80.31989889900925,8.591959750224888,0</coordinates>
          </LinearRing>
        </outerBoundaryIs>
      </Polygon>
    </Placemark>
    <Placemark>
      <name>87661381affffff</name>
      <styleUrl>#h3_poly_style</styleUrl>
      <Polygon>
        <outerBoundaryIs>
          <LinearRing>
            <coordinates>-77.74547219312569,8.095226757007383,0 -77.75316159290259,8.085289888479076,0 -77.74768763052995,8.07371600330956,0 -77.73452407769156,8.072080176610752,0 -77.72683549499892,8.082018028724491,0 -77.73230964769229,8.093590723936426,0 -77.74547219312569,8.095226757007383,0</coordinates>
          </LinearRing>
        </outerBoundaryIs>
      </Polygon>
    </Placemark>
    <Placemark>
      <name>8766b5b14ffffff</name>
      <styleUrl>#h3_poly_style</styleUrl>
      <Polygon>
        <outerBoundaryIs>
          <LinearRing>
            <coordinates>-82.29467579383986,9.090754871769514,0 -82.30257035485648,9.080797332101987,0 -82.29722253061784,9.069351427663252,0 -82.28397962362138,9.067864015521558,0 -82.27608547297001,9.077822661657093,0 -82.28143381857652,9.089267613395123,0 -82.29467579383986,9.090754871769514,0</coordinates>
          </LinearRing>
        </outerBoundaryIs>
      </Polygon>
    </Placemark>
    <Placemark>
      <name>8766b5304ffffff</name>
      <styleUrl>#h3_poly_style</styleUrl>
      <Polygon>
        <outerBoundaryIs>
          <LinearRing>
            <coordinates>-82.41756661553617,8.735071082550055,0 -82.42547503809894,8.725066856980126,0 -82.42012501821429,8.713574455356223,0 -82.4068660439778,8.71208722333715,0 -82.39895802146094,8.722092553838962,0 -82.40430857276021,8.733584011355601,0 -82.41756661553617,8.735071082550055,0</coordinates>
          </LinearRing>
        </outerBoundaryIs>
      </Polygon>
    </Placemark>
    <Placemark>
      <name>8766b5621ffffff</name>
      <styleUrl>#h3_poly_style</styleUrl>
      <Polygon>
        <outerBoundaryIs>
          <LinearRing>
            <coordinates>-82.8199989932082,8.572862725228022,0 -82.82792688315568,8.562829153741488,0 -82.82258725511072,8.551319041959761,0 -82.80931917583999,8.549843422845793,0 -82.80139164935699,8.559878106513004,0 -82.80673183830585,8.571387297036653,0 -82.8199989932082,8.572862725228022,0</coordinates>
          </LinearRing>
        </outerBoundaryIs>
      </Polygon>
    </Placemark>
    <Placemark>
      <name>876610588ffffff</name>
      <styleUrl>#h3_poly_style</styleUrl>
      <Polygon>
        <outerBoundaryIs>
          <LinearRing>
            <coordinates>-78.28474840454693,8.867264768850367,0 -78.29245105182508,8.857407302551136,0 -78.28699983707166,8.845925258907657,0 -78.27384574565939,8.844301843611358,0 -78.26614386561458,8.854160320269667,0 -78.27159530938083,8.865641201842381,0 -78.28474840454693,8.867264768850367,0</coordinates>
          </LinearRing>
        </outerBoundaryIs>
      </Polygon>
    </Placemark>
    <Placemark>
      <name>8766a2328ffffff</name>
      <styleUrl>#h3_poly_style</styleUrl>
      <Polygon>
        <outerBoundaryIs>
          <LinearRing>
            <coordinates>-81.4458751387938,8.078397262181232,0 -81.45375979812032,8.06833905660676,0 -81.44836891833499,8.056754869107623,0 -81.43509291582922,8.055229879758087,0 -81.42720874720601,8.06528915798884,0 -81.43260009000777,8.076872352852297,0 -81.4458751387938,8.078397262181232,0</coordinates>
          </LinearRing>
        </outerBoundaryIs>
      </Polygon>
    </Placemark>
    <Placemark>
      <name>8766a3d33ffffff</name>
      <styleUrl>#h3_poly_style</styleUrl>
      <Polygon>
        <outerBoundaryIs>
          <LinearRing>
            <coordinates>-81.11743491107332,8.128205054580958,0 -81.12530364394085,8.118161786812117,0 -81.11990432857048,8.106582665919984,0 -81.10663584109854,8.105047823540444,0 -81.09876762860365,8.115092156892524,0 -81.1041673828308,8.126670266984224,0 -81.11743491107332,8.128205054580958,0</coordinates>
          </LinearRing>
        </outerBoundaryIs>
      </Polygon>
    </Placemark>
    <Placemark>
      <name>8766a562cffffff</name>
      <styleUrl>#h3_poly_style</styleUrl>
      <Polygon>
        <outerBoundaryIs>
          <LinearRing>
            <coordinates>-79.82005074247412,8.750137859237997,0 -79.82784094350724,8.740211061229298,0 -79.82241931954204,8.72870951322067,0 -79.80920715204496,8.727135845581575,0 -79.8014175852297,8.737063688081838,0 -79.80683955132034,8.748564153688045,0 -79.82005074247412,8.750137859237997,0</coordinates>
          </LinearRing>
        </outerBoundaryIs>
      </Polygon>
    </Placemark>
    <Placemark>
      <name>8766a3d74ffffff</name>
      <styleUrl>#h3_poly_style</styleUrl>
      <Polygon>
        <outerBoundaryIs>
          <LinearRing>
            <coordinates>-80.98182378499708,8.079632388302919,0 -80.98968752673878,8.069587037795552,0 -80.98428364396757,8.058001356988486,0 -80.97101559002034,8.056462044521691,0 -80.96315238109169,8.06650845657987,0 -80.96855669291985,8.078093119499004,0 -80.98182378499708,8.079632388302919,0</coordinates>
          </LinearRing>
        </outerBoundaryIs>
      </Polygon>
    </Placemark>
    <Placemark>
      <name>8766a0ad5ffffff</name>
      <styleUrl>#h3_poly_style</styleUrl>
      <Polygon>
        <outerBoundaryIs>
          <LinearRing>
            <coordinates>-80.36441385081996,8.553656398778152,0 -80.37223634054192,8.543687485010938,0 -80.3668244724759,8.532160945715754,0 -80.35358973176733,8.530604373285772,0 -80.34576782866561,8.540574341365314,0 -80.35118007927723,8.552099827514509,0 -80.36441385081996,8.553656398778152,0</coordinates>
          </LinearRing>
        </outerBoundaryIs>
      </Polygon>
    </Placemark>
    <Placemark>
      <name>8766a50d8ffffff</name>
      <styleUrl>#h3_poly_style</styleUrl>
      <Polygon>
        <outerBoundaryIs>
          <LinearRing>
            <coordinates>-79.74524391834478,8.882200213478832,0 -79.75302694603553,8.87229271505468,0 -79.74760589351465,8.860808239919338,0 -79.73440147658567,8.859232349698459,0 -79.72661908917468,8.86914089285262,0 -79.73204047804025,8.88062428145684,0 -79.74524391834478,8.882200213478832,0</coordinates>
          </LinearRing>
        </outerBoundaryIs>
      </Polygon>
    </Placemark>
    <Placemark>
      <name>8766b5749ffffff</name>
      <styleUrl>#h3_poly_style</styleUrl>
      <Polygon>
        <outerBoundaryIs>
          <LinearRing>
            <coordinates>-82.6633699097483,8.533581016641712,0 -82.6712929111739,8.523546475394866,0 -82.66594742106976,8.512029650139535,0 -82.65267837936837,8.510548295523758,0 -82.64475575591815,8.520583944790959,0 -82.65010179581913,8.532099840578526,0 -82.6633699097483,8.533581016641712,0</coordinates>
          </LinearRing>
        </outerBoundaryIs>
      </Polygon>
    </Placemark>
    <Placemark>
      <name>8766b1934ffffff</name>
      <styleUrl>#h3_poly_style</styleUrl>
      <Polygon>
        <outerBoundaryIs>
          <LinearRing>
            <coordinates>-82.63644282522615,8.421322084153145,0 -82.64436764653401,8.411274785841044,0 -82.63901935316282,8.399742943721076,0 -82.62574568985443,8.398259329946232,0 -82.61782124927221,8.408307734140857,0 -82.6231700908975,8.419838646153138,0 -82.63644282522615,8.421322084153145,0</coordinates>
          </LinearRing>
        </outerBoundaryIs>
      </Polygon>
    </Placemark>
    <Placemark>
      <name>8766b531effffff</name>
      <styleUrl>#h3_poly_style</styleUrl>
      <Polygon>
        <outerBoundaryIs>
          <LinearRing>
            <coordinates>-82.46502558768586,8.675024569038925,0 -82.47293738326665,8.66501188565711,0 -82.46758785891095,8.653511941226752,0 -82.45432600356303,8.652025621272701,0 -82.44641460382915,8.662039409913987,0 -82.45176466322168,8.673538413176992,0 -82.46502558768586,8.675024569038925,0</coordinates>
          </LinearRing>
        </outerBoundaryIs>
      </Polygon>
    </Placemark>
    <Placemark>
      <name>8766a5b83ffffff</name>
      <styleUrl>#h3_poly_style</styleUrl>
      <Polygon>
        <outerBoundaryIs>
          <LinearRing>
            <coordinates>-79.41201915573916,9.177477053523367,0 -79.41977725186143,9.167619017585363,0 -79.41435389186266,9.156173192066978,0 -79.40117212409183,9.154586506469201,0 -79.39341469626346,9.164445583718738,0 -79.39883836754126,9.17589030521748,0 -79.41201915573916,9.177477053523367,0</coordinates>
          </LinearRing>
        </outerBoundaryIs>
      </Polygon>
    </Placemark>
    <Placemark>
      <name>876d74a5cffffff</name>
      <styleUrl>#h3_poly_style</styleUrl>
      <Polygon>
        <outerBoundaryIs>
          <LinearRing>
            <coordinates>-89.15433904946549,13.768246965390553,0 -89.1458729941655,13.778310765192636,0 -89.14993575360603,13.790120490279309,0 -89.16246719696618,13.79186650085087,0 -89.17093435148014,13.781800844103088,0 -89.16686896364595,13.76999103400799,0 -89.15433904946549,13.768246965390553,0</coordinates>
          </LinearRing>
        </outerBoundaryIs>
      </Polygon>
    </Placemark>
    <Placemark>
      <name>8766a2176ffffff</name>
      <styleUrl>#h3_poly_style</styleUrl>
      <Polygon>
        <outerBoundaryIs>
          <LinearRing>
            <coordinates>-81.67338980825399,8.378098532446554,0 -81.6812767813528,8.368070351169084,0 -81.67589770109534,8.356525745609245,0 -81.66263116866315,8.355010303372811,0 -81.65474466462669,8.365039567273856,0 -81.66012422358365,8.376583190724308,0 -81.67338980825399,8.378098532446554,0</coordinates>
          </LinearRing>
        </outerBoundaryIs>
      </Polygon>
    </Placemark>
    <Placemark>
      <name>8766a56eeffffff</name>
      <styleUrl>#h3_poly_style</styleUrl>
      <Polygon>
        <outerBoundaryIs>
          <LinearRing>
            <coordinates>-79.85765171289201,8.59164938878176,0 -79.86544781339435,8.581701318880297,0 -79.86002430819379,8.570179428080587,0 -79.84680435687903,8.568606687231107,0 -79.83900888791312,8.57855580005811,0 -79.84443273835159,8.59007661076716,0 -79.85765171289201,8.59164938878176,0</coordinates>
          </LinearRing>
        </outerBoundaryIs>
      </Polygon>
    </Placemark>
    <Placemark>
      <name>8766b52edffffff</name>
      <styleUrl>#h3_poly_style</styleUrl>
      <Polygon>
        <outerBoundaryIs>
          <LinearRing>
            <coordinates>-82.37379080163473,8.424676458099315,0 -82.38170536437201,8.414635924095824,0 -82.37634862701557,8.403102241364035,0 -82.36307679723456,8.401610036982586,0 -82.355162639359,8.411651670760605,0 -82.3605199060271,8.423184409073887,0 -82.37379080163473,8.424676458099315,0</coordinates>
          </LinearRing>
        </outerBoundaryIs>
      </Polygon>
    </Placemark>
    <Placemark>
      <name>8766b5074ffffff</name>
      <styleUrl>#h3_poly_style</styleUrl>
      <Polygon>
        <outerBoundaryIs>
          <LinearRing>
            <coordinates>-82.58241886342937,8.873221022897019,0 -82.5903301650781,8.86322944241732,0 -82.5849878391116,8.851756989240267,0 -82.57173366832986,8.850277052579216,0 -82.56382275126278,8.860269743527011,0 -82.56916562002209,8.871741260593412,0 -82.58241886342937,8.873221022897019,0</coordinates>
          </LinearRing>
        </outerBoundaryIs>
      </Polygon>
    </Placemark>
    <Placemark>
      <name>8766b5950ffffff</name>
      <styleUrl>#h3_poly_style</styleUrl>
      <Polygon>
        <outerBoundaryIs>
          <LinearRing>
            <coordinates>-82.4094499720374,9.309380093126588,0 -82.41734350123608,9.299446610457434,0 -82.41200308248168,9.288031419561815,0 -82.39876860528034,9.286550658959639,0 -82.3908754753946,9.296485253189916,0 -82.39621642302485,9.307899496388606,0 -82.4094499720374,9.309380093126588,0</coordinates>
          </LinearRing>
        </outerBoundaryIs>
      </Polygon>
    </Placemark>
    <Placemark>
      <name>8766a56b1ffffff</name>
      <styleUrl>#h3_poly_style</styleUrl>
      <Polygon>
        <outerBoundaryIs>
          <LinearRing>
            <coordinates>-80.04642654537626,8.701015857188532,0 -80.05422952500956,8.691075468223683,0 -80.04881239857541,8.679567606026122,0 -80.03559193327527,8.678001203140584,0 -80.02778956800853,8.687942641168101,0 -80.03320705330142,8.69944943297419,0 -80.04642654537626,8.701015857188532,0</coordinates>
          </LinearRing>
        </outerBoundaryIs>
      </Polygon>
    </Placemark>
    <Placemark>
      <name>8766a215effffff</name>
      <styleUrl>#h3_poly_style</styleUrl>
      <Polygon>
        <outerBoundaryIs>
          <LinearRing>
            <coordinates>-81.66477338332213,8.27870423754091,0 -81.6726624923779,8.268664285773097,0 -81.66728144898504,8.257106803770265,0 -81.65401081778343,8.255590255448325,0 -81.6461221788738,8.26563128816617,0 -81.65150370064288,8.277187788192657,0 -81.66477338332213,8.27870423754091,0</coordinates>
          </LinearRing>
        </outerBoundaryIs>
      </Polygon>
    </Placemark>
    <Placemark>
      <name>8766a14aeffffff</name>
      <styleUrl>#h3_poly_style</styleUrl>
      <Polygon>
        <outerBoundaryIs>
          <LinearRing>
            <coordinates>-80.35006571618513,7.962011794573365,0 -80.35790230901856,7.951970444833345,0 -80.35247983546691,7.940369051619757,0 -80.33922038576684,7.938810059604878,0 -80.33138438306395,7.948852453696985,0 -80.33680723955347,7.960452795404567,0 -80.35006571618513,7.962011794573365,0</coordinates>
          </LinearRing>
        </outerBoundaryIs>
      </Polygon>
    </Placemark>
    <Placemark>
      <name>8766a0a70ffffff</name>
      <styleUrl>#h3_poly_style</styleUrl>
      <Polygon>
        <outerBoundaryIs>
          <LinearRing>
            <coordinates>-80.21227575643863,8.655416988875098,0 -80.22008818701794,8.645465569243804,0 -80.21467430143002,8.63395194531899,0 -80.20144761375096,8.632390802497374,0 -80.19363578297245,8.642343274402025,0 -80.1990500396978,8.653855836808662,0 -80.21227575643863,8.655416988875098,0</coordinates>
          </LinearRing>
        </outerBoundaryIs>
      </Polygon>
    </Placemark>
    <Placemark>
      <name>8766a216cffffff</name>
      <styleUrl>#h3_poly_style</styleUrl>
      <Polygon>
        <outerBoundaryIs>
          <LinearRing>
            <coordinates>-81.55650306970277,8.342870926017072,0 -81.564385898671,8.332841612407998,0 -81.55900277720569,8.321291821132803,0 -81.54573635609783,8.31977233163505,0 -81.53785400694339,8.329802724584482,0 -81.54323759870647,8.341351527629254,0 -81.55650306970277,8.342870926017072,0</coordinates>
          </LinearRing>
        </outerBoundaryIs>
      </Polygon>
    </Placemark>
    <Placemark>
      <name>8766a39a0ffffff</name>
      <styleUrl>#h3_poly_style</styleUrl>
      <Polygon>
        <outerBoundaryIs>
          <LinearRing>
            <coordinates>-80.7755035306846,8.121361878661922,0 -80.78335660932315,8.111327453293319,0 -80.77794789051399,8.099746550738862,0 -80.76468567887743,8.0982011027902,0 -80.75683315154009,8.108236585434598,0 -80.76224228416105,8.119816458699278,0 -80.7755035306846,8.121361878661922,0</coordinates>
          </LinearRing>
        </outerBoundaryIs>
      </Polygon>
    </Placemark>
    <Placemark>
      <name>8766a2304ffffff</name>
      <styleUrl>#h3_poly_style</styleUrl>
      <Polygon>
        <outerBoundaryIs>
          <LinearRing>
            <coordinates>-81.50436561543218,8.096073089376711,0 -81.51225238948133,8.086015445655065,0 -81.506863506709,8.07443377014162,0 -81.49358738227558,8.07291072784749,0 -81.48570109354823,8.082969445902759,0 -81.49109044355505,8.094550131857293,0 -81.50436561543218,8.096073089376711,0</coordinates>
          </LinearRing>
        </outerBoundaryIs>
      </Polygon>
    </Placemark>
    <Placemark>
      <name>8766b53a0ffffff</name>
      <styleUrl>#h3_poly_style</styleUrl>
      <Polygon>
        <outerBoundaryIs>
          <LinearRing>
            <coordinates>-82.54202414288459,8.705437830079351,0 -82.54993814843965,8.695426910666695,0 -82.54459163458975,8.683931700478475,0 -82.53133057433789,8.682448346842804,0 -82.52341695748726,8.692460373692908,0 -82.5287640118097,8.703954646667464,0 -82.54202414288459,8.705437830079351,0</coordinates>
          </LinearRing>
        </outerBoundaryIs>
      </Polygon>
    </Placemark>
    <Placemark>
      <name>8766b5863ffffff</name>
      <styleUrl>#h3_poly_style</styleUrl>
      <Polygon>
        <outerBoundaryIs>
          <LinearRing>
            <coordinates>-82.34279045919969,9.19368484056426,0 -82.35068431052304,9.183738760525028,0 -82.34533977944697,9.172307208926295,0 -82.3321008721932,9.170822687958665,0 -82.3242074265703,9.180769876754255,0 -82.32955248212781,9.192200477689305,0 -82.34279045919969,9.19368484056426,0</coordinates>
          </LinearRing>
        </outerBoundaryIs>
      </Polygon>
    </Placemark>
    <Placemark>
      <name>8766a0288ffffff</name>
      <styleUrl>#h3_poly_style</styleUrl>
      <Polygon>
        <outerBoundaryIs>
          <LinearRing>
            <coordinates>-80.60179337450442,8.232368912597142,0 -80.60963541880265,8.222353100597111,0 -80.60422405347589,8.210785923458443,0 -80.59097024270211,8.209235597466277,0 -80.58312876494355,8.219252464376993,0 -80.58854053104261,8.230818602318589,0 -80.60179337450442,8.232368912597142,0</coordinates>
          </LinearRing>
        </outerBoundaryIs>
      </Polygon>
    </Placemark>
    <Placemark>
      <name>8766b1d31ffffff</name>
      <styleUrl>#h3_poly_style</styleUrl>
      <Polygon>
        <outerBoundaryIs>
          <LinearRing>
            <coordinates>-83.04764705971988,8.357690980791267,0 -83.05558874838444,8.347626632682177,0 -83.05025314118353,8.336090473492257,0 -83.0369752669427,8.33461956949917,0 -83.02903392122778,8.34468503224472,0 -83.03437010642938,8.356220284267597,0 -83.04764705971988,8.357690980791267,0</coordinates>
          </LinearRing>
        </outerBoundaryIs>
      </Polygon>
    </Placemark>
    <Placemark>
      <name>8766a5005ffffff</name>
      <styleUrl>#h3_poly_style</styleUrl>
      <Polygon>
        <outerBoundaryIs>
          <LinearRing>
            <coordinates>-79.68206273320764,9.091081869660844,0 -79.6898372444217,9.081203316486222,0 -79.68441839128079,9.069746023998029,0 -79.67122469529336,9.068168374675322,0 -79.66345082905816,9.078047974159952,0 -79.66887001345981,9.089504176617027,0 -79.68206273320764,9.091081869660844,0</coordinates>
          </LinearRing>
        </outerBoundaryIs>
      </Polygon>
    </Placemark>
    <Placemark>
      <name>8766a5a80ffffff</name>
      <styleUrl>#h3_poly_style</styleUrl>
      <Polygon>
        <outerBoundaryIs>
          <LinearRing>
            <coordinates>-79.42603261450343,9.049569425422986,0 -79.43379465840101,9.039694320987573,0 -79.42836936789004,9.028231806709305,0 -79.41518172054603,9.026645500101733,0 -79.4074203442674,9.036521644318315,0 -79.41284594734256,9.04798305532422,0 -79.42603261450343,9.049569425422986,0</coordinates>
          </LinearRing>
        </outerBoundaryIs>
      </Polygon>
    </Placemark>
    <Placemark>
      <name>8766b572effffff</name>
      <styleUrl>#h3_poly_style</styleUrl>
      <Polygon>
        <outerBoundaryIs>
          <LinearRing>
            <coordinates>-82.8044770010129,8.702009940220524,0 -82.81240103662023,8.691992219843677,0 -82.8070630977488,8.680499101736375,0 -82.79380056356804,8.679024626958295,0 -82.7858768925529,8.689043460806808,0 -82.79121539075237,8.700535655884984,0 -82.8044770010129,8.702009940220524,0</coordinates>
          </LinearRing>
        </outerBoundaryIs>
      </Polygon>
    </Placemark>
    <Placemark>
      <name>8766a3d93ffffff</name>
      <styleUrl>#h3_poly_style</styleUrl>
      <Polygon>
        <outerBoundaryIs>
          <LinearRing>
            <coordinates>-81.29154890496172,8.016778481160097,0 -81.29942828056873,8.006717032933516,0 -81.29403192854913,7.995124405919639,0 -81.2807557486294,7.9935942277382654,0 -81.27287687795929,8.003656743937526,0 -81.27827368189428,8.01524837028681,0 -81.29154890496172,8.016778481160097,0</coordinates>
          </LinearRing>
        </outerBoundaryIs>
      </Polygon>
    </Placemark>
    <Placemark>
      <name>8766b1901ffffff</name>
      <styleUrl>#h3_poly_style</styleUrl>
      <Polygon>
        <outerBoundaryIs>
          <LinearRing>
            <coordinates>-82.5857203869126,8.33908952147314,0 -82.59364535112518,8.329033650733308,0 -82.5882939925693,8.317490590631719,0 -82.57501712453625,8.31600433344995,0 -82.56709254591941,8.326061307749113,0 -82.57244444936426,8.337603435596689,0 -82.5857203869126,8.33908952147314,0</coordinates>
          </LinearRing>
        </outerBoundaryIs>
      </Polygon>
    </Placemark>
    <Placemark>
      <name>8766b5056ffffff</name>
      <styleUrl>#h3_poly_style</styleUrl>
      <Polygon>
        <outerBoundaryIs>
          <LinearRing>
            <coordinates>-82.62989501571224,8.813250368181729,0 -82.63780965261417,8.803250325169543,0 -82.63246784970327,8.791770310158372,0 -82.61921086310585,8.790291271267932,0 -82.61129660657606,8.800292425105727,0 -82.6166389558977,8.811771506933496,0 -82.62989501571224,8.813250368181729,0</coordinates>
          </LinearRing>
        </outerBoundaryIs>
      </Polygon>
    </Placemark>
    <Placemark>
      <name>8766a50deffffff</name>
      <styleUrl>#h3_poly_style</styleUrl>
      <Polygon>
        <outerBoundaryIs>
          <LinearRing>
            <coordinates>-79.76386807661406,8.895257209978729,0 -79.77165174288857,8.8853507569132,0 -79.76623134662735,8.873867966683624,0 -79.75302694603553,8.87229271505468,0 -79.74524391834478,8.882200213478832,0 -79.75066465228943,8.893681918132243,0 -79.76386807661406,8.895257209978729,0</coordinates>
          </LinearRing>
        </outerBoundaryIs>
      </Polygon>
    </Placemark>
    <Placemark>
      <name>8766a50ebffffff</name>
      <styleUrl>#h3_poly_style</styleUrl>
      <Polygon>
        <outerBoundaryIs>
          <LinearRing>
            <coordinates>-79.66131684300079,8.915504693612544,0 -79.6690946666681,8.905604276876856,0 -79.66367227811823,8.89412415450243,0 -79.65047173541642,8.89254553977539,0 -79.64269455928398,8.902446999779194,0 -79.64811727794614,8.913926031202092,0 -79.66131684300079,8.915504693612544,0</coordinates>
          </LinearRing>
        </outerBoundaryIs>
      </Polygon>
    </Placemark>
    <Placemark>
      <name>8766b190dffffff</name>
      <styleUrl>#h3_poly_style</styleUrl>
      <Polygon>
        <outerBoundaryIs>
          <LinearRing>
            <coordinates>-82.54846343319622,8.313030469459777,0 -82.55638762447059,8.302972392220962,0 -82.55103460657608,8.291425606394467,0 -82.537756854737,8.289937831823277,0 -82.52983305255192,8.299997011380944,0 -82.53518661274086,8.311542863117369,0 -82.54846343319622,8.313030469459777,0</coordinates>
          </LinearRing>
        </outerBoundaryIs>
      </Polygon>
    </Placemark>
    <Placemark>
      <name>8766b501affffff</name>
      <styleUrl>#h3_poly_style</styleUrl>
      <Polygon>
        <outerBoundaryIs>
          <LinearRing>
            <coordinates>-82.72802588458852,8.83506394288377,0 -82.73594368149438,8.8250641304868,0 -82.73060548072596,8.813588006041101,0 -82.71734892930458,8.812112621967243,0 -82.70943150370603,8.822113547720049,0 -82.71477025784795,8.833588744114913,0 -82.72802588458852,8.83506394288377,0</coordinates>
          </LinearRing>
        </outerBoundaryIs>
      </Polygon>
    </Placemark>
    <Placemark>
      <name>8766a53b5ffffff</name>
      <styleUrl>#h3_poly_style</styleUrl>
      <Polygon>
        <outerBoundaryIs>
          <LinearRing>
            <coordinates>-79.6030968454772,8.897707787992067,0 -79.6108720631308,8.887807061458608,0 -79.60544804865067,8.876324678189734,0 -79.59224849026945,8.874744115381235,0 -79.58447392534667,8.884645883559362,0 -79.58989826570202,8.896127172862215,0 -79.6030968454772,8.897707787992067,0</coordinates>
          </LinearRing>
        </outerBoundaryIs>
      </Polygon>
    </Placemark>
    <Placemark>
      <name>8766a5ce0ffffff</name>
      <styleUrl>#h3_poly_style</styleUrl>
      <Polygon>
        <outerBoundaryIs>
          <LinearRing>
            <coordinates>-79.93781223747126,9.315884457453288,0 -79.94559428987974,9.306026290193955,0 -79.94018528814604,9.29459867203623,0 -79.92699388413381,9.293030298016488,0 -79.91921245325688,9.302889520569314,0 -79.9246218044891,9.314316061804838,0 -79.93781223747126,9.315884457453288,0</coordinates>
          </LinearRing>
        </outerBoundaryIs>
      </Polygon>
    </Placemark>
    <Placemark>
      <name>8766a06c2ffffff</name>
      <styleUrl>#h3_poly_style</styleUrl>
      <Polygon>
        <outerBoundaryIs>
          <LinearRing>
            <coordinates>-80.95332151705863,8.152989517029978,0 -80.96118210215286,8.142953854123164,0 -80.95577870811624,8.131377381887994,0 -80.94251430184066,8.129837592337106,0 -80.93465425188654,8.139874317293309,0 -80.9400580726908,8.151449769696269,0 -80.95332151705863,8.152989517029978,0</coordinates>
          </LinearRing>
        </outerBoundaryIs>
      </Polygon>
    </Placemark>
    <Placemark>
      <name>8766b5772ffffff</name>
      <styleUrl>#h3_poly_style</styleUrl>
      <Polygon>
        <outerBoundaryIs>
          <LinearRing>
            <coordinates>-82.77244319926857,8.633035002701577,0 -82.78036778920102,8.623009764728799,0 -82.775027605027,8.611507154331417,0 -82.76176227326881,8.610030706102318,0 -82.75383805103814,8.620057055928351,0 -82.75917879248962,8.631558742053878,0 -82.77244319926857,8.633035002701577,0</coordinates>
          </LinearRing>
        </outerBoundaryIs>
      </Polygon>
    </Placemark>
    <Placemark>
      <name>8766b5382ffffff</name>
      <styleUrl>#h3_poly_style</styleUrl>
      <Polygon>
        <outerBoundaryIs>
          <LinearRing>
            <coordinates>-82.58951654894078,8.645351256649267,0 -82.59743390188385,8.635331920718121,0 -82.59208790479641,8.623829180863737,0 -82.57882401029522,8.622346711115622,0 -82.57090704184424,8.632367154812863,0 -82.57625358302785,8.643868960417871,0 -82.58951654894078,8.645351256649267,0</coordinates>
          </LinearRing>
        </outerBoundaryIs>
      </Polygon>
    </Placemark>
    <Placemark>
      <name>8766a3429ffffff</name>
      <styleUrl>#h3_poly_style</styleUrl>
      <Polygon>
        <outerBoundaryIs>
          <LinearRing>
            <coordinates>-81.20045323687003,7.577456760292867,0 -81.2083395423478,7.567345564786812,0 -81.20293307066687,7.55569772788912,0 -81.18963984663431,7.554162089138777,0 -81.18175405580527,7.564274343002625,0 -81.1871609739808,7.575921177201794,0 -81.20045323687003,7.577456760292867,0</coordinates>
          </LinearRing>
        </outerBoundaryIs>
      </Polygon>
    </Placemark>
    <Placemark>
      <name>8766a5b55ffffff</name>
      <styleUrl>#h3_poly_style</styleUrl>
      <Polygon>
        <outerBoundaryIs>
          <LinearRing>
            <coordinates>-79.17250302472647,9.170144011391379,0 -79.18024837914508,9.160293495009423,0 -79.17481976472149,9.14884706946716,0 -79.16164550178614,9.147252276619485,0 -79.1539008365867,9.157103828686912,0 -79.15932974473336,9.168549137882438,0 -79.17250302472647,9.170144011391379,0</coordinates>
          </LinearRing>
        </outerBoundaryIs>
      </Polygon>
    </Placemark>
    <Placemark>
      <name>8766a3d25ffffff</name>
      <styleUrl>#h3_poly_style</styleUrl>
      <Polygon>
        <outerBoundaryIs>
          <LinearRing>
            <coordinates>-81.03290608737092,8.16221915029494,0 -81.04077010627202,8.15218236107735,0 -81.0353690449008,8.140607290549974,0 -81.02210353167857,8.139070024756464,0 -81.01424004068961,8.14910787807562,0 -81.01964153463364,8.160681933031025,0 -81.03290608737092,8.16221915029494,0</coordinates>
          </LinearRing>
        </outerBoundaryIs>
      </Polygon>
    </Placemark>
    <Placemark>
      <name>8766a20edffffff</name>
      <styleUrl>#h3_poly_style</styleUrl>
      <Polygon>
        <outerBoundaryIs>
          <LinearRing>
            <coordinates>-81.70350792444333,8.118866248589143,0 -81.71140271423306,8.108806101962735,0 -81.70602007391525,8.097228327591264,0 -81.69274216174401,8.095711678626236,0 -81.68484783904455,8.10577290469646,0 -81.69023096104875,8.117349700224283,0 -81.70350792444333,8.118866248589143,0</coordinates>
          </LinearRing>
        </outerBoundaryIs>
      </Polygon>
    </Placemark>
    <Placemark>
      <name>8766a2000ffffff</name>
      <styleUrl>#h3_poly_style</styleUrl>
      <Polygon>
        <outerBoundaryIs>
          <LinearRing>
            <coordinates>-81.76807236813042,8.257666644034948,0 -81.77596640474017,8.247621447158926,0 -81.7705880723822,8.236061839482126,0 -81.75731521708,8.234548404848244,0 -81.74942164125443,8.244594684809877,0 -81.75480045957006,8.2561533162553,0 -81.76807236813042,8.257666644034948,0</coordinates>
          </LinearRing>
        </outerBoundaryIs>
      </Polygon>
    </Placemark>
    <Placemark>
      <name>8766a0aacffffff</name>
      <styleUrl>#h3_poly_style</styleUrl>
      <Polygon>
        <outerBoundaryIs>
          <LinearRing>
            <coordinates>-80.39205419608109,8.665717943283887,0 -80.39987522820942,8.655762179328537,0 -80.39446599969526,8.64425010929306,0 -80.38123535438085,8.642694855195515,0 -80.37341490598352,8.652651675808695,0 -80.37882451879494,8.664162693813157,0 -80.39205419608109,8.665717943283887,0</coordinates>
          </LinearRing>
        </outerBoundaryIs>
      </Polygon>
    </Placemark>
    <Placemark>
      <name>8766a2102ffffff</name>
      <styleUrl>#h3_poly_style</styleUrl>
      <Polygon>
        <outerBoundaryIs>
          <LinearRing>
            <coordinates>-81.771627772627,8.400233448733331,0 -81.77951836534704,8.390205338829748,0 -81.77414258812193,8.378664176070698,0 -81.76087573202676,8.37715210007399,0 -81.75298559934689,8.38718129524192,0 -81.75836186234574,8.398721481077597,0 -81.771627772627,8.400233448733331,0</coordinates>
          </LinearRing>
        </outerBoundaryIs>
      </Polygon>
    </Placemark>
    <Placemark>
      <name>8766a515bffffff</name>
      <styleUrl>#h3_poly_style</styleUrl>
      <Polygon>
        <outerBoundaryIs>
          <LinearRing>
            <coordinates>-79.58429938641429,9.06857119162592,0 -79.59206934040948,9.058693077277207,0 -79.58664788656638,9.047232889863498,0 -79.57345615421825,9.045651911844537,0 -79.56568685388658,9.055531069917581,0 -79.5711086318679,9.066990162246222,0 -79.58429938641429,9.06857119162592,0</coordinates>
          </LinearRing>
        </outerBoundaryIs>
      </Polygon>
    </Placemark>
    <Placemark>
      <name>8766b560effffff</name>
      <styleUrl>#h3_poly_style</styleUrl>
      <Polygon>
        <outerBoundaryIs>
          <LinearRing>
            <coordinates>-82.84896505103563,8.499649235732608,0 -82.85689587290433,8.489606250931562,0 -82.85155596345234,8.478086750581289,0 -82.83828466851244,8.476611154090179,0 -82.8303542076092,8.486655250787168,0 -82.83569468030583,8.49817383200217,0 -82.84896505103563,8.499649235732608,0</coordinates>
          </LinearRing>
        </outerBoundaryIs>
      </Polygon>
    </Placemark>
    <Placemark>
      <name>8766a5a31ffffff</name>
      <styleUrl>#h3_poly_style</styleUrl>
      <Polygon>
        <outerBoundaryIs>
          <LinearRing>
            <coordinates>-79.29573071920383,9.14187690656799,0 -79.30348346373279,9.132018333034548,0 -79.2980569672823,9.12056801123814,0 -79.28487742311317,9.11897737295286,0 -79.2771253571903,9.128836984602787,0 -79.2825521564599,9.140286196385924,0 -79.29573071920383,9.14187690656799,0</coordinates>
          </LinearRing>
        </outerBoundaryIs>
      </Polygon>
    </Placemark>
    <Placemark>
      <name>8766a65b2ffffff</name>
      <styleUrl>#h3_poly_style</styleUrl>
      <Polygon>
        <outerBoundaryIs>
          <LinearRing>
            <coordinates>-82.25651750469989,9.411135602128214,0 -82.26440241223979,9.401218914463481,0 -82.25905889842889,9.389816159621978,0 -82.2458299591522,9.388331048581046,0 -82.23794546460914,9.39824884544674,0 -82.24328949597368,9.409650644081452,0 -82.25651750469989,9.411135602128214,0</coordinates>
          </LinearRing>
        </outerBoundaryIs>
      </Polygon>
    </Placemark>
    <Placemark>
      <name>8766a394affffff</name>
      <styleUrl>#h3_poly_style</styleUrl>
      <Polygon>
        <outerBoundaryIs>
          <LinearRing>
            <coordinates>-80.50918675184936,7.98068827225718,0 -80.517030637519,7.9706444959622536,0 -80.51161253054919,7.959045525928512,0 -80.49835014292776,7.957491375127635,0 -80.49050683303736,7.967536199943732,0 -80.49592533461185,7.979134126990261,0 -80.50918675184936,7.98068827225718,0</coordinates>
          </LinearRing>
        </outerBoundaryIs>
      </Polygon>
    </Placemark>
    <Placemark>
      <name>8766a2b52ffffff</name>
      <styleUrl>#h3_poly_style</styleUrl>
      <Polygon>
        <outerBoundaryIs>
          <LinearRing>
            <coordinates>-81.27547697455904,8.332447189862775,0 -81.28334769858742,8.32242429312126,0 -81.27795632583799,8.310871842223857,0 -81.26469377885097,8.309343291378358,0 -81.25682356020025,8.319367260643158,0 -81.26221538278232,8.330918708171437,0 -81.27547697455904,8.332447189862775,0</coordinates>
          </LinearRing>
        </outerBoundaryIs>
      </Polygon>
    </Placemark>
    <Placemark>
      <name>8766a6595ffffff</name>
      <styleUrl>#h3_poly_style</styleUrl>
      <Polygon>
        <outerBoundaryIs>
          <LinearRing>
            <coordinates>-82.24048564022118,9.376926359802088,0 -82.24837077800186,9.367005826009901,0 -82.24302617149722,9.3555982489644,0 -82.2297959103237,9.354112162545764,0 -82.22191118709198,9.364033804807098,0 -82.22725631011242,9.375440424947165,0 -82.24048564022118,9.376926359802088,0</coordinates>
          </LinearRing>
        </outerBoundaryIs>
      </Polygon>
    </Placemark>
    <Placemark>
      <name>8766a1d31ffffff</name>
      <styleUrl>#h3_poly_style</styleUrl>
      <Polygon>
        <outerBoundaryIs>
          <LinearRing>
            <coordinates>-80.0631347027952,8.550761860796278,0 -80.07094228710211,8.54080204088331,0 -80.06552295161222,8.529274900906874,0 -80.05229567100864,8.527708649921305,0 -80.04448870017633,8.537669516978413,0 -80.04990839609849,8.549195587832594,0 -80.0631347027952,8.550761860796278,0</coordinates>
          </LinearRing>
        </outerBoundaryIs>
      </Polygon>
    </Placemark>
    <Placemark>
      <name>8766b59aeffffff</name>
      <styleUrl>#h3_poly_style</styleUrl>
      <Polygon>
        <outerBoundaryIs>
          <LinearRing>
            <coordinates>-82.58425768945527,9.361328449855979,0 -82.59215665741809,9.351396835093809,0 -82.58682276727488,9.339990500988037,0 -82.57358936757262,9.338516720292372,0 -82.56569078281755,9.348449451132034,0 -82.57102521418504,9.359854846515196,0 -82.58425768945527,9.361328449855979,0</coordinates>
          </LinearRing>
        </outerBoundaryIs>
      </Polygon>
    </Placemark>
    <Placemark>
      <name>8766a2065ffffff</name>
      <styleUrl>#h3_poly_style</styleUrl>
      <Polygon>
        <outerBoundaryIs>
          <LinearRing>
            <coordinates>-81.59016211370637,8.226397542560772,0 -81.59804933173966,8.216353270826872,0 -81.5926651925474,8.204788670597514,0 -81.5793933618441,8.203269327746304,0 -81.57150662091561,8.213314677870486,0 -81.57689123320867,8.224878292393225,0 -81.59016211370637,8.226397542560772,0</coordinates>
          </LinearRing>
        </outerBoundaryIs>
      </Polygon>
    </Placemark>
    <Placemark>
      <name>8766a2415ffffff</name>
      <styleUrl>#h3_poly_style</styleUrl>
      <Polygon>
        <outerBoundaryIs>
          <LinearRing>
            <coordinates>-82.23492564086267,8.23398175678352,0 -82.2428395074601,8.223921886457093,0 -82.23747510260121,8.212362312661673,0 -82.2241963108566,8.21086355974915,0 -82.21628286237005,8.220924523868305,0 -82.22164778714074,8.232483147037351,0 -82.23492564086267,8.23398175678352,0</coordinates>
          </LinearRing>
        </outerBoundaryIs>
      </Polygon>
    </Placemark>
    <Placemark>
      <name>8766b539affffff</name>
      <styleUrl>#h3_poly_style</styleUrl>
      <Polygon>
        <outerBoundaryIs>
          <LinearRing>
            <coordinates>-82.6158435664093,8.59375901981288,0 -82.62376323369472,8.583732838600739,0 -82.61841721391447,8.572223515531542,0 -82.60515098030501,8.5707413060703,0 -82.59723169521904,8.580768594988736,0 -82.60257826116838,8.592276985587587,0 -82.6158435664093,8.59375901981288,0</coordinates>
          </LinearRing>
        </outerBoundaryIs>
      </Polygon>
    </Placemark>
    <Placemark>
      <name>8766a56e4ffffff</name>
      <styleUrl>#h3_poly_style</styleUrl>
      <Polygon>
        <outerBoundaryIs>
          <LinearRing>
            <coordinates>-79.8715470851371,8.647658594635772,0 -79.87934249848915,8.637717136502749,0 -79.87392029306231,8.626202408892818,0 -79.86070232777459,8.624630218859748,0 -79.85290754450227,8.634572721120364,0 -79.85833009606415,8.646086369244344,0 -79.8715470851371,8.647658594635772,0</coordinates>
          </LinearRing>
        </outerBoundaryIs>
      </Polygon>
    </Placemark>
    <Placemark>
      <name>8766b506cffffff</name>
      <styleUrl>#h3_poly_style</styleUrl>
      <Polygon>
        <outerBoundaryIs>
          <LinearRing>
            <coordinates>-82.48686312208346,8.829911133654191,0 -82.49477183952014,8.81991668170852,0 -82.48942567345365,8.808437534926805,0 -82.47617025349989,8.806953780988,0 -82.46826192951546,8.8169493406651,0 -82.47360863165854,8.82842754647637,0 -82.48686312208346,8.829911133654191,0</coordinates>
          </LinearRing>
        </outerBoundaryIs>
      </Polygon>
    </Placemark>
    <Placemark>
      <name>8766b5384ffffff</name>
      <styleUrl>#h3_poly_style</styleUrl>
      <Polygon>
        <outerBoundaryIs>
          <LinearRing>
            <coordinates>-82.56576783482417,8.675400857768826,0 -82.57368351516757,8.665385726070598,0 -82.56833725866608,8.653886749157792,0 -82.55507477916264,8.652403839603421,0 -82.54715948541838,8.662420078904358,0 -82.55250628420394,8.67391812008293,0 -82.56576783482417,8.675400857768826,0</coordinates>
          </LinearRing>
        </outerBoundaryIs>
      </Polygon>
    </Placemark>
    <Placemark>
      <name>8766b5202ffffff</name>
      <styleUrl>#h3_poly_style</styleUrl>
      <Polygon>
        <outerBoundaryIs>
          <LinearRing>
            <coordinates>-82.45922346135976,8.554406496900334,0 -82.46713808628064,8.544379419261503,0 -82.46178630930957,8.532863488349765,0 -82.44851937201068,8.531375575682967,0 -82.44060514377537,8.541403756859332,0 -82.44595745577836,8.552918747092251,0 -82.45922346135976,8.554406496900334,0</coordinates>
          </LinearRing>
        </outerBoundaryIs>
      </Polygon>
    </Placemark>
    <Placemark>
      <name>8766a14c8ffffff</name>
      <styleUrl>#h3_poly_style</styleUrl>
      <Polygon>
        <outerBoundaryIs>
          <LinearRing>
            <coordinates>-80.22649605066523,7.804848919208136,0 -80.23433045776741,7.794792180052225,0 -80.22890218503214,7.78317130774328,0 -80.21563913060831,7.781608231959832,0 -80.20780532530523,7.7916660097143655,0 -80.21323397224938,7.803285824608024,0 -80.22649605066523,7.804848919208136,0</coordinates>
          </LinearRing>
        </outerBoundaryIs>
      </Polygon>
    </Placemark>
    <Placemark>
      <name>8766a20aaffffff</name>
      <styleUrl>#h3_poly_style</styleUrl>
      <Polygon>
        <outerBoundaryIs>
          <LinearRing>
            <coordinates>-81.87644614969479,8.193365032744136,0 -81.88434636570116,8.183309327432877,0 -81.8789701922153,8.171742091954325,0 -81.86569330830747,8.170231531628666,0 -81.85779354336988,8.180288321634727,0 -81.86317021089438,8.191854587205956,0 -81.87644614969479,8.193365032744136,0</coordinates>
          </LinearRing>
        </outerBoundaryIs>
      </Polygon>
    </Placemark>
    <Placemark>
      <name>8766a5c61ffffff</name>
      <styleUrl>#h3_poly_style</styleUrl>
      <Polygon>
        <outerBoundaryIs>
          <LinearRing>
            <coordinates>-79.7724647217326,9.360855577603242,0 -79.78023716225272,9.351008885936107,0 -79.77482509070786,9.339587096732748,0 -79.7616402409706,9.338013084613754,0 -79.75386843636417,9.347860828393477,0 -79.7592808452103,9.359281532137995,0 -79.7724647217326,9.360855577603242,0</coordinates>
          </LinearRing>
        </outerBoundaryIs>
      </Polygon>
    </Placemark>
    <Placemark>
      <name>8766b50eeffffff</name>
      <styleUrl>#h3_poly_style</styleUrl>
      <Polygon>
        <outerBoundaryIs>
          <LinearRing>
            <coordinates>-82.65621535419824,8.76175796545817,0 -82.66413229839775,8.751751040910099,0 -82.6587904767679,8.740264409244226,0 -82.64553116208373,8.73878563348302,0 -82.63761459596464,8.748793668824069,0 -82.64295696607532,8.760279369058257,0 -82.65621535419824,8.76175796545817,0</coordinates>
          </LinearRing>
        </outerBoundaryIs>
      </Polygon>
    </Placemark>
    <Placemark>
      <name>8766a252bffffff</name>
      <styleUrl>#h3_poly_style</styleUrl>
      <Polygon>
        <outerBoundaryIs>
          <LinearRing>
            <coordinates>-82.11882606275633,8.363132465461492,0 -82.12673198401966,8.353090918931809,0 -82.12136615933518,8.341547242984982,0 -82.10809390193091,8.340046071352647,0 -82.10018840907497,8.350088710798165,0 -82.10555474483976,8.36163142889155,0 -82.11882606275633,8.363132465461492,0</coordinates>
          </LinearRing>
        </outerBoundaryIs>
      </Polygon>
    </Placemark>
    <Placemark>
      <name>8766a1d8affffff</name>
      <styleUrl>#h3_poly_style</styleUrl>
      <Polygon>
        <outerBoundaryIs>
          <LinearRing>
            <coordinates>-80.18031586868078,8.401207813197322,0 -80.18813307328155,8.3912256337616,0 -80.18271399071067,8.37967946209232,0 -80.16947733377053,8.378116532247649,0 -80.16166073279838,8.388099759245211,0 -80.16708018476248,8.399644868479944,0 -80.18031586868078,8.401207813197322,0</coordinates>
          </LinearRing>
        </outerBoundaryIs>
      </Polygon>
    </Placemark>
    <Placemark>
      <name>8766b59acffffff</name>
      <styleUrl>#h3_poly_style</styleUrl>
      <Polygon>
        <outerBoundaryIs>
          <LinearRing>
            <coordinates>-82.56312727060016,9.369784859041951,0 -82.57102521418504,9.359854846515196,0 -82.56569078281755,9.348449451132034,0 -82.55245786781096,9.346975008079529,0 -82.54456030934485,9.356906136295834,0 -82.54989528039458,9.368310591800663,0 -82.56312727060016,9.369784859041951,0</coordinates>
          </LinearRing>
        </outerBoundaryIs>
      </Polygon>
    </Placemark>
    <Placemark>
      <name>8766a506cffffff</name>
      <styleUrl>#h3_poly_style</styleUrl>
      <Polygon>
        <outerBoundaryIs>
          <LinearRing>
            <coordinates>-79.50984547956367,9.016396751552161,0 -79.51761280877261,9.006514466031009,0 -79.51218878406435,8.995047549553012,0 -79.49899711099245,8.993464017472261,0 -79.49123044220099,9.003347344230763,0 -79.49665478569234,9.014813161794603,0 -79.50984547956367,9.016396751552161,0</coordinates>
          </LinearRing>
        </outerBoundaryIs>
      </Polygon>
    </Placemark>
    <Placemark>
      <name>8766a2555ffffff</name>
      <styleUrl>#h3_poly_style</styleUrl>
      <Polygon>
        <outerBoundaryIs>
          <LinearRing>
            <coordinates>-82.08662520798933,8.293854833627702,0 -82.09453156805905,8.283805802102748,0 -82.08916355663246,8.272252908251255,0 -82.07588867578686,8.270750004992365,0 -82.06798274726467,8.280800127676093,0 -82.07335126766412,8.292352062391709,0 -82.08662520798933,8.293854833627702,0</coordinates>
          </LinearRing>
        </outerBoundaryIs>
      </Polygon>
    </Placemark>
    <Placemark>
      <name>876610410ffffff</name>
      <styleUrl>#h3_poly_style</styleUrl>
      <Polygon>
        <outerBoundaryIs>
          <LinearRing>
            <coordinates>-78.24978774000215,8.819709125526122,0 -78.25748951308856,8.809846768351523,0 -78.25203683739751,8.798358897174262,0 -78.23888216174053,8.796734547049182,0 -78.2311811591113,8.806597912973848,0 -78.23663406131395,8.818084620251215,0 -78.24978774000215,8.819709125526122,0</coordinates>
          </LinearRing>
        </outerBoundaryIs>
      </Polygon>
    </Placemark>
    <Placemark>
      <name>8766a2a0bffffff</name>
      <styleUrl>#h3_poly_style</styleUrl>
      <Polygon>
        <outerBoundaryIs>
          <LinearRing>
            <coordinates>-81.309018315689,8.216007873064251,0 -81.31689346406051,8.205969933270602,0 -81.31150103561185,8.194402703175475,0 -81.29823300579675,8.192874413722333,0 -81.2903583601345,8.202913425054698,0 -81.29575124120109,8.214479654242457,0 -81.309018315689,8.216007873064251,0</coordinates>
          </LinearRing>
        </outerBoundaryIs>
      </Polygon>
    </Placemark>
    <Placemark>
      <name>8766b535bffffff</name>
      <styleUrl>#h3_poly_style</styleUrl>
      <Polygon>
        <outerBoundaryIs>
          <LinearRing>
            <coordinates>-82.31865562112475,8.549532487605202,0 -82.3265648473428,8.539508318641866,0 -82.32120849353194,8.527990555469476,0 -82.30794238821663,8.526497909444059,0 -82.30003357159335,8.536523178598358,0 -82.30539045031531,8.548039993516026,0 -82.31865562112475,8.549532487605202,0</coordinates>
          </LinearRing>
        </outerBoundaryIs>
      </Polygon>
    </Placemark>
    <Placemark>
      <name>8766b56c3ffffff</name>
      <styleUrl>#h3_poly_style</styleUrl>
      <Polygon>
        <outerBoundaryIs>
          <LinearRing>
            <coordinates>-82.88572698121374,8.361609998855926,0 -82.8936626615095,8.351549786372358,0 -82.88832163058811,8.340012488339998,0 -82.87504435261582,8.338536318763257,0 -82.86710903021253,8.348597642149906,0 -82.87245062751407,8.360134024132734,0 -82.88572698121374,8.361609998855926,0</coordinates>
          </LinearRing>
        </outerBoundaryIs>
      </Polygon>
    </Placemark>
    <Placemark>
      <name>8766a0a61ffffff</name>
      <styleUrl>#h3_poly_style</styleUrl>
      <Polygon>
        <outerBoundaryIs>
          <LinearRing>
            <coordinates>-80.13292549933813,8.646043549826045,0 -80.14073420545726,8.636093469041738,0 -80.13531821545584,8.62457857719204,0 -80.12209315362492,8.623014831769812,0 -80.11428505440338,8.632965962816495,0 -80.11970140974088,8.644479788977739,0 -80.13292549933813,8.646043549826045,0</coordinates>
          </LinearRing>
        </outerBoundaryIs>
      </Polygon>
    </Placemark>
    <Placemark>
      <name>8766a5055ffffff</name>
      <styleUrl>#h3_poly_style</styleUrl>
      <Polygon>
        <outerBoundaryIs>
          <LinearRing>
            <coordinates>-79.61231250027181,8.996233023027251,0 -79.62008573694158,8.986344631021591,0 -79.61466364933769,8.974875011725878,0 -79.6014679983471,8.97329487797723,0 -79.59369541318439,8.983184313303136,0 -79.5991178271333,8.994652839018151,0 -79.61231250027181,8.996233023027251,0</coordinates>
          </LinearRing>
        </outerBoundaryIs>
      </Polygon>
    </Placemark>
    <Placemark>
      <name>8766b574dffffff</name>
      <styleUrl>#h3_poly_style</styleUrl>
      <Polygon>
        <outerBoundaryIs>
          <LinearRing>
            <coordinates>-82.66079275861162,8.555126922573884,0 -82.66871511618926,8.545095022483043,0 -82.6633699097483,8.533581016641712,0 -82.65010179581913,8.532099840578526,0 -82.64217981640179,8.542132848914394,0 -82.64752557237858,8.553645924993404,0 -82.66079275861162,8.555126922573884,0</coordinates>
          </LinearRing>
        </outerBoundaryIs>
      </Polygon>
    </Placemark>
    <Placemark>
      <name>8766a212dffffff</name>
      <styleUrl>#h3_poly_style</styleUrl>
      <Polygon>
        <outerBoundaryIs>
          <LinearRing>
            <coordinates>-81.66837508538565,8.421227736444797,0 -81.67626075675278,8.411204912171437,0 -81.67088226970591,8.399665864113247,0 -81.65761763271283,8.398150622898045,0 -81.6497324307355,8.408174530304368,0 -81.65511139598522,8.419712595729505,0 -81.66837508538565,8.421227736444797,0</coordinates>
          </LinearRing>
        </outerBoundaryIs>
      </Polygon>
    </Placemark>
    <Placemark>
      <name>8766a3870ffffff</name>
      <styleUrl>#h3_poly_style</styleUrl>
      <Polygon>
        <outerBoundaryIs>
          <LinearRing>
            <coordinates>-80.57494203594099,7.933560004665391,0 -80.58279027207013,7.9235086022009185,0 -80.5773730474851,7.911903809660595,0 -80.56410718683173,7.910351458712561,0 -80.55625952074092,7.920403910486737,0 -80.56167714488762,7.932007663849212,0 -80.57494203594099,7.933560004665391,0</coordinates>
          </LinearRing>
        </outerBoundaryIs>
      </Polygon>
    </Placemark>
    <Placemark>
      <name>8766a5096ffffff</name>
      <styleUrl>#h3_poly_style</styleUrl>
      <Polygon>
        <outerBoundaryIs>
          <LinearRing>
            <coordinates>-79.92908011108113,9.034023687291862,0 -79.93686879164798,9.024129485543991,0 -79.93145466742048,9.012664773951983,0 -79.91825151275977,9.011095341202203,0 -79.91046345562704,9.020990594164996,0 -79.91587792934838,9.032454228619459,0 -79.92908011108113,9.034023687291862,0</coordinates>
          </LinearRing>
        </outerBoundaryIs>
      </Polygon>
    </Placemark>
    <Placemark>
      <name>8766a1d9effffff</name>
      <styleUrl>#h3_poly_style</styleUrl>
      <Polygon>
        <outerBoundaryIs>
          <LinearRing>
            <coordinates>-80.23867864866084,8.418997975188107,0 -80.24649831177216,8.409016191957106,0 -80.2410809745544,8.397472313706976,0 -80.22784360021,8.39591127802705,0 -80.22002453545439,8.405894110491392,0 -80.22544224631216,8.417436929355949,0 -80.23867864866084,8.418997975188107,0</coordinates>
          </LinearRing>
        </outerBoundaryIs>
      </Polygon>
    </Placemark>
    <Placemark>
      <name>8766b5329ffffff</name>
      <styleUrl>#h3_poly_style</styleUrl>
      <Polygon>
        <outerBoundaryIs>
          <LinearRing>
            <coordinates>-82.34057168725953,8.704644054079518,0 -82.3484778537719,8.694638083601975,0 -82.34312485496707,8.683140976395315,0 -82.32986516330492,8.68165078765704,0 -82.32195940397291,8.691657860888283,0 -82.32731292874806,8.703154020032636,0 -82.34057168725953,8.704644054079518,0</coordinates>
          </LinearRing>
        </outerBoundaryIs>
      </Polygon>
    </Placemark>
    <Placemark>
      <name>8766b1996ffffff</name>
      <styleUrl>#h3_poly_style</styleUrl>
      <Polygon>
        <outerBoundaryIs>
          <LinearRing>
            <coordinates>-82.8324601589615,8.300958420809076,0 -82.84039540392767,8.290892266726692,0 -82.8350515510879,8.279346504984565,0 -82.82177189013224,8.277867815719842,0 -82.81383700811341,8.287935078623736,0 -82.81918142372757,8.29947992189403,0 -82.8324601589615,8.300958420809076,0</coordinates>
          </LinearRing>
        </outerBoundaryIs>
      </Polygon>
    </Placemark>
    <Placemark>
      <name>8766b52c0ffffff</name>
      <styleUrl>#h3_poly_style</styleUrl>
      <Polygon>
        <outerBoundaryIs>
          <LinearRing>
            <coordinates>-82.4559803064477,8.41204596955196,0 -82.46389840834973,8.402001912233377,0 -82.45854409040874,8.390467263996202,0 -82.44527113490503,8.388977612865558,0 -82.4373534303481,8.399022771711506,0 -82.4427082835742,8.410556480088152,0 -82.4559803064477,8.41204596955196,0</coordinates>
          </LinearRing>
        </outerBoundaryIs>
      </Polygon>
    </Placemark>
    <Placemark>
      <name>8766a028affffff</name>
      <styleUrl>#h3_poly_style</styleUrl>
      <Polygon>
        <outerBoundaryIs>
          <LinearRing>
            <coordinates>-80.622889083655,8.223902789178453,0 -80.63073234982116,8.21388531782624,0 -80.62532138683711,8.202317102664525,0 -80.61206675496763,8.200767396827226,0 -80.60422405347589,8.210785923458443,0 -80.60963541880265,8.222353100597111,0 -80.622889083655,8.223902789178453,0</coordinates>
          </LinearRing>
        </outerBoundaryIs>
      </Polygon>
    </Placemark>
    <Placemark>
      <name>8766b1c61ffffff</name>
      <styleUrl>#h3_poly_style</styleUrl>
      <Polygon>
        <outerBoundaryIs>
          <LinearRing>
            <coordinates>-82.87442840826422,8.11930442317957,0 -82.88236980818974,8.109215977651198,0 -82.87702426669088,8.097646970646908,0 -82.86373675844645,8.096167323739872,0 -82.85579571801173,8.106256876509352,0 -82.86114182595475,8.117824968867579,0 -82.87442840826422,8.11930442317957,0</coordinates>
          </LinearRing>
        </outerBoundaryIs>
      </Polygon>
    </Placemark>
    <Placemark>
      <name>8766b5628ffffff</name>
      <styleUrl>#h3_poly_style</styleUrl>
      <Polygon>
        <outerBoundaryIs>
          <LinearRing>
            <coordinates>-82.8039787050824,8.538331406837724,0 -82.81190687438794,8.528294088908936,0 -82.80656612181677,8.516779249453306,0 -82.7932966396871,8.515302649721,0 -82.78536883540208,8.525341079007266,0 -82.79071014785168,8.536854996591705,0 -82.8039787050824,8.538331406837724,0</coordinates>
          </LinearRing>
        </outerBoundaryIs>
      </Polygon>
    </Placemark>
    <Placemark>
      <name>8766a256effffff</name>
      <styleUrl>#h3_poly_style</styleUrl>
      <Polygon>
        <outerBoundaryIs>
          <LinearRing>
            <coordinates>-82.00445027383849,8.306428843581852,0 -82.01235294925195,8.296383401032067,0 -82.00698261874149,8.284831571374415,0 -81.99370910946739,8.283326147892577,0 -81.98580687309075,8.293372679842376,0 -81.99117770657493,8.304923545806723,0 -82.00445027383849,8.306428843581852,0</coordinates>
          </LinearRing>
        </outerBoundaryIs>
      </Polygon>
    </Placemark>
    <Placemark>
      <name>8766a1c32ffffff</name>
      <styleUrl>#h3_poly_style</styleUrl>
      <Polygon>
        <outerBoundaryIs>
          <LinearRing>
            <coordinates>-80.11956069625029,8.404933318025309,0 -80.12737476768658,8.394953501230473,0 -80.12195426636669,8.383407785333919,0 -80.10871932831722,8.38184295186991,0 -80.10090586590758,8.391823814840214,0 -80.10632673214559,8.403368465054141,0 -80.11956069625029,8.404933318025309,0</coordinates>
          </LinearRing>
        </outerBoundaryIs>
      </Polygon>
    </Placemark>
    <Placemark>
      <name>8766b525cffffff</name>
      <styleUrl>#h3_poly_style</styleUrl>
      <Polygon>
        <outerBoundaryIs>
          <LinearRing>
            <coordinates>-82.33142356492618,8.44176818530745,0 -82.33933602296378,8.431730745825746,0 -82.33397822854229,8.420198953141448,0 -82.32070744951258,8.418705546706065,0 -82.31279540018085,8.428744085205263,0 -82.31815372079734,8.440274931051178,0 -82.33142356492618,8.44176818530745,0</coordinates>
          </LinearRing>
        </outerBoundaryIs>
      </Polygon>
    </Placemark>
    <Placemark>
      <name>8766a669affffff</name>
      <styleUrl>#h3_poly_style</styleUrl>
      <Polygon>
        <outerBoundaryIs>
          <LinearRing>
            <coordinates>-82.02328240261598,8.832127578608654,0 -82.03117256668776,8.822145395106356,0 -82.02581184157864,8.810662633482229,0 -82.01256044937708,8.809163021118215,0 -82.00467072114859,8.819146301661899,0 -82.01003194890382,8.830628097460346,0 -82.02328240261598,8.832127578608654,0</coordinates>
          </LinearRing>
        </outerBoundaryIs>
      </Polygon>
    </Placemark>
    <Placemark>
      <name>8766a1480ffffff</name>
      <styleUrl>#h3_poly_style</styleUrl>
      <Polygon>
        <outerBoundaryIs>
          <LinearRing>
            <coordinates>-80.3922596945262,7.945043614774586,0 -80.40009878087294,7.934998952436219,0 -80.3946770779202,7.923395459760248,0 -80.38141590215677,7.921837678514032,0 -80.37357740222035,7.931883385934549,0 -80.3789994912598,7.943485829471321,0 -80.3922596945262,7.945043614774586,0</coordinates>
          </LinearRing>
        </outerBoundaryIs>
      </Polygon>
    </Placemark>
    <Placemark>
      <name>8766b56d6ffffff</name>
      <styleUrl>#h3_poly_style</styleUrl>
      <Polygon>
        <outerBoundaryIs>
          <LinearRing>
            <coordinates>-82.96278482916543,8.392047163921813,0 -82.97072256581458,8.381988788801895,0 -82.96538465591776,8.370456265665165,0 -82.9521084372015,8.36898302965685,0 -82.94417105126364,8.379042517893568,0 -82.94950953295599,8.390574128943456,0 -82.96278482916543,8.392047163921813,0</coordinates>
          </LinearRing>
        </outerBoundaryIs>
      </Polygon>
    </Placemark>
    <Placemark>
      <name>8766a3d73ffffff</name>
      <styleUrl>#h3_poly_style</styleUrl>
      <Polygon>
        <outerBoundaryIs>
          <LinearRing>
            <coordinates>-80.98674385322724,8.036364917671447,0 -80.99460890705714,8.026314204644567,0 -80.98920441284181,8.014723074616317,0 -80.97593443488302,8.013183674937153,0 -80.96806991356812,8.023235448928586,0 -80.97347483731949,8.034825561579574,0 -80.98674385322724,8.036364917671447,0</coordinates>
          </LinearRing>
        </outerBoundaryIs>
      </Polygon>
    </Placemark>
    <Placemark>
      <name>8766a58d3ffffff</name>
      <styleUrl>#h3_poly_style</styleUrl>
      <Polygon>
        <outerBoundaryIs>
          <LinearRing>
            <coordinates>-79.60272594011712,9.26510435452662,0 -79.61049193986992,9.255251063618925,0 -79.60507433382784,9.243816608208219,0 -79.59189040258417,9.242236537860327,0 -79.58412505405067,9.25209087569598,0 -79.58954298517065,9.263524236912108,0 -79.60272594011712,9.26510435452662,0</coordinates>
          </LinearRing>
        </outerBoundaryIs>
      </Polygon>
    </Placemark>
    <Placemark>
      <name>8766a0a29ffffff</name>
      <styleUrl>#h3_poly_style</styleUrl>
      <Polygon>
        <outerBoundaryIs>
          <LinearRing>
            <coordinates>-80.22851547289844,8.689945103745588,0 -80.23632784468116,8.679997509445702,0 -80.23091495870939,8.668488352256652,0 -80.21768932833405,8.666927850074144,0 -80.2098775547734,8.676876497549827,0 -80.2152908129917,8.688384593985731,0 -80.22851547289844,8.689945103745588,0</coordinates>
          </LinearRing>
        </outerBoundaryIs>
      </Polygon>
    </Placemark>
    <Placemark>
      <name>8766a5065ffffff</name>
      <styleUrl>#h3_poly_style</styleUrl>
      <Polygon>
        <outerBoundaryIs>
          <LinearRing>
            <coordinates>-79.5261156295043,9.050784715012073,0 -79.53388295950997,9.040906305451454,0 -79.52845989656419,9.029443844918646,0 -79.51526918333484,9.027860891998461,0 -79.50750251217357,9.03774034367743,0 -79.51292589502575,9.049201706119927,0 -79.5261156295043,9.050784715012073,0</coordinates>
          </LinearRing>
        </outerBoundaryIs>
      </Polygon>
    </Placemark>
    <Placemark>
      <name>8766b53a2ffffff</name>
      <styleUrl>#h3_poly_style</styleUrl>
      <Polygon>
        <outerBoundaryIs>
          <LinearRing>
            <coordinates>-82.56319877025342,8.696909476549145,0 -82.57111380664935,8.6868970039728,0 -82.56576783482417,8.675400857768826,0 -82.55250628420394,8.67391812008293,0 -82.54459163458975,8.683931700478475,0 -82.54993814843965,8.695426910666695,0 -82.56319877025342,8.696909476549145,0</coordinates>
          </LinearRing>
        </outerBoundaryIs>
      </Polygon>
    </Placemark>
    <Placemark>
      <name>8766a658cffffff</name>
      <styleUrl>#h3_poly_style</styleUrl>
      <Polygon>
        <outerBoundaryIs>
          <LinearRing>
            <coordinates>-82.16364539988335,9.34667428158093,0 -82.17152822517289,9.33675205350747,0 -82.16618069607551,9.32533965477298,0 -82.15294983022471,9.32385044486379,0 -82.14506742656545,9.333773779334756,0 -82.15041546675414,9.345185217247547,0 -82.16364539988335,9.34667428158093,0</coordinates>
          </LinearRing>
        </outerBoundaryIs>
      </Polygon>
    </Placemark>
    <Placemark>
      <name>8766b560dffffff</name>
      <styleUrl>#h3_poly_style</styleUrl>
      <Polygon>
        <outerBoundaryIs>
          <LinearRing>
            <coordinates>-82.80915389962509,8.495221638519059,0 -82.81708335478535,8.485179058426022,0 -82.81174203857239,8.47365857820272,0 -82.7984707064203,8.472181599262024,0 -82.79054161590449,8.48222529026482,0 -82.79588349252163,8.49374484922187,0 -82.80915389962509,8.495221638519059,0</coordinates>
          </LinearRing>
        </outerBoundaryIs>
      </Polygon>
    </Placemark>
    <Placemark>
      <name>8766b53aeffffff</name>
      <styleUrl>#h3_poly_style</styleUrl>
      <Polygon>
        <outerBoundaryIs>
          <LinearRing>
            <coordinates>-82.52598323482067,8.670951242597843,0 -82.53389749591251,8.660936554981149,0 -82.52854987119451,8.649436621479492,0 -82.51528744557217,8.647952313372794,0 -82.50737357474337,8.657968107611513,0 -82.51272173889933,8.669467103261356,0 -82.52598323482067,8.670951242597843,0</coordinates>
          </LinearRing>
        </outerBoundaryIs>
      </Polygon>
    </Placemark>
    <Placemark>
      <name>8766a38ebffffff</name>
      <styleUrl>#h3_poly_style</styleUrl>
      <Polygon>
        <outerBoundaryIs>
          <LinearRing>
            <coordinates>-80.6293468116024,7.808196923927558,0 -80.63720079231982,7.7981288416550845,0 -80.63178281934374,7.786508506285482,0 -80.61851046138642,7.784957288664857,0 -80.61065704626131,7.7950264194065095,0 -80.61607542312316,7.806645719249036,0 -80.6293468116024,7.808196923927558,0</coordinates>
          </LinearRing>
        </outerBoundaryIs>
      </Polygon>
    </Placemark>
    <Placemark>
      <name>8766a2572ffffff</name>
      <styleUrl>#h3_poly_style</styleUrl>
      <Polygon>
        <outerBoundaryIs>
          <LinearRing>
            <coordinates>-82.10272727489627,8.328500566706994,0 -82.11063341622442,8.318455276055223,0 -82.10526649791213,8.306906986942408,0 -82.09199292786836,8.30540494690823,0 -82.08408721651733,8.3154513295999,0 -82.08945464485664,8.326998660217418,0 -82.10272727489627,8.328500566706994,0</coordinates>
          </LinearRing>
        </outerBoundaryIs>
      </Polygon>
    </Placemark>
    <Placemark>
      <name>8766a3ba4ffffff</name>
      <styleUrl>#h3_poly_style</styleUrl>
      <Polygon>
        <outerBoundaryIs>
          <LinearRing>
            <coordinates>-80.52860270375014,7.807395409607559,0 -80.536451861017,7.797330123072538,0 -80.53103126104068,7.785709602937435,0 -80.51776110694904,7.784155410298331,0 -80.5099125243509,7.794221742837246,0 -80.51533352079774,7.805841221962007,0 -80.52860270375014,7.807395409607559,0</coordinates>
          </LinearRing>
        </outerBoundaryIs>
      </Polygon>
    </Placemark>
    <Placemark>
      <name>8766a0453ffffff</name>
      <styleUrl>#h3_poly_style</styleUrl>
      <Polygon>
        <outerBoundaryIs>
          <LinearRing>
            <coordinates>-81.09168896835361,8.52953720298228,0 -81.09954644392563,8.519543604586472,0 -81.09415333761493,8.508015828409297,0 -81.08090231950364,8.506482664804702,0 -81.07304536529672,8.51647733431531,0 -81.07843890746018,8.528004096259014,0 -81.09168896835361,8.52953720298228,0</coordinates>
          </LinearRing>
        </outerBoundaryIs>
      </Polygon>
    </Placemark>
    <Placemark>
      <name>8766b5805ffffff</name>
      <styleUrl>#h3_poly_style</styleUrl>
      <Polygon>
        <outerBoundaryIs>
          <LinearRing>
            <coordinates>-82.47539519811318,9.262656308498606,0 -82.48329248302771,9.252715290147682,0 -82.47795337539588,9.241294379286591,0 -82.46471644871089,9.239815430688324,0 -82.4568195572037,9.249757561583802,0 -82.46215919860168,9.261177528459623,0 -82.47539519811318,9.262656308498606,0</coordinates>
          </LinearRing>
        </outerBoundaryIs>
      </Polygon>
    </Placemark>
    <Placemark>
      <name>8766a021bffffff</name>
      <styleUrl>#h3_poly_style</styleUrl>
      <Polygon>
        <outerBoundaryIs>
          <LinearRing>
            <coordinates>-80.51743104392698,8.266210543405663,0 -80.52526818150984,8.256201390174542,0 -80.51985522251532,8.244638376856887,0 -80.50660473106987,8.243085560602418,0 -80.49876816747751,8.253095767271702,0 -80.50418152096384,8.264657736707674,0 -80.51743104392698,8.266210543405663,0</coordinates>
          </LinearRing>
        </outerBoundaryIs>
      </Polygon>
    </Placemark>
    <Placemark>
      <name>8766a3b61ffffff</name>
      <styleUrl>#h3_poly_style</styleUrl>
      <Polygon>
        <outerBoundaryIs>
          <LinearRing>
            <coordinates>-80.23371548994581,7.7397999854673145,0 -80.2415518791622,7.729735172127911,0 -80.23612266062433,7.718106283332098,0 -80.22285667759569,7.716543264514759,0 -80.21502088978109,7.7266091154642895,0 -80.22045048321559,7.738236947575301,0 -80.23371548994581,7.7397999854673145,0</coordinates>
          </LinearRing>
        </outerBoundaryIs>
      </Polygon>
    </Placemark>
    <Placemark>
      <name>8766b525effffff</name>
      <styleUrl>#h3_poly_style</styleUrl>
      <Polygon>
        <outerBoundaryIs>
          <LinearRing>
            <coordinates>-82.35260639462521,8.433223396944156,0 -82.3605199060271,8.423184409073887,0 -82.355162639359,8.411651670760605,0 -82.34189133316,8.410158865875164,0 -82.33397822854229,8.420198953141448,0 -82.33933602296378,8.431730745825746,0 -82.35260639462521,8.433223396944156,0</coordinates>
          </LinearRing>
        </outerBoundaryIs>
      </Polygon>
    </Placemark>
    <Placemark>
      <name>8766b52b3ffffff</name>
      <styleUrl>#h3_poly_style</styleUrl>
      <Polygon>
        <outerBoundaryIs>
          <LinearRing>
            <coordinates>-82.62356558846815,8.529136103918734,0 -82.63148718798165,8.519101987943072,0 -82.62614031564681,8.507584204873012,0 -82.61287129647324,8.506101469299317,0 -82.6049500786072,8.516136692308491,0 -82.61029749789236,8.527653543783261,0 -82.62356558846815,8.529136103918734,0</coordinates>
          </LinearRing>
        </outerBoundaryIs>
      </Polygon>
    </Placemark>
    <Placemark>
      <name>8766b1915ffffff</name>
      <styleUrl>#h3_poly_style</styleUrl>
      <Polygon>
        <outerBoundaryIs>
          <LinearRing>
            <coordinates>-82.6441734901424,8.356568359906822,0 -82.65210024537552,8.346513177738583,0 -82.64675109931571,8.3349729249446,0 -82.63347464860992,8.333488783441759,0 -82.62554827354825,8.343545070784167,0 -82.63089796864544,8.355084394380535,0 -82.6441734901424,8.356568359906822,0</coordinates>
          </LinearRing>
        </outerBoundaryIs>
      </Polygon>
    </Placemark>
    <Placemark>
      <name>8766b1d2effffff</name>
      <styleUrl>#h3_poly_style</styleUrl>
      <Polygon>
        <outerBoundaryIs>
          <LinearRing>
            <coordinates>-82.98920142659632,8.340269206929728,0 -82.99714143882362,8.330204120699953,0 -82.9918035428257,8.318665067403433,0 -82.9785250603475,8.317192010476841,0 -82.97058539650779,8.327258209740402,0 -82.97592386638381,8.338796352818143,0 -82.98920142659632,8.340269206929728,0</coordinates>
          </LinearRing>
        </outerBoundaryIs>
      </Polygon>
    </Placemark>
    <Placemark>
      <name>8766a202dffffff</name>
      <styleUrl>#h3_poly_style</styleUrl>
      <Polygon>
        <outerBoundaryIs>
          <LinearRing>
            <coordinates>-81.68593281670329,8.270180130137772,0 -81.69382304544382,8.260138592986056,0 -81.6884424819935,8.248580130208774,0 -81.67517120948334,8.247064185294137,0 -81.66728144898504,8.257106803770265,0 -81.6726624923779,8.268664285773097,0 -81.68593281670329,8.270180130137772,0</coordinates>
          </LinearRing>
        </outerBoundaryIs>
      </Polygon>
    </Placemark>
    <Placemark>
      <name>8766a5b63ffffff</name>
      <styleUrl>#h3_poly_style</styleUrl>
      <Polygon>
        <outerBoundaryIs>
          <LinearRing>
            <coordinates>-79.10975838580322,9.194897856449812,0 -79.11749969162179,9.185052820133828,0 -79.11207020067984,9.173609746844383,0 -79.09889911447668,9.172012829394552,0 -79.09115850322279,9.181858900311132,0 -79.09658828323758,9.193300854043585,0 -79.10975838580322,9.194897856449812,0</coordinates>
          </LinearRing>
        </outerBoundaryIs>
      </Polygon>
    </Placemark>
    <Placemark>
      <name>8766b52eaffffff</name>
      <styleUrl>#h3_poly_style</styleUrl>
      <Polygon>
        <outerBoundaryIs>
          <LinearRing>
            <coordinates>-82.41616432511653,8.407576142175436,0 -82.42408098443265,8.397532522681598,0 -82.418725310374,8.38599695474858,0 -82.40545244419566,8.384505948231563,0 -82.39753618589407,8.394550668256969,0 -82.40289239238066,8.4060852941957,0 -82.41616432511653,8.407576142175436,0</coordinates>
          </LinearRing>
        </outerBoundaryIs>
      </Polygon>
    </Placemark>
    <Placemark>
      <name>8766b508dffffff</name>
      <styleUrl>#h3_poly_style</styleUrl>
      <Polygon>
        <outerBoundaryIs>
          <LinearRing>
            <coordinates>-82.77295784438542,8.79653041296203,0 -82.7808783044319,8.786524844781557,0 -82.77554093329996,8.775044020205328,0 -82.76228254501676,8.773569689111625,0 -82.75436245223958,8.783576371211375,0 -82.75970038010261,8.795056270409088,0 -82.77295784438542,8.79653041296203,0</coordinates>
          </LinearRing>
        </outerBoundaryIs>
      </Polygon>
    </Placemark>
    <Placemark>
      <name>8766a0299ffffff</name>
      <styleUrl>#h3_poly_style</styleUrl>
      <Polygon>
        <outerBoundaryIs>
          <LinearRing>
            <coordinates>-80.64398683256695,8.21543438567651,0 -80.65183131867356,8.205415257113534,0 -80.64642075960279,8.19384600510398,0 -80.63316531013555,8.19229691845416,0 -80.62532138683711,8.202317102664525,0 -80.63073234982116,8.21388531782624,0 -80.64398683256695,8.21543438567651,0</coordinates>
          </LinearRing>
        </outerBoundaryIs>
      </Polygon>
    </Placemark>
    <Placemark>
      <name>8766a5772ffffff</name>
      <styleUrl>#h3_poly_style</styleUrl>
      <Polygon>
        <outerBoundaryIs>
          <LinearRing>
            <coordinates>-79.7919518546925,8.822732355064819,0 -79.79973878902419,8.81281571505734,0 -79.79431777754573,8.801323535851305,0 -79.78110949145963,8.799749080612068,0 -79.77332319353111,8.809666765551295,0 -79.77874454491254,8.821157860756687,0 -79.7919518546925,8.822732355064819,0</coordinates>
          </LinearRing>
        </outerBoundaryIs>
      </Polygon>
    </Placemark>
    <Placemark>
      <name>8766b575cffffff</name>
      <styleUrl>#h3_poly_style</styleUrl>
      <Polygon>
        <outerBoundaryIs>
          <LinearRing>
            <coordinates>-82.74039593571054,8.564003180055652,0 -82.74832107477586,8.553970436997293,0 -82.74297864722448,8.542458366796337,0 -82.72971052501012,8.540979965087931,0 -82.72178575675932,8.551013818360609,0 -82.7271287395338,8.562524963051427,0 -82.74039593571054,8.564003180055652,0</coordinates>
          </LinearRing>
        </outerBoundaryIs>
      </Polygon>
    </Placemark>
    <Placemark>
      <name>8766a50e2ffffff</name>
      <styleUrl>#h3_poly_style</styleUrl>
      <Polygon>
        <outerBoundaryIs>
          <LinearRing>
            <coordinates>-79.71482077624559,8.976030605149802,0 -79.7225998747364,8.966136141669228,0 -79.71717976095051,8.954663847553539,0 -79.70398021439179,8.953087105108269,0 -79.69620175847413,8.962982613995031,0 -79.70162220616977,8.974453819880335,0 -79.71482077624559,8.976030605149802,0</coordinates>
          </LinearRing>
        </outerBoundaryIs>
      </Polygon>
    </Placemark>
    <Placemark>
      <name>8766a16f1ffffff</name>
      <styleUrl>#h3_poly_style</styleUrl>
      <Polygon>
        <outerBoundaryIs>
          <LinearRing>
            <coordinates>-80.03281903419472,7.551130495950156,0 -80.04065003781469,7.541048942653421,0 -80.03521264942067,7.529397201281802,0 -80.0219438965317,7.527828079765135,0 -80.01411351302642,7.53791066226807,0 -80.01955126191737,7.549561337038352,0 -80.03281903419472,7.551130495950156,0</coordinates>
          </LinearRing>
        </outerBoundaryIs>
      </Polygon>
    </Placemark>
    <Placemark>
      <name>8766a02abffffff</name>
      <styleUrl>#h3_poly_style</styleUrl>
      <Polygon>
        <outerBoundaryIs>
          <LinearRing>
            <coordinates>-80.57827100310976,8.262407590416984,0 -80.58611116643948,8.252396158365613,0 -80.58069971053827,8.240832752827703,0 -80.56744769196234,8.239281819887312,0 -80.55960809717621,8.249294306769508,0 -80.5650199520461,8.260856671710936,0 -80.57827100310976,8.262407590416984,0</coordinates>
          </LinearRing>
        </outerBoundaryIs>
      </Polygon>
    </Placemark>
    <Placemark>
      <name>8766a398affffff</name>
      <styleUrl>#h3_poly_style</styleUrl>
      <Polygon>
        <outerBoundaryIs>
          <LinearRing>
            <coordinates>-80.7877288177147,8.013231080576563,0 -80.79558518137028,8.003183195190443,0 -80.79017492181437,7.991588694676154,0 -80.77690788323038,7.990043107552499,0 -80.76905207015355,8.0000920487302,0 -80.77446274470448,8.011685521187333,0 -80.7877288177147,8.013231080576563,0</coordinates>
          </LinearRing>
        </outerBoundaryIs>
      </Polygon>
    </Placemark>
    <Placemark>
      <name>8766b5accffffff</name>
      <styleUrl>#h3_poly_style</styleUrl>
      <Polygon>
        <outerBoundaryIs>
          <LinearRing>
            <coordinates>-82.23476821572109,8.747193900385577,0 -82.2426690984382,8.737195803698118,0 -82.23731348532695,8.725703448710414,0 -82.22405647092664,8.7242101443505,0 -82.21615600496386,8.734209341887075,0 -82.22151213627242,8.745700742864182,0 -82.23476821572109,8.747193900385577,0</coordinates>
          </LinearRing>
        </outerBoundaryIs>
      </Polygon>
    </Placemark>
    <Placemark>
      <name>8766b562affffff</name>
      <styleUrl>#h3_poly_style</styleUrl>
      <Polygon>
        <outerBoundaryIs>
          <LinearRing>
            <coordinates>-82.82517587810173,8.529769899025403,0 -82.83310505338751,8.51973106069176,0 -82.82776486224623,8.508215300580048,0 -82.81449493401473,8.506739299381174,0 -82.80656612181677,8.516779249453306,0 -82.81190687438794,8.528294088908936,0 -82.82517587810173,8.529769899025403,0</coordinates>
          </LinearRing>
        </outerBoundaryIs>
      </Polygon>
    </Placemark>
    <Placemark>
      <name>8766aed23ffffff</name>
      <styleUrl>#h3_poly_style</styleUrl>
      <Polygon>
        <outerBoundaryIs>
          <LinearRing>
            <coordinates>-80.14074126597023,7.486796466915911,0 -80.14857931644502,7.476704017665275,0 -80.14314343736115,7.465044321193776,0 -80.12986913879742,7.463478134272672,0 -80.12203169903046,7.473571614182112,0 -80.12746794674092,7.485230250309469,0 -80.14074126597023,7.486796466915911,0</coordinates>
          </LinearRing>
        </outerBoundaryIs>
      </Polygon>
    </Placemark>
    <Placemark>
      <name>8766b5290ffffff</name>
      <styleUrl>#h3_poly_style</styleUrl>
      <Polygon>
        <outerBoundaryIs>
          <LinearRing>
            <coordinates>-82.6473320555377,8.499029582069648,0 -82.65525532309145,8.488991293984512,0 -82.64990871532555,8.477469764910085,0 -82.63663829086593,8.475987453933982,0 -82.62871540284682,8.48602684920554,0 -82.63406255937775,8.497547448191957,0 -82.6473320555377,8.499029582069648,0</coordinates>
          </LinearRing>
        </outerBoundaryIs>
      </Polygon>
    </Placemark>
    <Placemark>
      <name>8766a6590ffffff</name>
      <styleUrl>#h3_poly_style</styleUrl>
      <Polygon>
        <outerBoundaryIs>
          <LinearRing>
            <coordinates>-82.2616006479079,9.368491090096617,0 -82.26948684164515,9.358568930164227,0 -82.26414275320161,9.347160397360598,0 -82.25091195258733,9.345674980176492,0 -82.24302617149722,9.3555982489644,0 -82.24837077800186,9.367005826009901,0 -82.2616006479079,9.368491090096617,0</coordinates>
          </LinearRing>
        </outerBoundaryIs>
      </Polygon>
    </Placemark>
    <Placemark>
      <name>87661670bffffff</name>
      <styleUrl>#h3_poly_style</styleUrl>
      <Polygon>
        <outerBoundaryIs>
          <LinearRing>
            <coordinates>-78.80780316427021,9.212048217618122,0 -78.81552727970444,9.202216422339307,0 -78.81009197460266,9.190776374213822,0 -78.79693228681252,9.189169256334678,0 -78.78920889201734,9.199002079515672,0 -78.79464446400453,9.210440992643939,0 -78.80780316427021,9.212048217618122,0</coordinates>
          </LinearRing>
        </outerBoundaryIs>
      </Polygon>
    </Placemark>
    <Placemark>
      <name>8766b5650ffffff</name>
      <styleUrl>#h3_poly_style</styleUrl>
      <Polygon>
        <outerBoundaryIs>
          <LinearRing>
            <coordinates>-82.79571584064378,8.439087711880081,0 -82.80364621767033,8.429038767673116,0 -82.79830349476491,8.41751076202792,0 -82.78502983481762,8.416032622082366,0 -82.777099823805,8.426082676136376,0 -82.78244310635084,8.437609760212391,0 -82.79571584064378,8.439087711880081,0</coordinates>
          </LinearRing>
        </outerBoundaryIs>
      </Polygon>
    </Placemark>
    <Placemark>
      <name>8766a5136ffffff</name>
      <styleUrl>#h3_poly_style</styleUrl>
      <Polygon>
        <outerBoundaryIs>
          <LinearRing>
            <coordinates>-79.73998739233872,9.292309931663683,0 -79.74775987148301,9.282455442207544,0 -79.74234585581068,9.271024576007681,0 -79.72915902555009,9.269449286346047,0 -79.72138718545753,9.279304826249724,0 -79.72680153620264,9.290734605326353,0 -79.73998739233872,9.292309931663683,0</coordinates>
          </LinearRing>
        </outerBoundaryIs>
      </Polygon>
    </Placemark>
    <Placemark>
      <name>8766a256bffffff</name>
      <styleUrl>#h3_poly_style</styleUrl>
      <Polygon>
        <outerBoundaryIs>
          <LinearRing>
            <coordinates>-81.98833798315167,8.271772504127616,0 -81.9962408689603,8.261723320366283,0 -81.99086944980479,8.250166900897986,0 -81.97759464254815,8.248660629462101,0 -81.96969219734835,8.258710901735851,0 -81.97506411841975,8.270266356866005,0 -81.98833798315167,8.271772504127616,0</coordinates>
          </LinearRing>
        </outerBoundaryIs>
      </Polygon>
    </Placemark>
    <Placemark>
      <name>8766a50caffffff</name>
      <styleUrl>#h3_poly_style</styleUrl>
      <Polygon>
        <outerBoundaryIs>
          <LinearRing>
            <coordinates>-79.70563454832082,8.877471098174427,0 -79.71341563568794,8.867564322827942,0 -79.70799359300376,8.856079253075569,0 -79.69479012913285,8.854502047222576,0 -79.68700968555609,8.86440986630389,0 -79.6924320616873,8.875893847463031,0 -79.70563454832082,8.877471098174427,0</coordinates>
          </LinearRing>
        </outerBoundaryIs>
      </Polygon>
    </Placemark>
    <Placemark>
      <name>8766b5776ffffff</name>
      <styleUrl>#h3_poly_style</styleUrl>
      <Polygon>
        <outerBoundaryIs>
          <LinearRing>
            <coordinates>-82.7698591541143,8.654557374631546,0 -82.77778310138615,8.644534781234691,0 -82.77244319926857,8.633035002701577,0 -82.75917879248962,8.631558742053878,0 -82.75125521310663,8.641582447519493,0 -82.75659567223956,8.653081301487715,0 -82.7698591541143,8.654557374631546,0</coordinates>
          </LinearRing>
        </outerBoundaryIs>
      </Polygon>
    </Placemark>
    <Placemark>
      <name>8766b5672ffffff</name>
      <styleUrl>#h3_poly_style</styleUrl>
      <Polygon>
        <outerBoundaryIs>
          <LinearRing>
            <coordinates>-82.79054161590449,8.48222529026482,0 -82.7984707064203,8.472181599262024,0 -82.79312854771199,8.460659222688621,0 -82.7798567389984,8.459181459221526,0 -82.77192801487227,8.469226260527574,0 -82.77727073269527,8.480747714921005,0 -82.79054161590449,8.48222529026482,0</coordinates>
          </LinearRing>
        </outerBoundaryIs>
      </Polygon>
    </Placemark>
    <Placemark>
      <name>8766a5995ffffff</name>
      <styleUrl>#h3_poly_style</styleUrl>
      <Polygon>
        <outerBoundaryIs>
          <LinearRing>
            <coordinates>-79.69312749072404,9.534320310009434,0 -79.7008914614611,9.524499039801716,0 -79.69548060791605,9.51310026990499,0 -79.68230545214011,9.511523859660748,0 -79.6745421235677,9.521346182446635,0 -79.6799533082364,9.532743862857767,0 -79.69312749072404,9.534320310009434,0</coordinates>
          </LinearRing>
        </outerBoundaryIs>
      </Polygon>
    </Placemark>
    <Placemark>
      <name>8766a06c0ffffff</name>
      <styleUrl>#h3_poly_style</styleUrl>
      <Polygon>
        <outerBoundaryIs>
          <LinearRing>
            <coordinates>-80.93219867864805,8.161483802407915,0 -80.9400580726908,8.151449769696269,0 -80.93465425188654,8.139874317293309,0 -80.92139061146598,8.138333918567962,0 -80.91353175444294,8.14836901295922,0 -80.91893600044371,8.159943444341714,0 -80.93219867864805,8.161483802407915,0</coordinates>
          </LinearRing>
        </outerBoundaryIs>
      </Polygon>
    </Placemark>
    <Placemark>
      <name>8766a0318ffffff</name>
      <styleUrl>#h3_poly_style</styleUrl>
      <Polygon>
        <outerBoundaryIs>
          <LinearRing>
            <coordinates>-80.49805008213873,8.438591082209227,0 -80.50588196313083,8.428603775924897,0 -80.50047149091256,8.417062686109535,0 -80.48722874469112,8.415509948147768,0 -80.4793974387932,8.425498310133714,0 -80.4848083036469,8.437038354330298,0 -80.49805008213873,8.438591082209227,0</coordinates>
          </LinearRing>
        </outerBoundaryIs>
      </Polygon>
    </Placemark>
    <Placemark>
      <name>8766a5632ffffff</name>
      <styleUrl>#h3_poly_style</styleUrl>
      <Polygon>
        <outerBoundaryIs>
          <LinearRing>
            <coordinates>-79.93896513315255,8.76428161478297,0 -79.94676107642336,8.754352709656679,0 -79.94134248795177,8.742852973677717,0 -79.92812760500989,8.741283218966618,0 -79.92033228538081,8.751213171588708,0 -79.92575122467838,8.762711831383063,0 -79.93896513315255,8.76428161478297,0</coordinates>
          </LinearRing>
        </outerBoundaryIs>
      </Polygon>
    </Placemark>
    <Placemark>
      <name>8766a06d2ffffff</name>
      <styleUrl>#h3_poly_style</styleUrl>
      <Polygon>
        <outerBoundaryIs>
          <LinearRing>
            <coordinates>-81.01424004068961,8.14910787807562,0 -81.02210353167857,8.139070024756464,0 -81.01670173255967,8.127493233916404,0 -81.0034360108329,8.125955312852055,0 -80.99557304948904,8.135994229617133,0 -81.00097527984968,8.147570003945171,0 -81.01424004068961,8.14910787807562,0</coordinates>
          </LinearRing>
        </outerBoundaryIs>
      </Polygon>
    </Placemark>
    <Placemark>
      <name>8766a5ceeffffff</name>
      <styleUrl>#h3_poly_style</styleUrl>
      <Polygon>
        <outerBoundaryIs>
          <LinearRing>
            <coordinates>-79.92158421715499,9.281600940896762,0 -79.92936630353691,9.271738880963978,0 -79.92395632079507,9.260306709877431,0 -79.91076390291128,9.258737676424206,0 -79.9029824396304,9.268600790820816,0 -79.90839277076064,9.28003188416349,0 -79.92158421715499,9.281600940896762,0</coordinates>
          </LinearRing>
        </outerBoundaryIs>
      </Polygon>
    </Placemark>
    <Placemark>
      <name>8766b5a62ffffff</name>
      <styleUrl>#h3_poly_style</styleUrl>
      <Polygon>
        <outerBoundaryIs>
          <LinearRing>
            <coordinates>-82.11885901090967,8.875544246079201,0 -82.12675197428837,8.865564857025444,0 -82.1213949460326,8.854088617285779,0 -82.10814444461465,8.852592727476779,0 -82.1002519082362,8.862573216334939,0 -82.10560944590115,8.874048495128694,0 -82.11885901090967,8.875544246079201,0</coordinates>
          </LinearRing>
        </outerBoundaryIs>
      </Polygon>
    </Placemark>
    <Placemark>
      <name>8766a561dffffff</name>
      <styleUrl>#h3_poly_style</styleUrl>
      <Polygon>
        <outerBoundaryIs>
          <LinearRing>
            <coordinates>-79.88781176645134,8.682190094728346,0 -79.89560714993527,8.672252468649953,0 -79.89018592699304,8.660742167337292,0 -79.8769689729399,8.65917057076538,0 -79.86917421795658,8.669109241887858,0 -79.87459578815208,8.680618464495812,0 -79.88781176645134,8.682190094728346,0</coordinates>
          </LinearRing>
        </outerBoundaryIs>
      </Polygon>
    </Placemark>
    <Placemark>
      <name>8766a2d92ffffff</name>
      <styleUrl>#h3_poly_style</styleUrl>
      <Polygon>
        <outerBoundaryIs>
          <LinearRing>
            <coordinates>-82.22378921291273,8.669712551991193,0 -82.23169161748685,8.65970532001347,0 -82.22633432983389,8.648202621879552,0 -82.21307411956992,8.646708109789829,0 -82.20517213296208,8.656716441350055,0 -82.21052993827698,8.668218185347422,0 -82.22378921291273,8.669712551991193,0</coordinates>
          </LinearRing>
        </outerBoundaryIs>
      </Polygon>
    </Placemark>
    <Placemark>
      <name>8766a3d21ffffff</name>
      <styleUrl>#h3_poly_style</styleUrl>
      <Polygon>
        <outerBoundaryIs>
          <LinearRing>
            <coordinates>-81.0353690449008,8.140607290549974,0 -81.04323371920192,8.130567813943195,0 -81.03783235289588,8.118990007782543,0 -81.02456587909866,8.117452693493561,0 -81.01670173255967,8.127493233916404,0 -81.02210353167857,8.139070024756464,0 -81.0353690449008,8.140607290549974,0</coordinates>
          </LinearRing>
        </outerBoundaryIs>
      </Polygon>
    </Placemark>
    <Placemark>
      <name>8766a218affffff</name>
      <styleUrl>#h3_poly_style</styleUrl>
      <Polygon>
        <outerBoundaryIs>
          <LinearRing>
            <coordinates>-81.88500006319825,8.29286526322008,0 -81.89289812784602,8.282821258064654,0 -81.88752392064288,8.271266897368944,0 -81.87425115406897,8.269757511863117,0 -81.86635353942158,8.27980260339557,0 -81.87172824097111,8.291355993990932,0 -81.88500006319825,8.29286526322008,0</coordinates>
          </LinearRing>
        </outerBoundaryIs>
      </Polygon>
    </Placemark>
    <Placemark>
      <name>8766a021effffff</name>
      <styleUrl>#h3_poly_style</styleUrl>
      <Polygon>
        <outerBoundaryIs>
          <LinearRing>
            <coordinates>-80.53366797123464,8.3008869569498,0 -80.54150502387112,8.290881581844587,0 -80.53609308225248,8.279322993637619,0 -80.52284369202471,8.277770823644278,0 -80.51500721179494,8.287777253130486,0 -80.52041954901007,8.299334798179213,0 -80.53366797123464,8.3008869569498,0</coordinates>
          </LinearRing>
        </outerBoundaryIs>
      </Polygon>
    </Placemark>
    <Placemark>
      <name>8766a3c21ffffff</name>
      <styleUrl>#h3_poly_style</styleUrl>
      <Polygon>
        <outerBoundaryIs>
          <LinearRing>
            <coordinates>-81.05261956431573,7.9891726654669615,0 -81.06048882859663,7.979114436166378,0 -81.0550853274076,7.96751754059892,0 -81.04181212706432,7.965979887795557,0 -81.03394338949306,7.976039178872608,0 -81.03934732517772,7.987635060920739,0 -81.05261956431573,7.9891726654669615,0</coordinates>
          </LinearRing>
        </outerBoundaryIs>
      </Polygon>
    </Placemark>
    <Placemark>
      <name>8766167aeffffff</name>
      <styleUrl>#h3_poly_style</styleUrl>
      <Polygon>
        <outerBoundaryIs>
          <LinearRing>
            <coordinates>-78.94484468402365,9.239531682347204,0 -78.9525757731313,9.229698467082493,0 -78.94714368633133,9.218261600916378,0 -78.93398023316244,9.216659077952684,0 -78.92624985272023,9.226493324675504,0 -78.9316822164124,9.237929062872515,0 -78.94484468402365,9.239531682347204,0</coordinates>
          </LinearRing>
        </outerBoundaryIs>
      </Polygon>
    </Placemark>
    <Placemark>
      <name>8766a2899ffffff</name>
      <styleUrl>#h3_poly_style</styleUrl>
      <Polygon>
        <outerBoundaryIs>
          <LinearRing>
            <coordinates>-81.74042304958633,8.494960194507682,0 -81.74830993104408,8.484944391659601,0 -81.74293485033405,8.473415349803332,0 -81.72967240457717,8.471903089896816,0 -81.72178598572499,8.481919978631314,0 -81.72716154964819,8.493448041321582,0 -81.74042304958633,8.494960194507682,0</coordinates>
          </LinearRing>
        </outerBoundaryIs>
      </Polygon>
    </Placemark>
    <Placemark>
      <name>8766b5820ffffff</name>
      <styleUrl>#h3_poly_style</styleUrl>
      <Polygon>
        <outerBoundaryIs>
          <LinearRing>
            <coordinates>-82.4702799155996,9.30536336513471,0 -82.4781759162962,9.295427779735821,0 -82.47283737820266,9.28401263840075,0 -82.45960230578751,9.282534026856812,0 -82.45170669885744,9.292470725152045,0 -82.45704577020366,9.303884922021538,0 -82.4702799155996,9.30536336513471,0</coordinates>
          </LinearRing>
        </outerBoundaryIs>
      </Polygon>
    </Placemark>
    <Placemark>
      <name>8766a06f0ffffff</name>
      <styleUrl>#h3_poly_style</styleUrl>
      <Polygon>
        <outerBoundaryIs>
          <LinearRing>
            <coordinates>-80.96707198356624,8.209304770379612,0 -80.97493179091741,8.199275557898114,0 -80.96952974218178,8.187706276165605,0 -80.9562674580965,8.186167226243956,0 -80.94840818445054,8.196197501999979,0 -80.95381066080776,8.207765764348162,0 -80.96707198356624,8.209304770379612,0</coordinates>
          </LinearRing>
        </outerBoundaryIs>
      </Polygon>
    </Placemark>
    <Placemark>
      <name>8766b5393ffffff</name>
      <styleUrl>#h3_poly_style</styleUrl>
      <Polygon>
        <outerBoundaryIs>
          <LinearRing>
            <coordinates>-82.63187965806672,8.628273796530538,0 -82.63979906205861,8.618251372970226,0 -82.63445415782105,8.606746768227074,0 -82.62118930201594,8.605265518811844,0 -82.61327027866514,8.61528905090095,0 -82.61861573010384,8.626792723801739,0 -82.63187965806672,8.628273796530538,0</coordinates>
          </LinearRing>
        </outerBoundaryIs>
      </Polygon>
    </Placemark>
    <Placemark>
      <name>8766162d2ffffff</name>
      <styleUrl>#h3_poly_style</styleUrl>
      <Polygon>
        <outerBoundaryIs>
          <LinearRing>
            <coordinates>-78.53111084473865,8.994811565298512,0 -78.53882463651651,8.984961543914178,0 -78.53338018820622,8.973494521643905,0 -78.52022170082289,8.97187867008333,0 -78.51250865454145,8.981729709636502,0 -78.51795334977847,8.993195582555398,0 -78.53111084473865,8.994811565298512,0</coordinates>
          </LinearRing>
        </outerBoundaryIs>
      </Polygon>
    </Placemark>
    <Placemark>
      <name>8766a50c5ffffff</name>
      <styleUrl>#h3_poly_style</styleUrl>
      <Polygon>
        <outerBoundaryIs>
          <LinearRing>
            <coordinates>-79.69855944773312,8.941613122470555,0 -79.7063385613896,8.931714794153095,0 -79.70091747575054,8.920238036748321,0 -79.6877169432924,8.918660696660789,0 -79.67993847378366,8.928560069500648,0 -79.68535989221299,8.940035737865356,0 -79.69855944773312,8.941613122470555,0</coordinates>
          </LinearRing>
        </outerBoundaryIs>
      </Polygon>
    </Placemark>
    <Placemark>
      <name>8766a5a1cffffff</name>
      <styleUrl>#h3_poly_style</styleUrl>
      <Polygon>
        <outerBoundaryIs>
          <LinearRing>
            <coordinates>-79.30271046908732,9.0779333323058,0 -79.31046518863198,9.068066209975695,0 -79.30503772294342,9.05660755626202,0 -79.29185523388318,9.055017134495923,0 -79.28410119261524,9.064885294167954,0 -79.28952896176004,9.076342838228541,0 -79.30271046908732,9.0779333323058,0</coordinates>
          </LinearRing>
        </outerBoundaryIs>
      </Polygon>
    </Placemark>
    <Placemark>
      <name>876612b74ffffff</name>
      <styleUrl>#h3_poly_style</styleUrl>
      <Polygon>
        <outerBoundaryIs>
          <LinearRing>
            <coordinates>-78.25367353635993,8.592819394494999,0 -78.2613811639623,8.582927424097806,0 -78.25592457481831,8.571410978815052,0 -78.24276013057468,8.56978766770932,0 -78.23505327422325,8.579680643076005,0 -78.24051009049579,8.591195924556796,0 -78.25367353635993,8.592819394494999,0</coordinates>
          </LinearRing>
        </outerBoundaryIs>
      </Polygon>
    </Placemark>
    <Placemark>
      <name>8766a5d6dffffff</name>
      <styleUrl>#h3_poly_style</styleUrl>
      <Polygon>
        <outerBoundaryIs>
          <LinearRing>
            <coordinates>-79.71877643754902,9.483623187602177,0 -79.72654301464289,9.47379437841357,0 -79.72113185850645,9.462388865261813,0 -79.7079537917977,9.460813249454013,0 -79.70018785482819,9.470643111147687,0 -79.70559934407264,9.482047536103007,0 -79.71877643754902,9.483623187602177,0</coordinates>
          </LinearRing>
        </outerBoundaryIs>
      </Polygon>
    </Placemark>
    <Placemark>
      <name>8766a30aeffffff</name>
      <styleUrl>#h3_poly_style</styleUrl>
      <Polygon>
        <outerBoundaryIs>
          <LinearRing>
            <coordinates>-80.95875660053257,7.571510599161485,0 -80.96663200567338,7.561405152992027,0 -80.96121874551821,7.549756036885586,0 -80.94792965109302,7.548213382878685,0 -80.9400547825856,7.558319881387258,0 -80.9454684714908,7.569967981509265,0 -80.95875660053257,7.571510599161485,0</coordinates>
          </LinearRing>
        </outerBoundaryIs>
      </Polygon>
    </Placemark>
    <Placemark>
      <name>8766b1d60ffffff</name>
      <styleUrl>#h3_poly_style</styleUrl>
      <Polygon>
        <outerBoundaryIs>
          <LinearRing>
            <coordinates>-82.87489044725918,8.28377986467075,0 -82.88282769950871,8.273710714162725,0 -82.87748497688155,8.262163119170983,0 -82.86420443574598,8.260685590618747,0 -82.85626754256735,8.270755850705688,0 -82.86161083107808,8.28230252968865,0 -82.87489044725918,8.28377986467075,0</coordinates>
          </LinearRing>
        </outerBoundaryIs>
      </Polygon>
    </Placemark>
    <Placemark>
      <name>8766b5332ffffff</name>
      <styleUrl>#h3_poly_style</styleUrl>
      <Polygon>
        <outerBoundaryIs>
          <LinearRing>
            <coordinates>-82.47594701331688,8.752502978952908,0 -82.48385726983233,8.74249940107859,0 -82.47850942492771,8.731009839953769,0 -82.46525078757608,8.729524797705569,0 -82.45734092570946,8.739529482086372,0 -82.46268930617131,8.751018102135852,0 -82.47594701331688,8.752502978952908,0</coordinates>
          </LinearRing>
        </outerBoundaryIs>
      </Polygon>
    </Placemark>
    <Placemark>
      <name>8766b52d1ffffff</name>
      <styleUrl>#h3_poly_style</styleUrl>
      <Polygon>
        <outerBoundaryIs>
          <LinearRing>
            <coordinates>-82.49836311277878,8.394933502865427,0 -82.50628329520633,8.384886374398665,0 -82.50093005250797,8.373349850084937,0 -82.48765608860647,8.371861391595417,0 -82.47973629967177,8.381909622346909,0 -82.48509008077015,8.39344520923014,0 -82.49836311277878,8.394933502865427,0</coordinates>
          </LinearRing>
        </outerBoundaryIs>
      </Polygon>
    </Placemark>
    <Placemark>
      <name>8766a14f2ffffff</name>
      <styleUrl>#h3_poly_style</styleUrl>
      <Polygon>
        <outerBoundaryIs>
          <LinearRing>
            <coordinates>-80.31752568571281,7.892389248932853,0 -80.32536241606778,7.882340410347841,0 -80.31993792232062,7.870730354021278,0 -80.30667631713116,7.869170189156172,0 -80.29884018008636,7.879220070098247,0 -80.30426505454354,7.890829073501482,0 -80.31752568571281,7.892389248932853,0</coordinates>
          </LinearRing>
        </outerBoundaryIs>
      </Polygon>
    </Placemark>
    <Placemark>
      <name>87678b649ffffff</name>
      <styleUrl>#h3_poly_style</styleUrl>
      <Polygon>
        <outerBoundaryIs>
          <LinearRing>
            <coordinates>-79.58377700756473,9.617903764943982,0 -79.5915331615336,9.608097338403436,0 -79.58612130564919,9.596709690174908,0 -79.57295297247356,9.595129563449431,0 -79.56519746989781,9.604937041163117,0 -79.57060964873493,9.616323594389563,0 -79.58377700756473,9.617903764943982,0</coordinates>
          </LinearRing>
        </outerBoundaryIs>
      </Polygon>
    </Placemark>
    <Placemark>
      <name>8766104e9ffffff</name>
      <styleUrl>#h3_poly_style</styleUrl>
      <Polygon>
        <outerBoundaryIs>
          <LinearRing>
            <coordinates>-78.12625473271362,8.663766031798989,0 -78.13395306596284,8.65388803218113,0 -78.12849547374427,8.642381279670326,0 -78.11533933026351,8.64075369709269,0 -78.10764177879669,8.65063269989816,0 -78.11309958866029,8.66213828207303,0 -78.12625473271362,8.663766031798989,0</coordinates>
          </LinearRing>
        </outerBoundaryIs>
      </Polygon>
    </Placemark>
    <Placemark>
      <name>8766a06deffffff</name>
      <styleUrl>#h3_poly_style</styleUrl>
      <Polygon>
        <outerBoundaryIs>
          <LinearRing>
            <coordinates>-80.97690511766066,8.122878209907897,0 -80.98476754762655,8.1128382303537,0 -80.97936427625002,8.101258007358641,0 -80.96609814595224,8.099718782255428,0 -80.95823624909715,8.10975982394085,0 -80.96363994905182,8.121339028543249,0 -80.97690511766066,8.122878209907897,0</coordinates>
          </LinearRing>
        </outerBoundaryIs>
      </Polygon>
    </Placemark>
    <Placemark>
      <name>8766a2889ffffff</name>
      <styleUrl>#h3_poly_style</styleUrl>
      <Polygon>
        <outerBoundaryIs>
          <LinearRing>
            <coordinates>-81.6794934995516,8.498922581648829,0 -81.68737768702763,8.488908892988164,0 -81.68200086506117,8.477380002327083,0 -81.66873937646915,8.475865782738412,0 -81.66085565713722,8.485880555909407,0 -81.66623295787724,8.497408464095129,0 -81.6794934995516,8.498922581648829,0</coordinates>
          </LinearRing>
        </outerBoundaryIs>
      </Polygon>
    </Placemark>
    <Placemark>
      <name>8766a3d2cffffff</name>
      <styleUrl>#h3_poly_style</styleUrl>
      <Polygon>
        <outerBoundaryIs>
          <LinearRing>
            <coordinates>-81.01670173255967,8.127493233916404,0 -81.02456587909866,8.117452693493561,0 -81.01916377479264,8.105873168902782,0 -81.00589709208886,8.104335200939914,0 -80.99803347504535,8.114376804521834,0 -81.0034360108329,8.125955312852055,0 -81.01670173255967,8.127493233916404,0</coordinates>
          </LinearRing>
        </outerBoundaryIs>
      </Polygon>
    </Placemark>
    <Placemark>
      <name>8766a5aa6ffffff</name>
      <styleUrl>#h3_poly_style</styleUrl>
      <Polygon>
        <outerBoundaryIs>
          <LinearRing>
            <coordinates>-79.41902437231985,9.113548565954947,0 -79.42678444195528,9.103681987551292,0 -79.42136011678319,9.09222780884221,0 -79.40817540968347,9.09064131215233,0 -79.40041600800483,9.10050893110874,0 -79.40584064509814,9.111962006165221,0 -79.41902437231985,9.113548565954947,0</coordinates>
          </LinearRing>
        </outerBoundaryIs>
      </Polygon>
    </Placemark>
    <Placemark>
      <name>8766a3bb5ffffff</name>
      <styleUrl>#h3_poly_style</styleUrl>
      <Polygon>
        <outerBoundaryIs>
          <LinearRing>
            <coordinates>-80.57084312058568,7.790369799765226,0 -80.57869474014001,7.7803012497177955,0 -80.5732749378354,7.768678651156374,0 -80.56000311597407,7.767125641206228,0 -80.55215206734772,7.777195237987733,0 -80.55757226927668,7.788816797935459,0 -80.57084312058568,7.790369799765226,0</coordinates>
          </LinearRing>
        </outerBoundaryIs>
      </Polygon>
    </Placemark>
    <Placemark>
      <name>8766a2a54ffffff</name>
      <styleUrl>#h3_poly_style</styleUrl>
      <Polygon>
        <outerBoundaryIs>
          <LinearRing>
            <coordinates>-81.26921754851361,8.211421930671289,0 -81.27709103577736,8.20138452870745,0 -81.27169740172172,8.189816552040023,0 -81.25842983030236,8.188286980317033,0 -81.25055684937539,8.198325452799748,0 -81.25595093315395,8.209892426428016,0 -81.26921754851361,8.211421930671289,0</coordinates>
          </LinearRing>
        </outerBoundaryIs>
      </Polygon>
    </Placemark>
    <Placemark>
      <name>8766a5170ffffff</name>
      <styleUrl>#h3_poly_style</styleUrl>
      <Polygon>
        <outerBoundaryIs>
          <LinearRing>
            <coordinates>-79.59116735923506,9.18820243987076,0 -79.59893467868787,9.178339563789061,0 -79.59351546896853,9.16689501115713,0 -79.58032861503327,9.165314429346843,0 -79.5725619481373,9.175178351018522,0 -79.57798148224857,9.186621808871271,0 -79.59116735923506,9.18820243987076,0</coordinates>
          </LinearRing>
        </outerBoundaryIs>
      </Polygon>
    </Placemark>
    <Placemark>
      <name>8766b52ceffffff</name>
      <styleUrl>#h3_poly_style</styleUrl>
      <Polygon>
        <outerBoundaryIs>
          <LinearRing>
            <coordinates>-82.43991599483232,8.377441104151991,0 -82.44783434543154,8.367393306930754,0 -82.44247891850587,8.355853999952473,0 -82.42920460636081,8.354363430608762,0 -82.421286654671,8.364412328499984,0 -82.42664261584112,8.375950694992564,0 -82.43991599483232,8.377441104151991,0</coordinates>
          </LinearRing>
        </outerBoundaryIs>
      </Polygon>
    </Placemark>
    <Placemark>
      <name>8766a500cffffff</name>
      <styleUrl>#h3_poly_style</styleUrl>
      <Polygon>
        <outerBoundaryIs>
          <LinearRing>
            <coordinates>-79.66580519179723,9.056709385464117,0 -79.67357971539572,9.046826955641407,0 -79.66815989278767,9.035365181639241,0 -79.65496521606758,9.033786928269981,0 -79.64719133902071,9.043670403533085,0 -79.65261149177047,9.05513108668503,0 -79.66580519179723,9.056709385464117,0</coordinates>
          </LinearRing>
        </outerBoundaryIs>
      </Polygon>
    </Placemark>
    <Placemark>
      <name>8766a256dffffff</name>
      <styleUrl>#h3_poly_style</styleUrl>
      <Polygon>
        <outerBoundaryIs>
          <LinearRing>
            <coordinates>-81.96463280473353,8.301911623769584,0 -81.9725339508015,8.291866656729104,0 -81.96716232282274,8.280313977584742,0 -81.95388904830025,8.27880723124324,0 -81.94598834492511,8.2888532866768,0 -81.9513604730031,8.300404999991962,0 -81.96463280473353,8.301911623769584,0</coordinates>
          </LinearRing>
        </outerBoundaryIs>
      </Polygon>
    </Placemark>
    <Placemark>
      <name>8766a3b14ffffff</name>
      <styleUrl>#h3_poly_style</styleUrl>
      <Polygon>
        <outerBoundaryIs>
          <LinearRing>
            <coordinates>-80.46768128155314,7.811239334835397,0 -80.4755273904119,7.801176275260096,0 -80.47010529336427,7.789556197098253,0 -80.45683669510657,7.788000222809963,0 -80.44899116638213,7.7980643269735515,0 -80.45441365540323,7.809683360788515,0 -80.46768128155314,7.811239334835397,0</coordinates>
          </LinearRing>
        </outerBoundaryIs>
      </Polygon>
    </Placemark>
    <Placemark>
      <name>8766a5106ffffff</name>
      <styleUrl>#h3_poly_style</styleUrl>
      <Polygon>
        <outerBoundaryIs>
          <LinearRing>
            <coordinates>-79.70514219301519,9.245006436602992,0 -79.71291404879878,9.235147002959893,0 -79.70749840973441,9.223709894733604,0 -79.69431058189231,9.222133309019478,0 -79.68653936841935,9.231993791663982,0 -79.69195534010659,9.243429810980512,0 -79.70514219301519,9.245006436602992,0</coordinates>
          </LinearRing>
        </outerBoundaryIs>
      </Polygon>
    </Placemark>
    <Placemark>
      <name>8766b52a8ffffff</name>
      <styleUrl>#h3_poly_style</styleUrl>
      <Polygon>
        <outerBoundaryIs>
          <LinearRing>
            <coordinates>-82.52533906493883,8.507229766542455,0 -82.53325744872076,8.49719540694712,0 -82.52790700066892,8.48567384794882,0 -82.51463762850311,8.48418758524117,0 -82.50671963545284,8.494223049284889,0 -82.5120706234616,8.50574367151442,0 -82.52533906493883,8.507229766542455,0</coordinates>
          </LinearRing>
        </outerBoundaryIs>
      </Polygon>
    </Placemark>
    <Placemark>
      <name>8766a252affffff</name>
      <styleUrl>#h3_poly_style</styleUrl>
      <Polygon>
        <outerBoundaryIs>
          <LinearRing>
            <coordinates>-82.13746253936199,8.376173651120547,0 -82.14536888728986,8.366133198131315,0 -82.14000386600033,8.35459135360728,0 -82.12673198401966,8.353090918931809,0 -82.11882606275633,8.363132465461492,0 -82.12419159643306,8.374673353057316,0 -82.13746253936199,8.376173651120547,0</coordinates>
          </LinearRing>
        </outerBoundaryIs>
      </Polygon>
    </Placemark>
    <Placemark>
      <name>8766a200effffff</name>
      <styleUrl>#h3_poly_style</styleUrl>
      <Polygon>
        <outerBoundaryIs>
          <LinearRing>
            <coordinates>-81.75193610285501,8.222987006970046,0 -81.75983032976302,8.212938067705487,0 -81.75445091961947,8.201373905503539,0 -81.74117679729983,8.199859659388325,0 -81.7332830327515,8.209909680835834,0 -81.73866292778622,8.221472866151347,0 -81.75193610285501,8.222987006970046,0</coordinates>
          </LinearRing>
        </outerBoundaryIs>
      </Polygon>
    </Placemark>
    <Placemark>
      <name>8766a0a6dffffff</name>
      <styleUrl>#h3_poly_style</styleUrl>
      <Polygon>
        <outerBoundaryIs>
          <LinearRing>
            <coordinates>-80.09564385899724,8.619886042714318,0 -80.1034513496128,8.609933862044306,0 -80.09803400029257,8.598415589341068,0 -80.08480879732248,8.596850564853167,0 -80.07700191702104,8.606803794506353,0 -80.08241962900124,8.618320999619467,0 -80.09564385899724,8.619886042714318,0</coordinates>
          </LinearRing>
        </outerBoundaryIs>
      </Polygon>
    </Placemark>
    <Placemark>
      <name>876613cabffffff</name>
      <styleUrl>#h3_poly_style</styleUrl>
      <Polygon>
        <outerBoundaryIs>
          <LinearRing>
            <coordinates>-78.21002039248035,8.0545709806622,0 -78.21773876251858,8.044611759458194,0 -78.21227196504272,8.03302920385095,0 -78.19908657247086,8.031407035155283,0 -78.1913689800995,8.041367250440192,0 -78.19683600226266,8.052948640318883,0 -78.21002039248035,8.0545709806622,0</coordinates>
          </LinearRing>
        </outerBoundaryIs>
      </Polygon>
    </Placemark>
    <Placemark>
      <name>8766b50e5ffffff</name>
      <styleUrl>#h3_poly_style</styleUrl>
      <Polygon>
        <outerBoundaryIs>
          <LinearRing>
            <coordinates>-82.65106618784247,8.804728563061037,0 -82.65898184619536,8.794726965084783,0 -82.65364059124474,8.783246018083432,0 -82.6403831296071,8.781767600973428,0 -82.63246784970327,8.791770310158372,0 -82.63780965261417,8.803250325169543,0 -82.65106618784247,8.804728563061037,0</coordinates>
          </LinearRing>
        </outerBoundaryIs>
      </Polygon>
    </Placemark>
    <Placemark>
      <name>8766a5180ffffff</name>
      <styleUrl>#h3_poly_style</styleUrl>
      <Polygon>
        <outerBoundaryIs>
          <LinearRing>
            <coordinates>-79.83330000148663,9.173954177360686,0 -79.84108026791525,9.164081184200572,0 -79.83566634022537,9.152634764202626,0 -79.82247180357041,9.151062419570545,0 -79.81469216846384,9.160936463697462,0 -79.82010643831838,9.17238180144748,0 -79.83330000148663,9.173954177360686,0</coordinates>
          </LinearRing>
        </outerBoundaryIs>
      </Polygon>
    </Placemark>
    <Placemark>
      <name>8766a0659ffffff</name>
      <styleUrl>#h3_poly_style</styleUrl>
      <Polygon>
        <outerBoundaryIs>
          <LinearRing>
            <coordinates>-80.79172773205573,8.156091980531565,0 -80.79958070364393,8.146061311679485,0 -80.79417301595171,8.134484834737574,0 -80.7809119413839,8.132940055184054,0 -80.77305951951206,8.142971782264288,0 -80.77846762211473,8.154547230617062,0 -80.79172773205573,8.156091980531565,0</coordinates>
          </LinearRing>
        </outerBoundaryIs>
      </Polygon>
    </Placemark>
    <Placemark>
      <name>8766a38d4ffffff</name>
      <styleUrl>#h3_poly_style</styleUrl>
      <Polygon>
        <outerBoundaryIs>
          <LinearRing>
            <coordinates>-80.74635481270084,7.843822658182959,0 -80.75421346665313,7.833755530609789,0 -80.7487991862642,7.822139771178439,0 -80.73552583914375,7.8205921686229205,0 -80.72766774010162,7.830660348124437,0 -80.73308243289173,7.84227507820111,0 -80.74635481270084,7.843822658182959,0</coordinates>
          </LinearRing>
        </outerBoundaryIs>
      </Polygon>
    </Placemark>
    <Placemark>
      <name>8766a50daffffff</name>
      <styleUrl>#h3_poly_style</styleUrl>
      <Polygon>
        <outerBoundaryIs>
          <LinearRing>
            <coordinates>-79.76623134662735,8.873867966683624,0 -79.77401567069211,8.863958702808883,0 -79.76859495607458,8.852473142250439,0 -79.75538957911621,8.850897930948776,0 -79.74760589351465,8.860808239919338,0 -79.75302694603553,8.87229271505468,0 -79.76623134662735,8.873867966683624,0</coordinates>
          </LinearRing>
        </outerBoundaryIs>
      </Polygon>
    </Placemark>
    <Placemark>
      <name>8766a5b25ffffff</name>
      <styleUrl>#h3_poly_style</styleUrl>
      <Polygon>
        <outerBoundaryIs>
          <LinearRing>
            <coordinates>-79.21670800404316,9.315610151482598,0 -79.22445212649575,9.305777071191494,0 -79.21902699158218,9.294349594315063,0 -79.20585743715841,9.292756311695973,0 -79.19811399943286,9.302590430771664,0 -79.20353943103433,9.31401679364704,0 -79.21670800404316,9.315610151482598,0</coordinates>
          </LinearRing>
        </outerBoundaryIs>
      </Polygon>
    </Placemark>
    <Placemark>
      <name>8766b5323ffffff</name>
      <styleUrl>#h3_poly_style</styleUrl>
      <Polygon>
        <outerBoundaryIs>
          <LinearRing>
            <coordinates>-82.39640119513989,8.743586669976526,0 -82.40430857276021,8.733584011355601,0 -82.39895802146094,8.722092553838962,0 -82.38569956230548,8.720604700170249,0 -82.37779258664902,8.73060846334154,0 -82.38314366780972,8.742098975559063,0 -82.39640119513989,8.743586669976526,0</coordinates>
          </LinearRing>
        </outerBoundaryIs>
      </Polygon>
    </Placemark>
    <Placemark>
      <name>8766a546dffffff</name>
      <styleUrl>#h3_poly_style</styleUrl>
      <Polygon>
        <outerBoundaryIs>
          <LinearRing>
            <coordinates>-79.9152103299017,8.9782616396646,0 -79.92299970057509,8.968360759100168,0 -79.91758427754309,8.956888763667475,0 -79.90437913486258,8.955318726544656,0 -79.8965903890733,8.965220657204169,0 -79.9020061607077,8.976691574848445,0 -79.9152103299017,8.9782616396646,0</coordinates>
          </LinearRing>
        </outerBoundaryIs>
      </Polygon>
    </Placemark>
    <Placemark>
      <name>8766a5ab0ffffff</name>
      <styleUrl>#h3_poly_style</styleUrl>
      <Polygon>
        <outerBoundaryIs>
          <LinearRing>
            <coordinates>-79.46091632427664,9.096984624494446,0 -79.46867904041139,9.087114442178597,0 -79.46325534374202,9.075658059416615,0 -79.45006861553858,9.074072960416936,0 -79.44230656376506,9.083944184013777,0 -79.44773057546259,9.095399465291747,0 -79.46091632427664,9.096984624494446,0</coordinates>
          </LinearRing>
        </outerBoundaryIs>
      </Polygon>
    </Placemark>
    <Placemark>
      <name>8766a504bffffff</name>
      <styleUrl>#h3_poly_style</styleUrl>
      <Polygon>
        <outerBoundaryIs>
          <LinearRing>
            <coordinates>-79.54018629160691,8.92265539146081,0 -79.54795757045234,8.912760005107412,0 -79.54253258301875,8.90128090703967,0 -79.52933599516416,8.89969829255377,0 -79.52156537447183,8.909594719458644,0 -79.52699068310898,8.92107272025959,0 -79.54018629160691,8.92265539146081,0</coordinates>
          </LinearRing>
        </outerBoundaryIs>
      </Polygon>
    </Placemark>
    <Placemark>
      <name>8766a5ab3ffffff</name>
      <styleUrl>#h3_poly_style</styleUrl>
      <Polygon>
        <outerBoundaryIs>
          <LinearRing>
            <coordinates>-79.46325534374202,9.075658059416615,0 -79.47101871782081,9.06578503640994,0 -79.46559469981969,9.054325873416094,0 -79.45240699212545,9.052740834747357,0 -79.44464428229439,9.0626148987791,0 -79.45006861553858,9.074072960416936,0 -79.46325534374202,9.075658059416615,0</coordinates>
          </LinearRing>
        </outerBoundaryIs>
      </Polygon>
    </Placemark>
    <Placemark>
      <name>8766b5725ffffff</name>
      <styleUrl>#h3_poly_style</styleUrl>
      <Polygon>
        <outerBoundaryIs>
          <LinearRing>
            <coordinates>-82.79930588937775,8.745015147549656,0 -82.8072286407632,8.735002727620742,0 -82.80189126491085,8.72351529018763,0 -82.78863057849583,8.722041196214528,0 -82.78070819207773,8.732054730033589,0 -82.7860461267335,8.743541243858864,0 -82.79930588937775,8.745015147549656,0</coordinates>
          </LinearRing>
        </outerBoundaryIs>
      </Polygon>
    </Placemark>
    <Placemark>
      <name>8766a2b34ffffff</name>
      <styleUrl>#h3_poly_style</styleUrl>
      <Polygon>
        <outerBoundaryIs>
          <LinearRing>
            <coordinates>-81.35630613360543,8.505533738100183,0 -81.36417609649702,8.495529706026014,0 -81.35879000004529,8.483999957051171,0 -81.34553348509715,8.482475240004506,0 -81.33766401969807,8.492480349078132,0 -81.34305057137867,8.504009098139178,0 -81.35630613360543,8.505533738100183,0</coordinates>
          </LinearRing>
        </outerBoundaryIs>
      </Polygon>
    </Placemark>
    <Placemark>
      <name>8766a5c76ffffff</name>
      <styleUrl>#h3_poly_style</styleUrl>
      <Polygon>
        <outerBoundaryIs>
          <LinearRing>
            <coordinates>-79.87016991859804,9.383278335335385,0 -79.8779468237953,9.373431215810676,0 -79.87253741055201,9.362012469696271,0 -79.85935074734044,9.360441923494843,0 -79.85157446936611,9.370290097658994,0 -79.85698422700928,9.381707763342305,0 -79.87016991859804,9.383278335335385,0</coordinates>
          </LinearRing>
        </outerBoundaryIs>
      </Polygon>
    </Placemark>
    <Placemark>
      <name>8766a0211ffffff</name>
      <styleUrl>#h3_poly_style</styleUrl>
      <Polygon>
        <outerBoundaryIs>
          <LinearRing>
            <coordinates>-80.53124320671564,8.322445457112355,0 -80.53907960221741,8.312442808080956,0 -80.53366797123464,8.3008869569498,0 -80.52041954901007,8.299334798179213,0 -80.51258372605359,8.30933850187683,0 -80.51799575240034,8.320893309628996,0 -80.53124320671564,8.322445457112355,0</coordinates>
          </LinearRing>
        </outerBoundaryIs>
      </Polygon>
    </Placemark>
    <Placemark>
      <name>8766a5152ffffff</name>
      <styleUrl>#h3_poly_style</styleUrl>
      <Polygon>
        <outerBoundaryIs>
          <LinearRing>
            <coordinates>-79.63778109991192,9.129002000466226,0 -79.64555234752801,9.119129856616663,0 -79.64013315271549,9.107677534130348,0 -79.62694238198183,9.106098447801138,0 -79.61917178307866,9.115971637478015,0 -79.6245913058247,9.127422867617035,0 -79.63778109991192,9.129002000466226,0</coordinates>
          </LinearRing>
        </outerBoundaryIs>
      </Polygon>
    </Placemark>
    <Placemark>
      <name>8766a2cd2ffffff</name>
      <styleUrl>#h3_poly_style</styleUrl>
      <Polygon>
        <outerBoundaryIs>
          <LinearRing>
            <coordinates>-82.11120791606508,8.427855464610218,0 -82.11911189287102,8.417821885123026,0 -82.11374694118663,8.406286580459517,0 -82.10047750200289,8.404785813910134,0 -82.09257395412456,8.414820487051047,0 -82.09793941612644,8.426354833019015,0 -82.11120791606508,8.427855464610218,0</coordinates>
          </LinearRing>
        </outerBoundaryIs>
      </Polygon>
    </Placemark>
    <Placemark>
      <name>8766a505affffff</name>
      <styleUrl>#h3_poly_style</styleUrl>
      <Polygon>
        <outerBoundaryIs>
          <LinearRing>
            <coordinates>-79.61936696161919,8.932142189353927,0 -79.6271421721817,8.92224532535479,0 -79.62171912496477,8.910767385985608,0 -79.60852053981561,8.909187403730993,0 -79.60074598040885,8.919085310268127,0 -79.60616935462329,8.930562156482557,0 -79.61936696161919,8.932142189353927,0</coordinates>
          </LinearRing>
        </outerBoundaryIs>
      </Polygon>
    </Placemark>
    <Placemark>
      <name>8766a5a03ffffff</name>
      <styleUrl>#h3_poly_style</styleUrl>
      <Polygon>
        <outerBoundaryIs>
          <LinearRing>
            <coordinates>-79.28177557902418,9.086208150381884,0 -79.28952896176004,9.076342838228541,0 -79.28410119261524,9.064885294167954,0 -79.27091973846042,9.063294172959415,0 -79.26316703579232,9.07316052209204,0 -79.26859510684058,9.084616955418559,0 -79.28177557902418,9.086208150381884,0</coordinates>
          </LinearRing>
        </outerBoundaryIs>
      </Polygon>
    </Placemark>
    <Placemark>
      <name>8766a3b80ffffff</name>
      <styleUrl>#h3_poly_style</styleUrl>
      <Polygon>
        <outerBoundaryIs>
          <LinearRing>
            <coordinates>-80.55701348569116,7.733802200580747,0 -80.56486585305869,7.72372725543185,0 -80.55944471671958,7.712097651215691,0 -80.54617081388528,7.710544031141232,0 -80.53831901889731,7.720620021690682,0 -80.54374055398584,7.732248586864396,0 -80.55701348569116,7.733802200580747,0</coordinates>
          </LinearRing>
        </outerBoundaryIs>
      </Polygon>
    </Placemark>
    <Placemark>
      <name>8766b56e8ffffff</name>
      <styleUrl>#h3_poly_style</styleUrl>
      <Polygon>
        <outerBoundaryIs>
          <LinearRing>
            <coordinates>-82.82209820705239,8.387351926764055,0 -82.83003087807252,8.377296228549156,0 -82.82468815267046,8.365761682346381,0 -82.81141219415314,8.364283754010138,0 -82.80347988683556,8.37434056198952,0 -82.80882317395772,8.385874188463902,0 -82.82209820705239,8.387351926764055,0</coordinates>
          </LinearRing>
        </outerBoundaryIs>
      </Polygon>
    </Placemark>
    <Placemark>
      <name>8766b5729ffffff</name>
      <styleUrl>#h3_poly_style</styleUrl>
      <Polygon>
        <outerBoundaryIs>
          <LinearRing>
            <coordinates>-82.76727546949925,8.676074266008055,0 -82.77519877418044,8.666054319281775,0 -82.7698591541143,8.654557374631546,0 -82.75659567223956,8.653081301487715,0 -82.7486727356342,8.663102360496776,0 -82.75401291245365,8.67459838029056,0 -82.76727546949925,8.676074266008055,0</coordinates>
          </LinearRing>
        </outerBoundaryIs>
      </Polygon>
    </Placemark>
    <Placemark>
      <name>876613d01ffffff</name>
      <styleUrl>#h3_poly_style</styleUrl>
      <Polygon>
        <outerBoundaryIs>
          <LinearRing>
            <coordinates>-78.08760642680794,8.268239730349539,0 -78.09531224491347,8.258312185196498,0 -78.08984704197874,8.246756629179412,0 -78.0766758052229,8.245129790612113,0 -78.06897077419254,8.255058330919557,0 -78.07443619247367,8.266612714620218,0 -78.08760642680794,8.268239730349539,0</coordinates>
          </LinearRing>
        </outerBoundaryIs>
      </Polygon>
    </Placemark>
    <Placemark>
      <name>8766162cbffffff</name>
      <styleUrl>#h3_poly_style</styleUrl>
      <Polygon>
        <outerBoundaryIs>
          <LinearRing>
            <coordinates>-78.41723058645445,8.937615126665932,0 -78.42493921912438,8.927761877571506,0 -78.41949164837952,8.916288083621474,0 -78.4063352059499,8.914668693970752,0 -78.39862732882632,8.92452295766757,0 -78.4040751382178,8.935995596388175,0 -78.41723058645445,8.937615126665932,0</coordinates>
          </LinearRing>
        </outerBoundaryIs>
      </Polygon>
    </Placemark>
    <Placemark>
      <name>8766a5682ffffff</name>
      <styleUrl>#h3_poly_style</styleUrl>
      <Polygon>
        <outerBoundaryIs>
          <LinearRing>
            <coordinates>-80.05119859380977,8.6581138130585,0 -80.05900288865762,8.648167862633604,0 -80.05358513114464,8.636654482267433,0 -80.04036271910181,8.63508812231808,0 -80.03255903836607,8.6450351212647,0 -80.03797715518697,8.656547431594635,0 -80.05119859380977,8.6581138130585,0</coordinates>
          </LinearRing>
        </outerBoundaryIs>
      </Polygon>
    </Placemark>
    <Placemark>
      <name>8766a50d0ffffff</name>
      <styleUrl>#h3_poly_style</styleUrl>
      <Polygon>
        <outerBoundaryIs>
          <LinearRing>
            <coordinates>-79.7801273353065,8.929692799859094,0 -79.78791098088139,8.919790205735735,0 -79.78249156008332,8.908311877381118,0 -79.76928815453603,8.906737227881381,0 -79.76150514596958,8.916640868250843,0 -79.76692490556943,8.928118111832653,0 -79.7801273353065,8.929692799859094,0</coordinates>
          </LinearRing>
        </outerBoundaryIs>
      </Polygon>
    </Placemark>
    <Placemark>
      <name>8766a06dbffffff</name>
      <styleUrl>#h3_poly_style</styleUrl>
      <Polygon>
        <outerBoundaryIs>
          <LinearRing>
            <coordinates>-80.96069414006706,8.088136847423643,0 -80.96855669291985,8.078093119499004,0 -80.96315238109169,8.06650845657987,0 -80.9498850885487,8.064968540612133,0 -80.942023070391,8.075013329718168,0 -80.9474278097039,8.086596973555757,0 -80.96069414006706,8.088136847423643,0</coordinates>
          </LinearRing>
        </outerBoundaryIs>
      </Polygon>
    </Placemark>
    <Placemark>
      <name>8766a2426ffffff</name>
      <styleUrl>#h3_poly_style</styleUrl>
      <Polygon>
        <outerBoundaryIs>
          <LinearRing>
            <coordinates>-82.18745444545301,8.294311711842916,0 -82.19536488108733,8.284260208029178,0 -82.19000001850496,8.272708097052059,0 -82.17672420363637,8.27120844346564,0 -82.16881419030643,8.28126104082586,0 -82.17417956916441,8.292812198156636,0 -82.18745444545301,8.294311711842916,0</coordinates>
          </LinearRing>
        </outerBoundaryIs>
      </Polygon>
    </Placemark>
    <Placemark>
      <name>8766a30a8ffffff</name>
      <styleUrl>#h3_poly_style</styleUrl>
      <Polygon>
        <outerBoundaryIs>
          <LinearRing>
            <coordinates>-80.9400547825856,7.558319881387258,0 -80.94792965109302,7.548213382878685,0 -80.94251565496056,7.536562610677372,0 -80.92922636253125,7.535019353854156,0 -80.92135203239877,7.5451269040080255,0 -80.92676645594145,7.55677665928569,0 -80.9400547825856,7.558319881387258,0</coordinates>
          </LinearRing>
        </outerBoundaryIs>
      </Polygon>
    </Placemark>
    <Placemark>
      <name>8766b5218ffffff</name>
      <styleUrl>#h3_poly_style</styleUrl>
      <Polygon>
        <outerBoundaryIs>
          <LinearRing>
            <coordinates>-82.46434951622595,8.51131501412115,0 -82.47226543172164,8.501282635535935,0 -82.46691308217403,8.489761078361802,0 -82.45364428120673,8.488272839805477,0 -82.44572876203533,8.498306321469471,0 -82.45108164713174,8.509826938538266,0 -82.46434951622595,8.51131501412115,0</coordinates>
          </LinearRing>
        </outerBoundaryIs>
      </Polygon>
    </Placemark>
    <Placemark>
      <name>8766a3802ffffff</name>
      <styleUrl>#h3_poly_style</styleUrl>
      <Polygon>
        <outerBoundaryIs>
          <LinearRing>
            <coordinates>-80.69189680781919,7.969163490276823,0 -80.69974974338757,7.9591130189211245,0 -80.6943361870289,7.947512826116845,0 -80.68106928665414,7.9459641376370564,0 -80.67321691046307,7.956015661734685,0 -80.67863087489194,7.967614821518722,0 -80.69189680781919,7.969163490276823,0</coordinates>
          </LinearRing>
        </outerBoundaryIs>
      </Polygon>
    </Placemark>
    <Placemark>
      <name>8766b50d5ffffff</name>
      <styleUrl>#h3_poly_style</styleUrl>
      <Polygon>
        <outerBoundaryIs>
          <LinearRing>
            <coordinates>-82.73834642903613,8.749127144211014,0 -82.74626679523143,8.73911669190601,0 -82.74092746532178,8.72762918669637,0 -82.72766721442436,8.726153060638065,0 -82.71974721879239,8.73616462547616,0 -82.72508710312061,8.74765120376343,0 -82.73834642903613,8.749127144211014,0</coordinates>
          </LinearRing>
        </outerBoundaryIs>
      </Polygon>
    </Placemark>
    <Placemark>
      <name>8766a5693ffffff</name>
      <styleUrl>#h3_poly_style</styleUrl>
      <Polygon>
        <outerBoundaryIs>
          <LinearRing>
            <coordinates>-80.09325406022452,8.641350965979468,0 -80.10106089320448,8.631401559758267,0 -80.09564385899724,8.619886042714318,0 -80.08241962900124,8.618320999619467,0 -80.0746134064637,8.628271455096678,0 -80.08003080310552,8.639785904367905,0 -80.09325406022452,8.641350965979468,0</coordinates>
          </LinearRing>
        </outerBoundaryIs>
      </Polygon>
    </Placemark>
    <Placemark>
      <name>8766b5608ffffff</name>
      <styleUrl>#h3_poly_style</styleUrl>
      <Polygon>
        <outerBoundaryIs>
          <LinearRing>
            <coordinates>-82.8303542076092,8.486655250787168,0 -82.83828466851244,8.476611154090179,0 -82.83294391425572,8.465089753818622,0 -82.81967213676485,8.463613370215379,0 -82.81174203857239,8.47365857820272,0 -82.81708335478535,8.485179058426022,0 -82.8303542076092,8.486655250787168,0</coordinates>
          </LinearRing>
        </outerBoundaryIs>
      </Polygon>
    </Placemark>
    <Placemark>
      <name>8766a66f0ffffff</name>
      <styleUrl>#h3_poly_style</styleUrl>
      <Polygon>
        <outerBoundaryIs>
          <LinearRing>
            <coordinates>-81.88037787729928,8.848548723093836,0 -81.88826171441113,8.83857238866496,0 -81.88289691720607,8.827090751770797,0 -81.86964779025736,8.825586422789106,0 -81.8617644019681,8.835563851161195,0 -81.86712969143038,8.847044514505532,0 -81.88037787729928,8.848548723093836,0</coordinates>
          </LinearRing>
        </outerBoundaryIs>
      </Polygon>
    </Placemark>
    <Placemark>
      <name>8766a5523ffffff</name>
      <styleUrl>#h3_poly_style</styleUrl>
      <Polygon>
        <outerBoundaryIs>
          <LinearRing>
            <coordinates>-80.08705650692661,9.236493245855836,0 -80.09484810090622,9.226619819842838,0 -80.08944127519169,9.21518187896122,0 -80.07624249452819,9.213618433190547,0 -80.0684515092064,9.223492916857577,0 -80.07385869551824,9.234929788595952,0 -80.08705650692661,9.236493245855836,0</coordinates>
          </LinearRing>
        </outerBoundaryIs>
      </Polygon>
    </Placemark>
    <Placemark>
      <name>8766a3b66ffffff</name>
      <styleUrl>#h3_poly_style</styleUrl>
      <Polygon>
        <outerBoundaryIs>
          <LinearRing>
            <coordinates>-80.27110234542864,7.766175150743091,0 -80.27893993227183,7.756112414704665,0 -80.27351209789128,7.744486757245502,0 -80.26024629869792,7.742924890571006,0 -80.25240930980529,7.752988665606334,0 -80.25783752177777,7.76461326827304,0 -80.27110234542864,7.766175150743091,0</coordinates>
          </LinearRing>
        </outerBoundaryIs>
      </Polygon>
    </Placemark>
    <Placemark>
      <name>8766a3949ffffff</name>
      <styleUrl>#h3_poly_style</styleUrl>
      <Polygon>
        <outerBoundaryIs>
          <LinearRing>
            <coordinates>-80.46940321337384,7.976024618864,0 -80.47724528689234,7.965981443864843,0 -80.47182608024575,7.954381859105332,0 -80.45856440801442,7.95282649441401,0 -80.45072291386637,7.962870716893052,0 -80.45614251220192,7.974469256534753,0 -80.46940321337384,7.976024618864,0</coordinates>
          </LinearRing>
        </outerBoundaryIs>
      </Polygon>
    </Placemark>
    <Placemark>
      <name>8766a2545ffffff</name>
      <styleUrl>#h3_poly_style</styleUrl>
      <Polygon>
        <outerBoundaryIs>
          <LinearRing>
            <coordinates>-82.025626100276,8.297888098624675,0 -82.03352986207273,8.287841093784236,0 -82.02816003609941,8.27628830164263,0 -82.01488594341576,8.274783476757896,0 -82.00698261874149,8.284831571374415,0 -82.01235294925195,8.296383401032067,0 -82.025626100276,8.297888098624675,0</coordinates>
          </LinearRing>
        </outerBoundaryIs>
      </Polygon>
    </Placemark>
    <Placemark>
      <name>8766a0a69ffffff</name>
      <styleUrl>#h3_poly_style</styleUrl>
      <Polygon>
        <outerBoundaryIs>
          <LinearRing>
            <coordinates>-80.09803400029257,8.598415589341068,0 -80.10584214862487,8.588460636179866,0 -80.10042448417579,8.576939609866665,0 -80.08719830813459,8.5753746040759,0 -80.079390769988,8.585330605946014,0 -80.08480879732248,8.596850564853167,0 -80.09803400029257,8.598415589341068,0</coordinates>
          </LinearRing>
        </outerBoundaryIs>
      </Polygon>
    </Placemark>
    <Placemark>
      <name>8766a1d08ffffff</name>
      <styleUrl>#h3_poly_style</styleUrl>
      <Polygon>
        <outerBoundaryIs>
          <LinearRing>
            <coordinates>-80.01196358808859,8.468482165872935,0 -80.0197706439637,8.458513674116485,0 -80.01434865012055,8.446976034048939,0 -80.00111924316744,8.445407957293398,0 -79.99331280563851,8.455377493682857,0 -79.99873515634181,8.466914062151185,0 -80.01196358808859,8.468482165872935,0</coordinates>
          </LinearRing>
        </outerBoundaryIs>
      </Polygon>
    </Placemark>
    <Placemark>
      <name>8766a505effffff</name>
      <styleUrl>#h3_poly_style</styleUrl>
      <Polygon>
        <outerBoundaryIs>
          <LinearRing>
            <coordinates>-79.61701513643183,8.953511399219115,0 -79.62478968894744,8.94361735735165,0 -79.61936696161919,8.932142189353927,0 -79.60616935462329,8.930562156482557,0 -79.59839545338059,8.940457241150204,0 -79.60381850748878,8.95193131584972,0 -79.61701513643183,8.953511399219115,0</coordinates>
          </LinearRing>
        </outerBoundaryIs>
      </Polygon>
    </Placemark>
    <Placemark>
      <name>8766a06ceffffff</name>
      <styleUrl>#h3_poly_style</styleUrl>
      <Polygon>
        <outerBoundaryIs>
          <LinearRing>
            <coordinates>-80.91598605906957,8.12675675432217,0 -80.92384557215175,8.116718967974071,0 -80.91844071334708,8.105139072999862,0 -80.90517591698094,8.103597986033687,0 -80.89731694250246,8.113636833115029,0 -80.90272222540929,8.125215706375013,0 -80.91598605906957,8.12675675432217,0</coordinates>
          </LinearRing>
        </outerBoundaryIs>
      </Polygon>
    </Placemark>
    <Placemark>
      <name>8766b5091ffffff</name>
      <styleUrl>#h3_poly_style</styleUrl>
      <Polygon>
        <outerBoundaryIs>
          <LinearRing>
            <coordinates>-82.87109364186064,8.81831169952109,0 -82.87901719445526,8.808306395204534,0 -82.87368347150782,8.796829506231155,0 -82.86042563191162,8.795358841741477,0 -82.85250243751058,8.80536526250458,0 -82.85783672413875,8.81684123123323,0 -82.87109364186064,8.81831169952109,0</coordinates>
          </LinearRing>
        </outerBoundaryIs>
      </Polygon>
    </Placemark>
    <Placemark>
      <name>8766a5c2bffffff</name>
      <styleUrl>#h3_poly_style</styleUrl>
      <Polygon>
        <outerBoundaryIs>
          <LinearRing>
            <coordinates>-79.88876467264409,9.396264143829118,0 -79.89654220337363,9.386418079538254,0 -79.89113345200022,9.375001075812735,0 -79.8779468237953,9.373431215810676,0 -79.87016991859804,9.383278335335385,0 -79.87557901570229,9.394694259585252,0 -79.88876467264409,9.396264143829118,0</coordinates>
          </LinearRing>
        </outerBoundaryIs>
      </Polygon>
    </Placemark>
    <Placemark>
      <name>8766a390cffffff</name>
      <styleUrl>#h3_poly_style</styleUrl>
      <Polygon>
        <outerBoundaryIs>
          <LinearRing>
            <coordinates>-80.61638265787815,8.102789391365992,0 -80.62422864653027,8.092757322609815,0 -80.61881542112732,8.081173797102954,0 -80.60555580451944,8.079623378100019,0 -80.59771038156411,8.08965650000527,0 -80.6031240091429,8.101238987713728,0 -80.61638265787815,8.102789391365992,0</coordinates>
          </LinearRing>
        </outerBoundaryIs>
      </Polygon>
    </Placemark>
    <Placemark>
      <name>876d2911affffff</name>
      <styleUrl>#h3_poly_style</styleUrl>
      <Polygon>
        <outerBoundaryIs>
          <LinearRing>
            <coordinates>-90.50690624857685,14.633545978299493,0 -90.4983716394566,14.643752318134645,0 -90.50264926848791,14.655713068993421,0 -90.51546414913915,14.657467496235556,0 -90.5239997491396,14.647259307356629,0 -90.51971947788083,14.635298540551279,0 -90.50690624857685,14.633545978299493,0</coordinates>
          </LinearRing>
        </outerBoundaryIs>
      </Polygon>
    </Placemark>
    <Placemark>
      <name>8766b53adffffff</name>
      <styleUrl>#h3_poly_style</styleUrl>
      <Polygon>
        <outerBoundaryIs>
          <LinearRing>
            <coordinates>-82.4861988117015,8.666497424558948,0 -82.49411164592208,8.656483184628568,0 -82.48876265815667,8.644982300228797,0 -82.47550029920578,8.643496595655726,0 -82.46758785891095,8.653511941226752,0 -82.47293738326665,8.66501188565711,0 -82.4861988117015,8.666497424558948,0</coordinates>
          </LinearRing>
        </outerBoundaryIs>
      </Polygon>
    </Placemark>
    <Placemark>
      <name>8766a2a19ffffff</name>
      <styleUrl>#h3_poly_style</styleUrl>
      <Polygon>
        <outerBoundaryIs>
          <LinearRing>
            <coordinates>-81.34882043468774,8.220589954642124,0 -81.35669723667398,8.21055148060803,0 -81.35130601912206,8.198985002950023,0 -81.3380375436951,8.197457998041797,0 -81.33016124078884,8.207497544633728,0 -81.33555291385258,8.219063023516531,0 -81.34882043468774,8.220589954642124,0</coordinates>
          </LinearRing>
        </outerBoundaryIs>
      </Polygon>
    </Placemark>
    <Placemark>
      <name>8766b5390ffffff</name>
      <styleUrl>#h3_poly_style</styleUrl>
      <Polygon>
        <outerBoundaryIs>
          <LinearRing>
            <coordinates>-82.62930551809029,8.649795345563824,0 -82.63722427840236,8.639775573439046,0 -82.63187965806672,8.628273796530538,0 -82.61861573010384,8.626792723801739,0 -82.61069735061697,8.63681360467385,0 -82.61604251789336,8.648314449452714,0 -82.62930551809029,8.649795345563824,0</coordinates>
          </LinearRing>
        </outerBoundaryIs>
      </Polygon>
    </Placemark>
    <Placemark>
      <name>8766a5c5dffffff</name>
      <styleUrl>#h3_poly_style</styleUrl>
      <Polygon>
        <outerBoundaryIs>
          <LinearRing>
            <coordinates>-79.82147339596744,9.280466662600206,0 -79.82925038180154,9.270607850482413,0 -79.8238380388643,9.259175455493255,0 -79.81064836865747,9.25760295549514,0 -79.80287201475332,9.267462819767152,0 -79.80828469875463,9.278894131840925,0 -79.82147339596744,9.280466662600206,0</coordinates>
          </LinearRing>
        </outerBoundaryIs>
      </Polygon>
    </Placemark>
    <Placemark>
      <name>8766a5143ffffff</name>
      <styleUrl>#h3_poly_style</styleUrl>
      <Polygon>
        <outerBoundaryIs>
          <LinearRing>
            <coordinates>-79.55864727208132,9.119520453626157,0 -79.56641459955702,9.109649804904882,0 -79.56099346199085,9.098196281543538,0 -79.54780467442691,9.096614503302574,0 -79.54003800265085,9.106486195888479,0 -79.54545946236773,9.11793862281195,0 -79.55864727208132,9.119520453626157,0</coordinates>
          </LinearRing>
        </outerBoundaryIs>
      </Polygon>
    </Placemark>
    <Placemark>
      <name>8766b565bffffff</name>
      <styleUrl>#h3_poly_style</styleUrl>
      <Polygon>
        <outerBoundaryIs>
          <LinearRing>
            <coordinates>-82.76365332779497,8.369903646028463,0 -82.77158425858967,8.359847239006044,0 -82.7662392873999,8.348309841864827,0 -82.75296282745624,8.346829774450857,0 -82.74503226579324,8.35688728963164,0 -82.75037779456699,8.368423763991949,0 -82.76365332779497,8.369903646028463,0</coordinates>
          </LinearRing>
        </outerBoundaryIs>
      </Polygon>
    </Placemark>
    <Placemark>
      <name>876610633ffffff</name>
      <styleUrl>#h3_poly_style</styleUrl>
      <Polygon>
        <outerBoundaryIs>
          <LinearRing>
            <coordinates>-77.98180265468613,8.515827170049764,0 -77.98949601456135,8.505935448058356,0 -77.98403334320214,8.494411233836999,0 -77.97087710438934,8.492779919407642,0 -77.96318453935045,8.50267263855058,0 -77.96864741792025,8.514195674952713,0 -77.98180265468613,8.515827170049764,0</coordinates>
          </LinearRing>
        </outerBoundaryIs>
      </Polygon>
    </Placemark>
    <Placemark>
      <name>8766b5742ffffff</name>
      <styleUrl>#h3_poly_style</styleUrl>
      <Polygon>
        <outerBoundaryIs>
          <LinearRing>
            <coordinates>-82.73781358477031,8.585542529035035,0 -82.74573808066096,8.575512425912539,0 -82.74039593571054,8.564003180055652,0 -82.7271287395338,8.562524963051427,0 -82.7192046146442,8.572556176609272,0 -82.7245473145558,8.584064496660057,0 -82.73781358477031,8.585542529035035,0</coordinates>
          </LinearRing>
        </outerBoundaryIs>
      </Polygon>
    </Placemark>
    <Placemark>
      <name>8766a0ad0ffffff</name>
      <styleUrl>#h3_poly_style</styleUrl>
      <Polygon>
        <outerBoundaryIs>
          <LinearRing>
            <coordinates>-80.38547097148655,8.545243408255692,0 -80.39329470287174,8.535272794839297,0 -80.3878832189168,8.523745203545287,0 -80.37464761909054,8.522189277618255,0 -80.3668244724759,8.532160945715754,0 -80.37223634054192,8.543687485010938,0 -80.38547097148655,8.545243408255692,0</coordinates>
          </LinearRing>
        </outerBoundaryIs>
      </Polygon>
    </Placemark>
    <Placemark>
      <name>876613ca8ffffff</name>
      <styleUrl>#h3_poly_style</styleUrl>
      <Polygon>
        <outerBoundaryIs>
          <LinearRing>
            <coordinates>-78.2077691482713,8.07610731218604,0 -78.21548685305449,8.066150899522949,0 -78.21002039248035,8.0545709806622,0 -78.19683600226266,8.052948640318883,0 -78.18911907523217,8.062906047419737,0 -78.19458576029629,8.074484800405173,0 -78.2077691482713,8.07610731218604,0</coordinates>
          </LinearRing>
        </outerBoundaryIs>
      </Polygon>
    </Placemark>
    <Placemark>
      <name>8766a566effffff</name>
      <styleUrl>#h3_poly_style</styleUrl>
      <Polygon>
        <outerBoundaryIs>
          <LinearRing>
            <coordinates>-79.71060242570161,8.65021371861938,0 -79.71838945486688,8.640277868782066,0 -79.71296356582323,8.628763562264242,0 -79.69975031294167,8.627186193505711,0 -79.6919639280695,8.637123083715482,0 -79.69739015141238,8.648636302271157,0 -79.71060242570161,8.65021371861938,0</coordinates>
          </LinearRing>
        </outerBoundaryIs>
      </Polygon>
    </Placemark>
    <Placemark>
      <name>8766a56aaffffff</name>
      <styleUrl>#h3_poly_style</styleUrl>
      <Polygon>
        <outerBoundaryIs>
          <LinearRing>
            <coordinates>-79.99051342171705,8.66178922291317,0 -79.99831455313416,8.65184568867194,0 -79.99289540614986,8.640332765244894,0 -79.97967477253138,8.638764449262625,0 -79.97187426059696,8.64870903065267,0 -79.97729376242435,8.660220880832599,0 -79.99051342171705,8.66178922291317,0</coordinates>
          </LinearRing>
        </outerBoundaryIs>
      </Polygon>
    </Placemark>
    <Placemark>
      <name>87679b66affffff</name>
      <styleUrl>#h3_poly_style</styleUrl>
      <Polygon>
        <outerBoundaryIs>
          <LinearRing>
            <coordinates>-82.56887473413693,9.489238113887358,0 -82.5767698572239,9.479322839138892,0 -82.5714376661081,9.467933906681765,0 -82.55820981185575,9.466461189035995,0 -82.55031507306582,9.476377580844922,0 -82.55564780385969,9.487765573164593,0 -82.56887473413693,9.489238113887358,0</coordinates>
          </LinearRing>
        </outerBoundaryIs>
      </Polygon>
    </Placemark>
    <Placemark>
      <name>8766a2318ffffff</name>
      <styleUrl>#h3_poly_style</styleUrl>
      <Polygon>
        <outerBoundaryIs>
          <LinearRing>
            <coordinates>-81.5330277830506,8.022595945452856,0 -81.54091765301435,8.012528756845354,0 -81.5355283419623,8.000937873078014,0 -81.52224869102278,7.99941516537321,0 -81.51435930399568,8.00948342784087,0 -81.51974908459377,8.021073324091635,0 -81.5330277830506,8.022595945452856,0</coordinates>
          </LinearRing>
        </outerBoundaryIs>
      </Polygon>
    </Placemark>
    <Placemark>
      <name>87661011dffffff</name>
      <styleUrl>#h3_poly_style</styleUrl>
      <Polygon>
        <outerBoundaryIs>
          <LinearRing>
            <coordinates>-77.75665922354578,8.952813198805528,0 -77.76432812688378,8.942987322950588,0 -77.75886942214785,8.931519535112686,0 -77.7457416236127,8.92987881194085,0 -77.73807353191931,8.93970568725569,0 -77.7435324267513,8.951172286266152,0 -77.75665922354578,8.952813198805528,0</coordinates>
          </LinearRing>
        </outerBoundaryIs>
      </Polygon>
    </Placemark>
    <Placemark>
      <name>8766a3424ffffff</name>
      <styleUrl>#h3_poly_style</styleUrl>
      <Polygon>
        <outerBoundaryIs>
          <LinearRing>
            <coordinates>-81.25157864572951,7.660475847265295,0 -81.25946517190886,7.650373087890013,0 -81.25406156545213,7.638735677092278,0 -81.24077098242721,7.6372020260875555,0 -81.23288496597193,7.647305846515859,0 -81.23828902243852,7.658942256837947,0 -81.25157864572951,7.660475847265295,0</coordinates>
          </LinearRing>
        </outerBoundaryIs>
      </Polygon>
    </Placemark>
    <Placemark>
      <name>876610636ffffff</name>
      <styleUrl>#h3_poly_style</styleUrl>
      <Polygon>
        <outerBoundaryIs>
          <LinearRing>
            <coordinates>-77.99818876964143,8.550387604953436,0 -78.00588225916178,8.54049973801514,0 -78.00042047261657,8.528979701141854,0 -77.98726498781198,8.52734870815324,0 -77.97957229155747,8.537237573251314,0 -77.98503428647396,8.548756433159351,0 -77.99818876964143,8.550387604953436,0</coordinates>
          </LinearRing>
        </outerBoundaryIs>
      </Polygon>
    </Placemark>
    <Placemark>
      <name>8766b5331ffffff</name>
      <styleUrl>#h3_poly_style</styleUrl>
      <Polygon>
        <outerBoundaryIs>
          <LinearRing>
            <coordinates>-82.43617397256078,8.748046938189379,0 -82.44408279343051,8.73804381814822,0 -82.43873359274183,8.726553305986267,0 -82.42547503809894,8.725066856980126,0 -82.41756661553617,8.735071082550055,0 -82.42291634893495,8.746560651524772,0 -82.43617397256078,8.748046938189379,0</coordinates>
          </LinearRing>
        </outerBoundaryIs>
      </Polygon>
    </Placemark>
    <Placemark>
      <name>8766a5163ffffff</name>
      <styleUrl>#h3_poly_style</styleUrl>
      <Polygon>
        <outerBoundaryIs>
          <LinearRing>
            <coordinates>-79.5330053503817,9.170433143279215,0 -79.54077004969973,9.1605699757922,0 -79.53534923075904,9.149123125915738,0 -79.52216339196414,9.147540541265956,0 -79.51439935037851,9.157404752752045,0 -79.51982048948426,9.168850504850315,0 -79.5330053503817,9.170433143279215,0</coordinates>
          </LinearRing>
        </outerBoundaryIs>
      </Polygon>
    </Placemark>
    <Placemark>
      <name>8766a5b68ffffff</name>
      <styleUrl>#h3_poly_style</styleUrl>
      <Polygon>
        <outerBoundaryIs>
          <LinearRing>
            <coordinates>-79.07255808970056,9.168817661336341,0 -79.08029800471525,9.158970556437957,0 -79.07486728636356,9.147524168169229,0 -79.06169636623585,9.145926006245528,0 -79.05395714913458,9.155774144505786,0 -79.05938815387782,9.16721941129498,0 -79.07255808970056,9.168817661336341,0</coordinates>
          </LinearRing>
        </outerBoundaryIs>
      </Polygon>
    </Placemark>
    <Placemark>
      <name>8766b5313ffffff</name>
      <styleUrl>#h3_poly_style</styleUrl>
      <Polygon>
        <outerBoundaryIs>
          <LinearRing>
            <coordinates>-82.48363532405497,8.688007058680805,0 -82.49154751374243,8.677995481158295,0 -82.4861988117015,8.666497424558948,0 -82.47293738326665,8.66501188565711,0 -82.46502558768586,8.675024569038925,0 -82.4703748260587,8.68652168539019,0 -82.48363532405497,8.688007058680805,0</coordinates>
          </LinearRing>
        </outerBoundaryIs>
      </Polygon>
    </Placemark>
    <Placemark>
      <name>876610412ffffff</name>
      <styleUrl>#h3_poly_style</styleUrl>
      <Polygon>
        <outerBoundaryIs>
          <LinearRing>
            <coordinates>-78.27064439619386,8.811470576219714,0 -78.27834760001312,8.80160635915205,0 -78.27289515237975,8.790117325137283,0 -78.25973927250142,8.788493671005122,0 -78.25203683739751,8.798358897174262,0 -78.25748951308856,8.809846768351523,0 -78.27064439619386,8.811470576219714,0</coordinates>
          </LinearRing>
        </outerBoundaryIs>
      </Polygon>
    </Placemark>
    <Placemark>
      <name>8766a5048ffffff</name>
      <styleUrl>#h3_poly_style</styleUrl>
      <Polygon>
        <outerBoundaryIs>
          <LinearRing>
            <coordinates>-79.53784033774946,8.944024283103792,0 -79.5456109582476,8.934131721567594,0 -79.54018629160691,8.92265539146081,0 -79.52699068310898,8.92107272025959,0 -79.51922072087936,8.930966322611974,0 -79.52464570850722,8.942441555311044,0 -79.53784033774946,8.944024283103792,0</coordinates>
          </LinearRing>
        </outerBoundaryIs>
      </Polygon>
    </Placemark>
    <Placemark>
      <name>8766b5ac8ffffff</name>
      <styleUrl>#h3_poly_style</styleUrl>
      <Polygon>
        <outerBoundaryIs>
          <LinearRing>
            <coordinates>-82.23731348532695,8.725703448710414,0 -82.24521501399997,8.715702671600065,0 -82.23985911206854,8.704207489570363,0 -82.22660116263702,8.702714038326972,0 -82.21870005054285,8.712715916067033,0 -82.22405647092664,8.7242101443505,0 -82.23731348532695,8.725703448710414,0</coordinates>
          </LinearRing>
        </outerBoundaryIs>
      </Polygon>
    </Placemark>
    <Placemark>
      <name>8766a5818ffffff</name>
      <styleUrl>#h3_poly_style</styleUrl>
      <Polygon>
        <outerBoundaryIs>
          <LinearRing>
            <coordinates>-79.54911235806588,9.387969416408014,0 -79.55687245695978,9.378134016290213,0 -79.55145580124456,9.36671578349881,0 -79.53827872536976,9.365134047716422,0 -79.5305192818749,9.374970495212063,0 -79.5359362584854,9.386387631073319,0 -79.54911235806588,9.387969416408014,0</coordinates>
          </LinearRing>
        </outerBoundaryIs>
      </Polygon>
    </Placemark>
    <Placemark>
      <name>8766a5b1bffffff</name>
      <styleUrl>#h3_poly_style</styleUrl>
      <Polygon>
        <outerBoundaryIs>
          <LinearRing>
            <coordinates>-79.2910792283711,9.184477790120559,0 -79.29883065664114,9.174624924859982,0 -79.29340480625501,9.16318016744833,0 -79.2802272248337,9.161589385507698,0 -79.27247647538891,9.171443289394027,0 -79.27790262816983,9.182886936559653,0 -79.2910792283711,9.184477790120559,0</coordinates>
          </LinearRing>
        </outerBoundaryIs>
      </Polygon>
    </Placemark>
    <Placemark>
      <name>8766b521dffffff</name>
      <styleUrl>#h3_poly_style</styleUrl>
      <Polygon>
        <outerBoundaryIs>
          <LinearRing>
            <coordinates>-82.44316677346416,8.51985777100999,0 -82.45108164713174,8.509826938538266,0 -82.44572876203533,8.498306321469471,0 -82.43246046890333,8.49681747811252,0 -82.42454599348343,8.50684941328338,0 -82.42989941257264,8.518369089039547,0 -82.44316677346416,8.51985777100999,0</coordinates>
          </LinearRing>
        </outerBoundaryIs>
      </Polygon>
    </Placemark>
    <Placemark>
      <name>876616784ffffff</name>
      <styleUrl>#h3_poly_style</styleUrl>
      <Polygon>
        <outerBoundaryIs>
          <LinearRing>
            <coordinates>-78.98433446898893,9.244336867478921,0 -78.992067629006,9.234502842470988,0 -78.98663642686321,9.223066502516257,0 -78.97347178455362,9.221465313483476,0 -78.96573932976018,9.231300370926906,0 -78.97117081168349,9.242735584935735,0 -78.98433446898893,9.244336867478921,0</coordinates>
          </LinearRing>
        </outerBoundaryIs>
      </Polygon>
    </Placemark>
    <Placemark>
      <name>8766a2d22ffffff</name>
      <styleUrl>#h3_poly_style</styleUrl>
      <Polygon>
        <outerBoundaryIs>
          <LinearRing>
            <coordinates>-81.98858486812712,8.784691529963593,0 -81.99647480608076,8.774704454790232,0 -81.99111220162773,8.763215141615749,0 -81.97785915855654,8.761713870976887,0 -81.96996965974469,8.771702041774004,0 -81.9753327644875,8.783190387518792,0 -81.98858486812712,8.784691529963593,0</coordinates>
          </LinearRing>
        </outerBoundaryIs>
      </Polygon>
    </Placemark>
    <Placemark>
      <name>8766a39a2ffffff</name>
      <styleUrl>#h3_poly_style</styleUrl>
      <Polygon>
        <outerBoundaryIs>
          <LinearRing>
            <coordinates>-80.79661864860975,8.112872262436664,0 -80.80447293352088,8.10283619851342,0 -80.79906463009553,8.091254267855264,0 -80.78580162599813,8.089709429171219,0 -80.77794789051399,8.099746550738862,0 -80.78335660932315,8.111327453293319,0 -80.79661864860975,8.112872262436664,0</coordinates>
          </LinearRing>
        </outerBoundaryIs>
      </Polygon>
    </Placemark>
    <Placemark>
      <name>8766b506dffffff</name>
      <styleUrl>#h3_poly_style</styleUrl>
      <Polygon>
        <outerBoundaryIs>
          <LinearRing>
            <coordinates>-82.46826192951546,8.8169493406651,0 -82.47617025349989,8.806953780988,0 -82.47082326567576,8.795472733359418,0 -82.45756741870977,8.793988187224432,0 -82.44965948991553,8.803984854041923,0 -82.45500701252298,8.815464959781016,0 -82.46826192951546,8.8169493406651,0</coordinates>
          </LinearRing>
        </outerBoundaryIs>
      </Polygon>
    </Placemark>
    <Placemark>
      <name>8766b5376ffffff</name>
      <styleUrl>#h3_poly_style</styleUrl>
      <Polygon>
        <outerBoundaryIs>
          <LinearRing>
            <coordinates>-82.34312485496707,8.683140976395315,0 -82.35103166691164,8.673132334690111,0 -82.34567838056624,8.66163240178473,0 -82.33241775567468,8.660142058303853,0 -82.32451135073268,8.670151802542442,0 -82.32986516330492,8.68165078765704,0 -82.34312485496707,8.683140976395315,0</coordinates>
          </LinearRing>
        </outerBoundaryIs>
      </Polygon>
    </Placemark>
    <Placemark>
      <name>8766b524affffff</name>
      <styleUrl>#h3_poly_style</styleUrl>
      <Polygon>
        <outerBoundaryIs>
          <LinearRing>
            <coordinates>-82.29416601799701,8.415717378077751,0 -82.30207765687958,8.405677741178533,0 -82.2967182343068,8.394142244848588,0 -82.28344664888465,8.392647334030016,0 -82.27553542219465,8.4026880687107,0 -82.28089536835844,8.414222616357785,0 -82.29416601799701,8.415717378077751,0</coordinates>
          </LinearRing>
        </outerBoundaryIs>
      </Polygon>
    </Placemark>
    <Placemark>
      <name>8766a50d6ffffff</name>
      <styleUrl>#h3_poly_style</styleUrl>
      <Polygon>
        <outerBoundaryIs>
          <LinearRing>
            <coordinates>-79.79874884654046,8.942742393983268,0 -79.80653312742773,8.932840846731041,0 -79.80111436485426,8.92136421071904,0 -79.78791098088139,8.919790205735735,0 -79.7801273353065,8.929692799859094,0 -79.78554643801955,8.941168352053115,0 -79.79874884654046,8.942742393983268,0</coordinates>
          </LinearRing>
        </outerBoundaryIs>
      </Polygon>
    </Placemark>
    <Placemark>
      <name>8766a5043ffffff</name>
      <styleUrl>#h3_poly_style</styleUrl>
      <Polygon>
        <outerBoundaryIs>
          <LinearRing>
            <coordinates>-79.57507768780211,8.970133283426568,0 -79.58284961976703,8.960242805404732,0 -79.57742624043561,8.948769825101907,0 -79.56423060510055,8.94718841827612,0 -79.55645932802388,8.95707993836842,0 -79.56188303102209,8.968551823177226,0 -79.57507768780211,8.970133283426568,0</coordinates>
          </LinearRing>
        </outerBoundaryIs>
      </Polygon>
    </Placemark>
    <Placemark>
      <name>8766104e8ffffff</name>
      <styleUrl>#h3_poly_style</styleUrl>
      <Polygon>
        <outerBoundaryIs>
          <LinearRing>
            <coordinates>-78.14486735888212,8.676897314759563,0 -78.15256647226009,8.66702031899615,0 -78.14710943548273,8.655515093030631,0 -78.13395306596284,8.65388803218113,0 -78.12625473271362,8.663766031798989,0 -78.1317119884876,8.675270088391038,0 -78.14486735888212,8.676897314759563,0</coordinates>
          </LinearRing>
        </outerBoundaryIs>
      </Polygon>
    </Placemark>
    <Placemark>
      <name>8766a0a72ffffff</name>
      <styleUrl>#h3_poly_style</styleUrl>
      <Polygon>
        <outerBoundaryIs>
          <LinearRing>
            <coordinates>-80.23331478795787,8.647026063767486,0 -80.24112847359594,8.637072926579606,0 -80.23571496070915,8.62555824227291,0 -80.2224873891087,8.623997755489464,0 -80.21467430143002,8.63395194531899,0 -80.22008818701794,8.645465569243804,0 -80.23331478795787,8.647026063767486,0</coordinates>
          </LinearRing>
        </outerBoundaryIs>
      </Polygon>
    </Placemark>
    <Placemark>
      <name>8766a50dcffffff</name>
      <styleUrl>#h3_poly_style</styleUrl>
      <Polygon>
        <outerBoundaryIs>
          <LinearRing>
            <coordinates>-79.74288228242723,8.90358660412167,0 -79.75066465228943,8.893681918132243,0 -79.74524391834478,8.882200213478832,0 -79.73204047804025,8.88062428145684,0 -79.7242587485779,8.89053001243898,0 -79.72967981864765,8.902010630409597,0 -79.74288228242723,8.90358660412167,0</coordinates>
          </LinearRing>
        </outerBoundaryIs>
      </Polygon>
    </Placemark>
    <Placemark>
      <name>8766a38abffffff</name>
      <styleUrl>#h3_poly_style</styleUrl>
      <Polygon>
        <outerBoundaryIs>
          <LinearRing>
            <coordinates>-80.7601507445286,7.90032689485317,0 -80.7680086358869,7.890266170933213,0 -80.76259569574123,7.878657478520978,0 -80.74932445059254,7.87711053890482,0 -80.74146711269944,7.887172316053118,0 -80.74688046611199,7.8987799795370055,0 -80.7601507445286,7.90032689485317,0</coordinates>
          </LinearRing>
        </outerBoundaryIs>
      </Polygon>
    </Placemark>
    <Placemark>
      <name>8766a3556ffffff</name>
      <styleUrl>#h3_poly_style</styleUrl>
      <Polygon>
        <outerBoundaryIs>
          <LinearRing>
            <coordinates>-81.21171025225942,7.655873876469181,0 -81.21959510066492,7.645771626811398,0 -81.2141902920474,7.634133527778768,0 -81.20090018754715,7.632598680986049,0 -81.19301585250957,7.642701990645987,0 -81.19842110822533,7.654339087039048,0 -81.21171025225942,7.655873876469181,0</coordinates>
          </LinearRing>
        </outerBoundaryIs>
      </Polygon>
    </Placemark>
    <Placemark>
      <name>8766a5701ffffff</name>
      <styleUrl>#h3_poly_style</styleUrl>
      <Polygon>
        <outerBoundaryIs>
          <LinearRing>
            <coordinates>-79.84783373608347,8.861915181616714,0 -79.8556225694354,8.852001680190401,0 -79.85020353949584,8.84051455874579,0 -79.83699533191233,8.838942019823433,0 -79.82920712986873,8.848856568073328,0 -79.83462650372732,8.860342608379959,0 -79.84783373608347,8.861915181616714,0</coordinates>
          </LinearRing>
        </outerBoundaryIs>
      </Polygon>
    </Placemark>
    <Placemark>
      <name>8766b536bffffff</name>
      <styleUrl>#h3_poly_style</styleUrl>
      <Polygon>
        <outerBoundaryIs>
          <LinearRing>
            <coordinates>-82.23142563547442,8.605166285932054,0 -82.23932997931146,8.595151038083923,0 -82.23397182432416,8.58363988829064,0 -82.22070880669723,8.582144939601246,0 -82.21280488030014,8.592161286352114,0 -82.21816355371486,8.603671482819509,0 -82.23142563547442,8.605166285932054,0</coordinates>
          </LinearRing>
        </outerBoundaryIs>
      </Polygon>
    </Placemark>
    <Placemark>
      <name>8766a06d8ffffff</name>
      <styleUrl>#h3_poly_style</styleUrl>
      <Polygon>
        <outerBoundaryIs>
          <LinearRing>
            <coordinates>-80.95823624909715,8.10975982394085,0 -80.96609814595224,8.099718782255428,0 -80.96069414006706,8.088136847423643,0 -80.9474278097039,8.086596973555757,0 -80.93956644769231,8.096639076713371,0 -80.94497088082313,8.108219992211897,0 -80.95823624909715,8.10975982394085,0</coordinates>
          </LinearRing>
        </outerBoundaryIs>
      </Polygon>
    </Placemark>
    <Placemark>
      <name>8766b192bffffff</name>
      <styleUrl>#h3_poly_style</styleUrl>
      <Polygon>
        <outerBoundaryIs>
          <LinearRing>
            <coordinates>-82.54589261981609,8.334629911079826,0 -82.55381616552879,8.324574460601005,0 -82.54846343319622,8.313030469459777,0 -82.53518661274086,8.311542863117369,0 -82.52726345630032,8.321599416157598,0 -82.53261673066726,8.33314247290526,0 -82.54589261981609,8.334629911079826,0</coordinates>
          </LinearRing>
        </outerBoundaryIs>
      </Polygon>
    </Placemark>
    <Placemark>
      <name>8766b5804ffffff</name>
      <styleUrl>#h3_poly_style</styleUrl>
      <Polygon>
        <outerBoundaryIs>
          <LinearRing>
            <coordinates>-82.49396959406562,9.275552287382279,0 -82.50186727065699,9.265612382139267,0 -82.49652898285107,9.254193412025224,0 -82.48329248302771,9.252715290147682,0 -82.47539519811318,9.262656308498606,0 -82.48073402097278,9.274074335545569,0 -82.49396959406562,9.275552287382279,0</coordinates>
          </LinearRing>
        </outerBoundaryIs>
      </Polygon>
    </Placemark>
    <Placemark>
      <name>8766b53a3ffffff</name>
      <styleUrl>#h3_poly_style</styleUrl>
      <Polygon>
        <outerBoundaryIs>
          <LinearRing>
            <coordinates>-82.54459163458975,8.683931700478475,0 -82.55250628420394,8.67391812008293,0 -82.54715948541838,8.662420078904358,0 -82.53389749591251,8.660936554981149,0 -82.52598323482067,8.670951242597843,0 -82.53133057433789,8.682448346842804,0 -82.54459163458975,8.683931700478475,0</coordinates>
          </LinearRing>
        </outerBoundaryIs>
      </Polygon>
    </Placemark>
    <Placemark>
      <name>8766b5656ffffff</name>
      <styleUrl>#h3_poly_style</styleUrl>
      <Polygon>
        <outerBoundaryIs>
          <LinearRing>
            <coordinates>-82.81433053872371,8.452090072680367,0 -82.82226128001824,8.442042238929512,0 -82.8169194001441,8.430516126136503,0 -82.80364621767033,8.429038767673116,0 -82.79571584064378,8.439087711880081,0 -82.80105828144819,8.450612904017607,0 -82.81433053872371,8.452090072680367,0</coordinates>
          </LinearRing>
        </outerBoundaryIs>
      </Polygon>
    </Placemark>
    <Placemark>
      <name>8766a5d4affffff</name>
      <styleUrl>#h3_poly_style</styleUrl>
      <Polygon>
        <outerBoundaryIs>
          <LinearRing>
            <coordinates>-79.78633802979613,9.416362296324081,0 -79.7941097934493,9.406522360104566,0 -79.78869901191459,9.395107942190883,0 -79.7755161281606,9.393534545199715,0 -79.7677449989733,9.403375534582526,0 -79.77315611870326,9.41478886775137,0 -79.78633802979613,9.416362296324081,0</coordinates>
          </LinearRing>
        </outerBoundaryIs>
      </Polygon>
    </Placemark>
    <Placemark>
      <name>8766a5125ffffff</name>
      <styleUrl>#h3_poly_style</styleUrl>
      <Polygon>
        <outerBoundaryIs>
          <LinearRing>
            <coordinates>-79.63992579121418,9.29112419501229,0 -79.64769308834626,9.28127299977718,0 -79.64227677500855,9.269841965765798,0 -79.6290928364198,9.268263219229098,0 -79.62132618713407,9.278115462602916,0 -79.62674282821979,9.28954540433478,0 -79.63992579121418,9.29112419501229,0</coordinates>
          </LinearRing>
        </outerBoundaryIs>
      </Polygon>
    </Placemark>
    <Placemark>
      <name>8766b5a92ffffff</name>
      <styleUrl>#h3_poly_style</styleUrl>
      <Polygon>
        <outerBoundaryIs>
          <LinearRing>
            <coordinates>-82.48430092915041,8.851379211805138,0 -82.49220900273313,8.841387436901433,0 -82.48686312208346,8.829911133654191,0 -82.47360863165854,8.82842754647637,0 -82.4657009517087,8.838420429318571,0 -82.47104736817695,8.8498957913269,0 -82.48430092915041,8.851379211805138,0</coordinates>
          </LinearRing>
        </outerBoundaryIs>
      </Polygon>
    </Placemark>
    <Placemark>
      <name>876610584ffffff</name>
      <styleUrl>#h3_poly_style</styleUrl>
      <Polygon>
        <outerBoundaryIs>
          <LinearRing>
            <coordinates>-78.31744919312968,8.936119259669631,0 -78.32515204700569,8.926269565470161,0 -78.31970263071895,8.91479609778601,0 -78.30655012887368,8.91317348461162,0 -78.29884803909485,8.923024191062805,0 -78.30429768669629,8.934496498413365,0 -78.31744919312968,8.936119259669631,0</coordinates>
          </LinearRing>
        </outerBoundaryIs>
      </Polygon>
    </Placemark>
    <Placemark>
      <name>8766a1491ffffff</name>
      <styleUrl>#h3_poly_style</styleUrl>
      <Polygon>
        <outerBoundaryIs>
          <LinearRing>
            <coordinates>-80.43446208838895,7.92806639216124,0 -80.44230366058102,7.918018425838948,0 -80.43688273452594,7.906412838441206,0 -80.42361984666518,7.9048562640851685,0 -80.41577885715901,7.914905276220006,0 -80.42120017245033,7.926509816850024,0 -80.43446208838895,7.92806639216124,0</coordinates>
          </LinearRing>
        </outerBoundaryIs>
      </Polygon>
    </Placemark>
    <Placemark>
      <name>8766b5245ffffff</name>
      <styleUrl>#h3_poly_style</styleUrl>
      <Polygon>
        <outerBoundaryIs>
          <LinearRing>
            <coordinates>-82.28651151800804,8.480410075152896,0 -82.29442121651657,8.470378392841438,0 -82.28906265991291,8.458851297402589,0 -82.2757938816035,8.457356833741754,0 -82.2678845958189,8.467389614550944,0 -82.2732436752442,8.478915760452564,0 -82.28651151800804,8.480410075152896,0</coordinates>
          </LinearRing>
        </outerBoundaryIs>
      </Polygon>
    </Placemark>
    <Placemark>
      <name>8766a332cffffff</name>
      <styleUrl>#h3_poly_style</styleUrl>
      <Polygon>
        <outerBoundaryIs>
          <LinearRing>
            <coordinates>-80.52764787115218,7.4551174607368464,0 -80.535505779606,7.445010131128358,0 -80.53007907964987,7.433346362218618,0 -80.51679407357187,7.431790961799115,0 -80.50893674116234,7.441899331027301,0 -80.5143638384073,7.453562061006234,0 -80.52764787115218,7.4551174607368464,0</coordinates>
          </LinearRing>
        </outerBoundaryIs>
      </Polygon>
    </Placemark>
    <Placemark>
      <name>8766a250affffff</name>
      <styleUrl>#h3_poly_style</styleUrl>
      <Polygon>
        <outerBoundaryIs>
          <LinearRing>
            <coordinates>-82.1637265755021,8.324457834101349,0 -82.17163529242119,8.314410525783567,0 -82.16627020407635,8.302862152060358,0 -82.15299588397777,8.301362041733993,0 -82.14508759145706,8.31141044347236,0 -82.15045319426032,8.32295786204737,0 -82.1637265755021,8.324457834101349,0</coordinates>
          </LinearRing>
        </outerBoundaryIs>
      </Polygon>
    </Placemark>
    <Placemark>
      <name>8766a5128ffffff</name>
      <styleUrl>#h3_poly_style</styleUrl>
      <Polygon>
        <outerBoundaryIs>
          <LinearRing>
            <coordinates>-79.62602590271064,9.235539832862665,0 -79.63379386539303,9.225681894545216,0 -79.62837626679155,9.214243545514444,0 -79.61519037828943,9.212664227751526,0 -79.60742306490607,9.22252321312239,0 -79.61284099035468,9.233960469163048,0 -79.62602590271064,9.235539832862665,0</coordinates>
          </LinearRing>
        </outerBoundaryIs>
      </Polygon>
    </Placemark>
    <Placemark>
      <name>8766a569dffffff</name>
      <styleUrl>#h3_poly_style</styleUrl>
      <Polygon>
        <outerBoundaryIs>
          <LinearRing>
            <coordinates>-80.0349442864928,8.62357305578522,0 -80.04274862508507,8.613623279300976,0 -80.03732987667186,8.602105458610067,0 -80.02410643109852,8.600538485167167,0 -80.01630270819781,8.610489309259647,0 -80.0217218148047,8.622006059142693,0 -80.0349442864928,8.62357305578522,0</coordinates>
          </LinearRing>
        </outerBoundaryIs>
      </Polygon>
    </Placemark>
    <Placemark>
      <name>8766b5050ffffff</name>
      <styleUrl>#h3_poly_style</styleUrl>
      <Polygon>
        <outerBoundaryIs>
          <LinearRing>
            <coordinates>-82.61129660657606,8.800292425105727,0 -82.61921086310585,8.790291271267932,0 -82.61386822992715,8.778809345555045,0 -82.600610794724,8.77732950770522,0 -82.5926969203054,8.787331771778808,0 -82.59804009860483,8.798812763391803,0 -82.61129660657606,8.800292425105727,0</coordinates>
          </LinearRing>
        </outerBoundaryIs>
      </Polygon>
    </Placemark>
    <Placemark>
      <name>8766a148cffffff</name>
      <styleUrl>#h3_poly_style</styleUrl>
      <Polygon>
        <outerBoundaryIs>
          <LinearRing>
            <coordinates>-80.35489430070213,7.918720911951071,0 -80.36273221250306,7.908674160127954,0 -80.35730911195661,7.8970673798470115,0 -80.34404771583273,7.895508402372863,0 -80.33621039389234,7.905556197917847,0 -80.34163387783799,7.917161927167753,0 -80.35489430070213,7.918720911951071,0</coordinates>
          </LinearRing>
        </outerBoundaryIs>
      </Polygon>
    </Placemark>
    <Placemark>
      <name>8766a3d82ffffff</name>
      <styleUrl>#h3_poly_style</styleUrl>
      <Polygon>
        <outerBoundaryIs>
          <LinearRing>
            <coordinates>-81.2492438982075,8.033835773729358,0 -81.25712095252025,8.023777517826634,0 -81.25172369824205,8.012186893348481,0 -81.23844894050231,8.01065552779137,0 -81.23057239491497,8.020714850925751,0 -81.2359700979643,8.032304472327406,0 -81.2492438982075,8.033835773729358,0</coordinates>
          </LinearRing>
        </outerBoundaryIs>
      </Polygon>
    </Placemark>
    <Placemark>
      <name>8766a3c82ffffff</name>
      <styleUrl>#h3_poly_style</styleUrl>
      <Polygon>
        <outerBoundaryIs>
          <LinearRing>
            <coordinates>-81.26660989826922,7.882180495858134,0 -81.27449153781458,7.872103630846425,0 -81.26909216552457,7.860493950684693,0 -81.25581070283431,7.858962136642737,0 -81.24792957092748,7.869040066825762,0 -81.25332939369417,7.880648745821157,0 -81.26660989826922,7.882180495858134,0</coordinates>
          </LinearRing>
        </outerBoundaryIs>
      </Polygon>
    </Placemark>
    <Placemark>
      <name>8766a06acffffff</name>
      <styleUrl>#h3_poly_style</styleUrl>
      <Polygon>
        <outerBoundaryIs>
          <LinearRing>
            <coordinates>-80.99947724341304,8.278681668739093,0 -81.00733680273767,8.268659981933455,0 -81.0019368344846,8.257099638263886,0 -80.98867687672565,8.255561999334237,0 -80.98081784794199,8.26558475127614,0 -80.98621824599967,8.277144076956027,0 -80.99947724341304,8.278681668739093,0</coordinates>
          </LinearRing>
        </outerBoundaryIs>
      </Polygon>
    </Placemark>
    <Placemark>
      <name>8766a39a6ffffff</name>
      <styleUrl>#h3_poly_style</styleUrl>
      <Polygon>
        <outerBoundaryIs>
          <LinearRing>
            <coordinates>-80.79417301595171,8.134484834737574,0 -80.80202664416197,8.124451467305963,0 -80.79661864860975,8.112872262436664,0 -80.78335660932315,8.111327453293319,0 -80.7755035306846,8.121361878661922,0 -80.7809119413839,8.132940055184054,0 -80.79417301595171,8.134484834737574,0</coordinates>
          </LinearRing>
        </outerBoundaryIs>
      </Polygon>
    </Placemark>
    <Placemark>
      <name>8766a538cffffff</name>
      <styleUrl>#h3_poly_style</styleUrl>
      <Polygon>
        <outerBoundaryIs>
          <LinearRing>
            <coordinates>-79.55192112550995,8.815727118965833,0 -79.55969569733627,8.805817636646374,0 -79.55426910566884,8.794324728771024,0 -79.54106761951591,8.792742399716726,0 -79.53329370526454,8.802652921242654,0 -79.53872061921871,8.814144732578026,0 -79.55192112550995,8.815727118965833,0</coordinates>
          </LinearRing>
        </outerBoundaryIs>
      </Polygon>
    </Placemark>
    <Placemark>
      <name>8766a56c5ffffff</name>
      <styleUrl>#h3_poly_style</styleUrl>
      <Polygon>
        <outerBoundaryIs>
          <LinearRing>
            <coordinates>-79.87866773140794,8.583273437884207,0 -79.88646512035801,8.573323630375556,0 -79.8810419619589,8.561800660614367,0 -79.86782106743424,8.560228577281162,0 -79.86002430819379,8.570179428080587,0 -79.86544781339435,8.581701318880297,0 -79.87866773140794,8.583273437884207,0</coordinates>
          </LinearRing>
        </outerBoundaryIs>
      </Polygon>
    </Placemark>
    <Placemark>
      <name>8766a219affffff</name>
      <styleUrl>#h3_poly_style</styleUrl>
      <Polygon>
        <outerBoundaryIs>
          <LinearRing>
            <coordinates>-81.94598834492511,8.2888532866768,0 -81.95388904830025,8.27880723124324,0 -81.94851662687708,8.267252741661247,0 -81.93524300291456,8.26574527420329,0 -81.92734274397476,8.275792417397911,0 -81.93271566418557,8.287345940222844,0 -81.94598834492511,8.2888532866768,0</coordinates>
          </LinearRing>
        </outerBoundaryIs>
      </Polygon>
    </Placemark>
    <Placemark>
      <name>8766a5b02ffffff</name>
      <styleUrl>#h3_poly_style</styleUrl>
      <Polygon>
        <outerBoundaryIs>
          <LinearRing>
            <coordinates>-79.28410450446154,9.248336791427475,0 -79.29185395897031,9.238492502105284,0 -79.28642907753908,9.227056105847952,0 -79.27325443947014,9.225465109461457,0 -79.26550566411488,9.235310438162637,0 -79.27093084730491,9.246745723835767,0 -79.28410450446154,9.248336791427475,0</coordinates>
          </LinearRing>
        </outerBoundaryIs>
      </Polygon>
    </Placemark>
    <Placemark>
      <name>876610608ffffff</name>
      <styleUrl>#h3_poly_style</styleUrl>
      <Polygon>
        <outerBoundaryIs>
          <LinearRing>
            <coordinates>-77.90955377161201,8.441771205095465,0 -77.91724460626706,8.431872644882754,0 -77.91177941996658,8.420339796862045,0 -77.89862319665798,8.418706690591051,0 -77.89093316336098,8.428606244891371,0 -77.89639855164684,8.440137911357455,0 -77.90955377161201,8.441771205095465,0</coordinates>
          </LinearRing>
        </outerBoundaryIs>
      </Polygon>
    </Placemark>
    <Placemark>
      <name>8766a218bffffff</name>
      <styleUrl>#h3_poly_style</styleUrl>
      <Polygon>
        <outerBoundaryIs>
          <LinearRing>
            <coordinates>-81.86635353942158,8.27980260339557,0 -81.87425115406897,8.269757511863117,0 -81.86887615814962,8.258201348080613,0 -81.85560305417322,8.2566912467943,0 -81.84770589126808,8.266737424069913,0 -81.85308138022043,8.27829261682302,0 -81.86635353942158,8.27980260339557,0</coordinates>
          </LinearRing>
        </outerBoundaryIs>
      </Polygon>
    </Placemark>
    <Placemark>
      <name>8766b1d2cffffff</name>
      <styleUrl>#h3_poly_style</styleUrl>
      <Polygon>
        <outerBoundaryIs>
          <LinearRing>
            <coordinates>-82.96798484501019,8.348859946194597,0 -82.97592386638381,8.338796352818143,0 -82.97058539650779,8.327258209740402,0 -82.95730733255724,8.325784571410754,0 -82.94936866151153,8.335849277441449,0 -82.95470770371358,8.347386509069175,0 -82.96798484501019,8.348859946194597,0</coordinates>
          </LinearRing>
        </outerBoundaryIs>
      </Polygon>
    </Placemark>
    <Placemark>
      <name>8766a219dffffff</name>
      <styleUrl>#h3_poly_style</styleUrl>
      <Polygon>
        <outerBoundaryIs>
          <LinearRing>
            <coordinates>-81.9036454587503,8.30592539867933,0 -81.91154397165664,8.29588248053366,0 -81.90617055422238,8.284329925673605,0 -81.89289812784602,8.282821258064654,0 -81.88500006319825,8.29286526322008,0 -81.89037397629174,8.304416848908584,0 -81.9036454587503,8.30592539867933,0</coordinates>
          </LinearRing>
        </outerBoundaryIs>
      </Polygon>
    </Placemark>
    <Placemark>
      <name>8766106d4ffffff</name>
      <styleUrl>#h3_poly_style</styleUrl>
      <Polygon>
        <outerBoundaryIs>
          <LinearRing>
            <coordinates>-78.01828582068732,8.3575175310218,0 -78.02598528525054,8.347604016232586,0 -78.02052045569742,8.336059951759509,0 -78.00735595110125,8.334430577999802,0 -77.99965727907542,8.344345087931707,0 -78.00512231873985,8.355887976461714,0 -78.01828582068732,8.3575175310218,0</coordinates>
          </LinearRing>
        </outerBoundaryIs>
      </Polygon>
    </Placemark>
    <Placemark>
      <name>8766a20a1ffffff</name>
      <styleUrl>#h3_poly_style</styleUrl>
      <Polygon>
        <outerBoundaryIs>
          <LinearRing>
            <coordinates>-81.87139913272748,8.236594665047347,0 -81.87929804790588,8.226544262372668,0 -81.87392246322068,8.214982558523229,0 -81.86064746944467,8.213472227754105,0 -81.85274900567198,8.223523715650716,0 -81.85812508389279,8.235084449028845,0 -81.87139913272748,8.236594665047347,0</coordinates>
          </LinearRing>
        </outerBoundaryIs>
      </Polygon>
    </Placemark>
    <Placemark>
      <name>8766b508cffffff</name>
      <styleUrl>#h3_poly_style</styleUrl>
      <Polygon>
        <outerBoundaryIs>
          <LinearRing>
            <coordinates>-82.79155192554325,8.809481723250503,0 -82.79947275111911,8.799477269576814,0 -82.79413621975881,8.787998368148184,0 -82.7808783044319,8.786524844781557,0 -82.77295784438542,8.79653041296203,0 -82.77829493376288,8.808008389925673,0 -82.79155192554325,8.809481723250503,0</coordinates>
          </LinearRing>
        </outerBoundaryIs>
      </Polygon>
    </Placemark>
    <Placemark>
      <name>8766b56c4ffffff</name>
      <styleUrl>#h3_poly_style</styleUrl>
      <Polygon>
        <outerBoundaryIs>
          <LinearRing>
            <coordinates>-82.88053876809097,8.40478875049258,0 -82.888473162551,8.394733767346068,0 -82.88313269373637,8.383202087647485,0 -82.86985726423508,8.38172630769568,0 -82.86192322804737,8.391782402209078,0 -82.86726426271379,8.403313165229966,0 -82.88053876809097,8.40478875049258,0</coordinates>
          </LinearRing>
        </outerBoundaryIs>
      </Polygon>
    </Placemark>
    <Placemark>
      <name>8766a5134ffffff</name>
      <styleUrl>#h3_poly_style</styleUrl>
      <Polygon>
        <outerBoundaryIs>
          <LinearRing>
            <coordinates>-79.71903035234058,9.300587299286205,0 -79.72680153620264,9.290734605326353,0 -79.72138718545753,9.279304826249724,0 -79.70820131695874,9.277728829296995,0 -79.70043077395643,9.287582573336717,0 -79.70584545822207,9.29901126420839,0 -79.71903035234058,9.300587299286205,0</coordinates>
          </LinearRing>
        </outerBoundaryIs>
      </Polygon>
    </Placemark>
    <Placemark>
      <name>8766a571dffffff</name>
      <styleUrl>#h3_poly_style</styleUrl>
      <Polygon>
        <outerBoundaryIs>
          <LinearRing>
            <coordinates>-79.87120218126181,8.83217011600935,0 -79.87899295932213,8.822252054851178,0 -79.87357395760924,8.810761083838072,0 -79.86036383176285,8.809189253806437,0 -79.85257368306623,8.819108361891539,0 -79.85799303047916,8.830598253039048,0 -79.87120218126181,8.83217011600935,0</coordinates>
          </LinearRing>
        </outerBoundaryIs>
      </Polygon>
    </Placemark>
    <Placemark>
      <name>8766b575dffffff</name>
      <styleUrl>#h3_poly_style</styleUrl>
      <Polygon>
        <outerBoundaryIs>
          <LinearRing>
            <coordinates>-82.72178575675932,8.551013818360609,0 -82.72971052501012,8.540979965087931,0 -82.72436725936755,8.529465997792306,0 -82.71109867116681,8.527986810118666,0 -82.70317427547431,8.538021773002281,0 -82.7085180950496,8.549534813872885,0 -82.72178575675932,8.551013818360609,0</coordinates>
          </LinearRing>
        </outerBoundaryIs>
      </Polygon>
    </Placemark>
    <Placemark>
      <name>8766a569affffff</name>
      <styleUrl>#h3_poly_style</styleUrl>
      <Polygon>
        <outerBoundaryIs>
          <LinearRing>
            <coordinates>-80.07700191702104,8.606803794506353,0 -80.08480879732248,8.596850564853167,0 -80.079390769988,8.585330605946014,0 -80.06616550065642,8.58376494518863,0 -80.05835923237707,8.593719223183731,0 -80.06377762103286,8.60523811354973,0 -80.07700191702104,8.606803794506353,0</coordinates>
          </LinearRing>
        </outerBoundaryIs>
      </Polygon>
    </Placemark>
    <Placemark>
      <name>8766a14dbffffff</name>
      <styleUrl>#h3_poly_style</styleUrl>
      <Polygon>
        <outerBoundaryIs>
          <LinearRing>
            <coordinates>-80.28979459288604,7.77935943574349,0 -80.29763277595386,7.76929773939366,0 -80.29220563530508,7.757673701974269,0 -80.27893993227183,7.756112414704665,0 -80.27110234542864,7.766175150743091,0 -80.27652986501641,7.777798134316083,0 -80.28979459288604,7.77935943574349,0</coordinates>
          </LinearRing>
        </outerBoundaryIs>
      </Polygon>
    </Placemark>
    <Placemark>
      <name>8766a2a81ffffff</name>
      <styleUrl>#h3_poly_style</styleUrl>
      <Polygon>
        <outerBoundaryIs>
          <LinearRing>
            <coordinates>-81.4707286837677,8.212708726046559,0 -81.4786110543439,8.20266599837706,0 -81.47322320174135,8.191099057751208,0 -81.45995251375223,8.18957583684597,0 -81.45207063119783,8.199619639855305,0 -81.45745894823372,8.211185588369109,0 -81.4707286837677,8.212708726046559,0</coordinates>
          </LinearRing>
        </outerBoundaryIs>
      </Polygon>
    </Placemark>
    <Placemark>
      <name>8766a38f2ffffff</name>
      <styleUrl>#h3_poly_style</styleUrl>
      <Polygon>
        <outerBoundaryIs>
          <LinearRing>
            <coordinates>-80.7439107882012,7.865500174583491,0 -80.7517687840843,7.855435721154849,0 -80.74635481270084,7.843822658182959,0 -80.73308243289173,7.84227507820111,0 -80.72522499206276,7.852340583870584,0 -80.73063937561082,7.863952617229077,0 -80.7439107882012,7.865500174583491,0</coordinates>
          </LinearRing>
        </outerBoundaryIs>
      </Polygon>
    </Placemark>
    <Placemark>
      <name>8766b532bffffff</name>
      <styleUrl>#h3_poly_style</styleUrl>
      <Polygon>
        <outerBoundaryIs>
          <LinearRing>
            <coordinates>-82.36173713737128,8.696127496044548,0 -82.36964435457912,8.686119957474007,0 -82.36429188329897,8.674621903397933,0 -82.35103166691164,8.673132334690111,0 -82.34312485496707,8.683140976395315,0 -82.3484778537719,8.694638083601975,0 -82.36173713737128,8.696127496044548,0</coordinates>
          </LinearRing>
        </outerBoundaryIs>
      </Polygon>
    </Placemark>
    <Placemark>
      <name>8766b5641ffffff</name>
      <styleUrl>#h3_poly_style</styleUrl>
      <Polygon>
        <outerBoundaryIs>
          <LinearRing>
            <coordinates>-82.71607934580919,8.43021312959661,0 -82.72400696029352,8.420165001030744,0 -82.71866144182887,8.408635065700684,0 -82.70538775455435,8.407154184699339,0 -82.69746051344198,8.417203421131504,0 -82.70280658585708,8.42873243062315,0 -82.71607934580919,8.43021312959661,0</coordinates>
          </LinearRing>
        </outerBoundaryIs>
      </Polygon>
    </Placemark>
    <Placemark>
      <name>8766a2b59ffffff</name>
      <styleUrl>#h3_poly_style</styleUrl>
      <Polygon>
        <outerBoundaryIs>
          <LinearRing>
            <coordinates>-81.20085736264122,8.280112848646421,0 -81.20872605475662,8.270085665662917,0 -81.20333168156627,8.258526204498017,0 -81.19006817135299,8.256994933378998,0 -81.18219999154998,8.267023186314626,0 -81.18759480927109,8.278581640359343,0 -81.20085736264122,8.280112848646421,0</coordinates>
          </LinearRing>
        </outerBoundaryIs>
      </Polygon>
    </Placemark>
    <Placemark>
      <name>8766a02f4ffffff</name>
      <styleUrl>#h3_poly_style</styleUrl>
      <Polygon>
        <outerBoundaryIs>
          <LinearRing>
            <coordinates>-80.53851853983474,8.257753571326198,0 -80.54635690697982,8.247742750204244,0 -80.54094434404703,8.23617869417431,0 -80.52769301753109,8.234626501928751,0 -80.51985522251532,8.244638376856887,0 -80.52526818150984,8.256201390174542,0 -80.53851853983474,8.257753571326198,0</coordinates>
          </LinearRing>
        </outerBoundaryIs>
      </Polygon>
    </Placemark>
    <Placemark>
      <name>8766a56ddffffff</name>
      <styleUrl>#h3_poly_style</styleUrl>
      <Polygon>
        <outerBoundaryIs>
          <LinearRing>
            <coordinates>-79.90443805058821,8.53193838928898,0 -79.91223804350781,8.52198129306777,0 -79.90681459852091,8.51045176135073,0 -79.8935908114296,8.508880403283795,0 -79.8857914461436,8.518838542595851,0 -79.89121523994103,8.530366996841583,0 -79.90443805058821,8.53193838928898,0</coordinates>
          </LinearRing>
        </outerBoundaryIs>
      </Polygon>
    </Placemark>
    <Placemark>
      <name>8766b574bffffff</name>
      <styleUrl>#h3_poly_style</styleUrl>
      <Polygon>
        <outerBoundaryIs>
          <LinearRing>
            <coordinates>-82.6845614956468,8.525027048690344,0 -82.69248551703711,8.514990976800275,0 -82.6871405782831,8.503473223289143,0 -82.67387106641385,8.5019924698486,0 -82.66594742106976,8.512029650139535,0 -82.6712929111739,8.523546475394866,0 -82.6845614956468,8.525027048690344,0</coordinates>
          </LinearRing>
        </outerBoundaryIs>
      </Polygon>
    </Placemark>
    <Placemark>
      <name>8766b5070ffffff</name>
      <styleUrl>#h3_poly_style</styleUrl>
      <Polygon>
        <outerBoundaryIs>
          <LinearRing>
            <coordinates>-82.5849878391116,8.851756989240267,0 -82.5928997838468,8.84176273478595,0 -82.58755717377507,8.830287433480429,0 -82.57430207554235,8.828807322394228,0 -82.56639051520611,8.838802687113052,0 -82.57173366832986,8.850277052579216,0 -82.5849878391116,8.851756989240267,0</coordinates>
          </LinearRing>
        </outerBoundaryIs>
      </Polygon>
    </Placemark>
    <Placemark>
      <name>8766a56d6ffffff</name>
      <styleUrl>#h3_poly_style</styleUrl>
      <Polygon>
        <outerBoundaryIs>
          <LinearRing>
            <coordinates>-79.97901736629375,8.584314876068056,0 -79.9868198526917,8.57436195868614,0 -79.98139908486019,8.562839102015628,0 -79.96817547608184,8.561270236346635,0 -79.96037361049464,8.571224199407515,0 -79.9657947325008,8.582745982415059,0 -79.97901736629375,8.584314876068056,0</coordinates>
          </LinearRing>
        </outerBoundaryIs>
      </Polygon>
    </Placemark>
    <Placemark>
      <name>8766a50c2ffffff</name>
      <styleUrl>#h3_poly_style</styleUrl>
      <Polygon>
        <outerBoundaryIs>
          <LinearRing>
            <coordinates>-79.74052098569696,8.924967407967177,0 -79.74830269781283,8.915065536296575,0 -79.74288228242723,8.90358660412167,0 -79.72967981864765,8.902010630409597,0 -79.72189874705164,8.911913547334178,0 -79.72731949834285,8.923391392676061,0 -79.74052098569696,8.924967407967177,0</coordinates>
          </LinearRing>
        </outerBoundaryIs>
      </Polygon>
    </Placemark>
    <Placemark>
      <name>8766a6591ffffff</name>
      <styleUrl>#h3_poly_style</styleUrl>
      <Polygon>
        <outerBoundaryIs>
          <LinearRing>
            <coordinates>-82.24302617149722,9.3555982489644,0 -82.25091195258733,9.345674980176492,0 -82.24556705850196,9.334264516746314,0 -82.23233586618464,9.332778278713658,0 -82.22445049946896,9.342702655795971,0 -82.2297959103237,9.354112162545764,0 -82.24302617149722,9.3555982489644,0</coordinates>
          </LinearRing>
        </outerBoundaryIs>
      </Polygon>
    </Placemark>
    <Placemark>
      <name>87679b644ffffff</name>
      <styleUrl>#h3_poly_style</styleUrl>
      <Polygon>
        <outerBoundaryIs>
          <LinearRing>
            <coordinates>-82.60599026458297,9.514950723928884,0 -82.6138861510823,9.505037684944085,0 -82.6085556092082,9.493652690172814,0 -82.59532863822098,9.492181672617331,0 -82.58743313256426,9.502095829757398,0 -82.59276421668078,9.513479886222672,0 -82.60599026458297,9.514950723928884,0</coordinates>
          </LinearRing>
        </outerBoundaryIs>
      </Polygon>
    </Placemark>
    <Placemark>
      <name>8766a5060ffffff</name>
      <styleUrl>#h3_poly_style</styleUrl>
      <Polygon>
        <outerBoundaryIs>
          <LinearRing>
            <coordinates>-79.54707368930431,9.042488619361844,0 -79.55484233428362,9.03260841818454,0 -79.5494195927992,9.021144860652313,0 -79.53622788450251,9.019562601258258,0 -79.52845989656419,9.029443844918646,0 -79.53388295950997,9.040906305451454,0 -79.54707368930431,9.042488619361844,0</coordinates>
          </LinearRing>
        </outerBoundaryIs>
      </Polygon>
    </Placemark>
    <Placemark>
      <name>8766a39b1ffffff</name>
      <styleUrl>#h3_poly_style</styleUrl>
      <Polygon>
        <outerBoundaryIs>
          <LinearRing>
            <coordinates>-80.81773576205832,8.104380397818355,0 -80.82559125130095,8.094342697508637,0 -80.82018336483151,8.082759739934009,0 -80.80691957178637,8.08121550953248,0 -80.79906463009553,8.091254267855264,0 -80.80447293352088,8.10283619851342,0 -80.81773576205832,8.104380397818355,0</coordinates>
          </LinearRing>
        </outerBoundaryIs>
      </Polygon>
    </Placemark>
    <Placemark>
      <name>8766a23a0ffffff</name>
      <styleUrl>#h3_poly_style</styleUrl>
      <Polygon>
        <outerBoundaryIs>
          <LinearRing>
            <coordinates>-81.62886107519421,8.066478110268541,0 -81.63675398616606,8.05641364975686,0 -81.63136823753867,8.044828805175493,0 -81.61808910115595,8.04330940361426,0 -81.61019666424555,8.05337494097272,0 -81.61558288927888,8.064958802982945,0 -81.62886107519421,8.066478110268541,0</coordinates>
          </LinearRing>
        </outerBoundaryIs>
      </Polygon>
    </Placemark>
    <Placemark>
      <name>8766b52f5ffffff</name>
      <styleUrl>#h3_poly_style</styleUrl>
      <Polygon>
        <outerBoundaryIs>
          <LinearRing>
            <coordinates>-82.46947700721903,8.468201685227413,0 -82.47739421357527,8.458164014118976,0 -82.47204129142608,8.446636838882064,0 -82.45877062647924,8.445148274206828,0 -82.45085381608557,8.455187047929401,0 -82.45620727430084,8.466713283640297,0 -82.46947700721903,8.468201685227413,0</coordinates>
          </LinearRing>
        </outerBoundaryIs>
      </Polygon>
    </Placemark>
    <Placemark>
      <name>8766b5099ffffff</name>
      <styleUrl>#h3_poly_style</styleUrl>
      <Polygon>
        <outerBoundaryIs>
          <LinearRing>
            <coordinates>-82.83649732940982,8.770927798467007,0 -82.84442080550748,8.760917608088063,0 -82.8390851138566,8.74943401456728,0 -82.82582538435963,8.74796153313024,0 -82.8179022697477,8.75797283857875,0 -82.8232385227734,8.769455510317576,0 -82.83649732940982,8.770927798467007,0</coordinates>
          </LinearRing>
        </outerBoundaryIs>
      </Polygon>
    </Placemark>
    <Placemark>
      <name>8766a3183ffffff</name>
      <styleUrl>#h3_poly_style</styleUrl>
      <Polygon>
        <outerBoundaryIs>
          <LinearRing>
            <coordinates>-80.98630218443465,7.684828564032843,0 -80.99417602661049,7.674735792252402,0 -80.98876546746747,7.663100722241444,0 -80.97548063530398,7.661559439191837,0 -80.96760732687721,7.671653265984125,0 -80.97301831648608,7.68328732075939,0 -80.98630218443465,7.684828564032843,0</coordinates>
          </LinearRing>
        </outerBoundaryIs>
      </Polygon>
    </Placemark>
    <Placemark>
      <name>8766a16a3ffffff</name>
      <styleUrl>#h3_poly_style</styleUrl>
      <Polygon>
        <outerBoundaryIs>
          <LinearRing>
            <coordinates>-80.12393573243803,7.638912556393778,0 -80.13176914902354,7.62883884271999,0 -80.12633548773987,7.617197674206341,0 -80.11306804246394,7.615631281438865,0 -80.10523523749964,7.625706028194849,0 -80.11066926581216,7.6373461345917955,0 -80.12393573243803,7.638912556393778,0</coordinates>
          </LinearRing>
        </outerBoundaryIs>
      </Polygon>
    </Placemark>
    <Placemark>
      <name>8766a5084ffffff</name>
      <styleUrl>#h3_poly_style</styleUrl>
      <Polygon>
        <outerBoundaryIs>
          <LinearRing>
            <coordinates>-79.84750312566393,9.045953325819939,0 -79.85528733150191,9.036063376104332,0 -79.84987150155536,9.024600190267229,0 -79.83667112191053,9.023028035502161,0 -79.8288875466626,9.032919034712545,0 -79.83430372009715,9.044381139151007,0 -79.84750312566393,9.045953325819939,0</coordinates>
          </LinearRing>
        </outerBoundaryIs>
      </Polygon>
    </Placemark>
    <Placemark>
      <name>8766b192dffffff</name>
      <styleUrl>#h3_poly_style</styleUrl>
      <Polygon>
        <outerBoundaryIs>
          <LinearRing>
            <coordinates>-82.52212534328561,8.364787950535478,0 -82.53004720845095,8.354736656960009,0 -82.52469421989996,8.343196397283354,0 -82.51141882559108,8.341708367023603,0 -82.50349735180913,8.351760763023087,0 -82.50885088057703,8.363300086785005,0 -82.52212534328561,8.364787950535478,0</coordinates>
          </LinearRing>
        </outerBoundaryIs>
      </Polygon>
    </Placemark>
    <Placemark>
      <name>8766a205affffff</name>
      <styleUrl>#h3_poly_style</styleUrl>
      <Polygon>
        <outerBoundaryIs>
          <LinearRing>
            <coordinates>-81.68484783904455,8.10577290469646,0 -81.69274216174401,8.095711678626236,0 -81.68735874275727,8.084132132519779,0 -81.67408052032661,8.082614792195333,0 -81.66618666646022,8.092677097061788,0 -81.67157056581405,8.104255663393076,0 -81.68484783904455,8.10577290469646,0</coordinates>
          </LinearRing>
        </outerBoundaryIs>
      </Polygon>
    </Placemark>
    <Placemark>
      <name>8766b586bffffff</name>
      <styleUrl>#h3_poly_style</styleUrl>
      <Polygon>
        <outerBoundaryIs>
          <LinearRing>
            <coordinates>-82.30817006541969,9.146468489204645,0 -82.31606374735898,9.13651747836365,0 -82.31071730748307,9.125079217152363,0 -82.2974766631431,9.123592918975955,0 -82.28958339018975,9.133545037242534,0 -82.29493035221729,9.144982346188565,0 -82.30817006541969,9.146468489204645,0</coordinates>
          </LinearRing>
        </outerBoundaryIs>
      </Polygon>
    </Placemark>
    <Placemark>
      <name>8766b5802ffffff</name>
      <styleUrl>#h3_poly_style</styleUrl>
      <Polygon>
        <outerBoundaryIs>
          <LinearRing>
            <coordinates>-82.51766429804842,9.245728257806146,0 -82.5255636483663,9.235784040432675,0 -82.52022561290046,9.224361245083616,0 -82.50698768988903,9.222883608697398,0 -82.49908872915654,9.232828939388563,0 -82.5044273014776,9.244250793074416,0 -82.51766429804842,9.245728257806146,0</coordinates>
          </LinearRing>
        </outerBoundaryIs>
      </Polygon>
    </Placemark>
    <Placemark>
      <name>8766166b6ffffff</name>
      <styleUrl>#h3_poly_style</styleUrl>
      <Polygon>
        <outerBoundaryIs>
          <LinearRing>
            <coordinates>-79.05626503584743,9.13447796468991,0 -79.06400491181722,9.124626963653679,0 -79.0585732557638,9.11317614928381,0 -79.04540143811172,9.111577458250213,0 -79.03766226162504,9.121429491765616,0 -79.04309420293748,9.132879183802803,0 -79.05626503584743,9.13447796468991,0</coordinates>
          </LinearRing>
        </outerBoundaryIs>
      </Polygon>
    </Placemark>
    <Placemark>
      <name>8766a5c72ffffff</name>
      <styleUrl>#h3_poly_style</styleUrl>
      <Polygon>
        <outerBoundaryIs>
          <LinearRing>
            <coordinates>-79.87253741055201,9.362012469696271,0 -79.88031497109397,9.35216250419105,0 -79.87490524169502,9.340740938114132,0 -79.86171760676257,9.339170417804764,0 -79.85394067332118,9.349021437723088,0 -79.85935074734044,9.360441923494843,0 -79.87253741055201,9.362012469696271,0</coordinates>
          </LinearRing>
        </outerBoundaryIs>
      </Polygon>
    </Placemark>
    <Placemark>
      <name>8766b530cffffff</name>
      <styleUrl>#h3_poly_style</styleUrl>
      <Polygon>
        <outerBoundaryIs>
          <LinearRing>
            <coordinates>-82.38290415968866,8.687608749345877,0 -82.39081242556772,8.677599644909934,0 -82.3854604833665,8.666100645158435,0 -82.37219974583263,8.664611695446371,0 -82.36429188329897,8.674621903397933,0 -82.36964435457912,8.686119957474007,0 -82.38290415968866,8.687608749345877,0</coordinates>
          </LinearRing>
        </outerBoundaryIs>
      </Polygon>
    </Placemark>
    <Placemark>
      <name>8766a0368ffffff</name>
      <styleUrl>#h3_poly_style</styleUrl>
      <Polygon>
        <outerBoundaryIs>
          <LinearRing>
            <coordinates>-80.28079467401899,8.402152879772348,0 -80.28861684422368,8.392167701052879,0 -80.28320025898796,8.380621707487418,0 -80.26996112639735,8.379061949675872,0 -80.26213955085389,8.389048178362955,0 -80.26755651286436,8.40059311484711,0 -80.28079467401899,8.402152879772348,0</coordinates>
          </LinearRing>
        </outerBoundaryIs>
      </Polygon>
    </Placemark>
    <Placemark>
      <name>8766a2198ffffff</name>
      <styleUrl>#h3_poly_style</styleUrl>
      <Polygon>
        <outerBoundaryIs>
          <LinearRing>
            <coordinates>-81.9248160550411,8.297390428131182,0 -81.93271566418557,8.287345940222844,0 -81.92734274397476,8.275792417397911,0 -81.91406971701947,8.274284350379855,0 -81.90617055422238,8.284329925673605,0 -81.91154397165664,8.29588248053366,0 -81.9248160550411,8.297390428131182,0</coordinates>
          </LinearRing>
        </outerBoundaryIs>
      </Polygon>
    </Placemark>
    <Placemark>
      <name>8766a5912ffffff</name>
      <styleUrl>#h3_poly_style</styleUrl>
      <Polygon>
        <outerBoundaryIs>
          <LinearRing>
            <coordinates>-79.58846594018385,9.575509905901159,0 -79.59622340491526,9.565697727553824,0 -79.59081091123333,9.554304415728879,0 -79.5776406290661,9.552724377013462,0 -79.56988381549637,9.562537606098884,0 -79.57529663256241,9.573929823122029,0 -79.58846594018385,9.575509905901159,0</coordinates>
          </LinearRing>
        </outerBoundaryIs>
      </Polygon>
    </Placemark>
    <Placemark>
      <name>8766b5052ffffff</name>
      <styleUrl>#h3_poly_style</styleUrl>
      <Polygon>
        <outerBoundaryIs>
          <LinearRing>
            <coordinates>-82.63246784970327,8.791770310158372,0 -82.6403831296071,8.781767600973428,0 -82.6350410430991,8.77028474235422,0 -82.62178312964264,8.768805525751418,0 -82.61386822992715,8.778809345555045,0 -82.61921086310585,8.790291271267932,0 -82.63246784970327,8.791770310158372,0</coordinates>
          </LinearRing>
        </outerBoundaryIs>
      </Polygon>
    </Placemark>
    <Placemark>
      <name>8766a03a9ffffff</name>
      <styleUrl>#h3_poly_style</styleUrl>
      <Polygon>
        <outerBoundaryIs>
          <LinearRing>
            <coordinates>-80.54020114071325,8.421718331056754,0 -80.54803547985163,8.41172766309846,0 -80.54262579760635,8.400184485521523,0 -80.52938138007671,8.39863301915393,0 -80.52154761231687,8.40862474355189,0 -80.52695769033238,8.420166877827748,0 -80.54020114071325,8.421718331056754,0</coordinates>
          </LinearRing>
        </outerBoundaryIs>
      </Polygon>
    </Placemark>
    <Placemark>
      <name>8766a39b3ffffff</name>
      <styleUrl>#h3_poly_style</styleUrl>
      <Polygon>
        <outerBoundaryIs>
          <LinearRing>
            <coordinates>-80.83885486557539,8.095886287957558,0 -80.84671155720685,8.08584695343223,0 -80.84130408926549,8.074262970129496,0 -80.82803951078736,8.072719347026858,0 -80.82018336483151,8.082759739934009,0 -80.82559125130095,8.094342697508637,0 -80.83885486557539,8.095886287957558,0</coordinates>
          </LinearRing>
        </outerBoundaryIs>
      </Polygon>
    </Placemark>
    <Placemark>
      <name>876613d34ffffff</name>
      <styleUrl>#h3_poly_style</styleUrl>
      <Polygon>
        <outerBoundaryIs>
          <LinearRing>
            <coordinates>-78.1390231622804,8.35070690663606,0 -78.14673000318612,8.340788018862872,0 -78.14126714091378,8.329242244784608,0 -78.12809721834188,8.327616528150704,0 -78.12039115970222,8.337536413835702,0 -78.1258542409993,8.349081018222382,0 -78.1390231622804,8.35070690663606,0</coordinates>
          </LinearRing>
        </outerBoundaryIs>
      </Polygon>
    </Placemark>
    <Placemark>
      <name>8766a3b64ffffff</name>
      <styleUrl>#h3_poly_style</styleUrl>
      <Polygon>
        <outerBoundaryIs>
          <LinearRing>
            <coordinates>-80.25000119353824,7.774674353710177,0 -80.25783752177777,7.76461326827304,0 -80.25240930980529,7.752988665606334,0 -80.23914439320073,7.751426204314253,0 -80.23130866477038,7.76148832838509,0 -80.23673725275778,7.773111875068349,0 -80.25000119353824,7.774674353710177,0</coordinates>
          </LinearRing>
        </outerBoundaryIs>
      </Polygon>
    </Placemark>
    <Placemark>
      <name>8766a5652ffffff</name>
      <styleUrl>#h3_poly_style</styleUrl>
      <Polygon>
        <outerBoundaryIs>
          <LinearRing>
            <coordinates>-79.83426730899491,8.621484551798556,0 -79.84206146048493,8.611541006053278,0 -79.83663792816469,8.600022941026777,0 -79.82341990052758,8.598449503096145,0 -79.8156263825222,8.60839409168207,0 -79.82105025829547,8.619911075316342,0 -79.83426730899491,8.621484551798556,0</coordinates>
          </LinearRing>
        </outerBoundaryIs>
      </Polygon>
    </Placemark>
    <Placemark>
      <name>8766b5740ffffff</name>
      <styleUrl>#h3_poly_style</styleUrl>
      <Polygon>
        <outerBoundaryIs>
          <LinearRing>
            <coordinates>-82.71662383295714,8.594093068395598,0 -82.7245473145558,8.584064496660057,0 -82.7192046146442,8.572556176609272,0 -82.70593787934996,8.571077355233816,0 -82.6980147706818,8.58110703702341,0 -82.70335802400287,8.592614430058706,0 -82.71662383295714,8.594093068395598,0</coordinates>
          </LinearRing>
        </outerBoundaryIs>
      </Polygon>
    </Placemark>
    <Placemark>
      <name>8766a6693ffffff</name>
      <styleUrl>#h3_poly_style</styleUrl>
      <Polygon>
        <outerBoundaryIs>
          <LinearRing>
            <coordinates>-82.03936261789177,8.866562666660503,0 -82.04725256935534,8.856584281656806,0 -82.04189293063325,8.845106220096973,0 -82.0286428363761,8.843607508620375,0 -82.02075331919268,8.853586991477403,0 -82.02611346161186,8.865064087889614,0 -82.03936261789177,8.866562666660503,0</coordinates>
          </LinearRing>
        </outerBoundaryIs>
      </Polygon>
    </Placemark>
    <Placemark>
      <name>8766a3b6cffffff</name>
      <styleUrl>#h3_poly_style</styleUrl>
      <Polygon>
        <outerBoundaryIs>
          <LinearRing>
            <coordinates>-80.21502088978109,7.7266091154642895,0 -80.22285667759569,7.716543264514759,0 -80.21742676863342,7.704912764427348,0 -80.20416069793042,7.703349172875096,0 -80.19632551324297,7.713416060739671,0 -80.20175579575358,7.725045503195953,0 -80.21502088978109,7.7266091154642895,0</coordinates>
          </LinearRing>
        </outerBoundaryIs>
      </Polygon>
    </Placemark>
    <Placemark>
      <name>8766a1c30ffffff</name>
      <styleUrl>#h3_poly_style</styleUrl>
      <Polygon>
        <outerBoundaryIs>
          <LinearRing>
            <coordinates>-80.09851392831254,8.413346573628392,0 -80.10632673214559,8.403368465054141,0 -80.10090586590758,8.391823814840214,0 -80.08767183211036,8.39025833998603,0 -80.07985963914469,8.400237494369687,0 -80.08528086873376,8.411781077753458,0 -80.09851392831254,8.413346573628392,0</coordinates>
          </LinearRing>
        </outerBoundaryIs>
      </Polygon>
    </Placemark>
    <Placemark>
      <name>8766b5862ffffff</name>
      <styleUrl>#h3_poly_style</styleUrl>
      <Polygon>
        <outerBoundaryIs>
          <LinearRing>
            <coordinates>-82.36137227406697,9.206597065424917,0 -82.36926652936002,9.196652094711679,0 -82.36392281066092,9.185222467426259,0 -82.35068431052304,9.183738760525028,0 -82.34279045919969,9.19368484056426,0 -82.34813470367169,9.205113518106725,0 -82.36137227406697,9.206597065424917,0</coordinates>
          </LinearRing>
        </outerBoundaryIs>
      </Polygon>
    </Placemark>
    <Placemark>
      <name>8766a572bffffff</name>
      <styleUrl>#h3_poly_style</styleUrl>
      <Polygon>
        <outerBoundaryIs>
          <LinearRing>
            <coordinates>-79.80821295766293,8.85719614109786,0 -79.81599986890578,8.847283352307448,0 -79.81057983477186,8.835795624231478,0 -79.79737254800085,8.834221768107952,0 -79.78958627158474,8.844135602726228,0 -79.79500664674002,8.85562224759862,0 -79.80821295766293,8.85719614109786,0</coordinates>
          </LinearRing>
        </outerBoundaryIs>
      </Polygon>
    </Placemark>
    <Placemark>
      <name>8766b5048ffffff</name>
      <styleUrl>#h3_poly_style</styleUrl>
      <Polygon>
        <outerBoundaryIs>
          <LinearRing>
            <coordinates>-82.5157202790794,8.7569547859953,0 -82.52363196363258,8.746950753876915,0 -82.51828547968165,8.735462149467574,0 -82.50502677240041,8.733978516066571,0 -82.49711547883673,8.743983655668464,0 -82.50246250119055,8.755471321114355,0 -82.5157202790794,8.7569547859953,0</coordinates>
          </LinearRing>
        </outerBoundaryIs>
      </Polygon>
    </Placemark>
    <Placemark>
      <name>8766b192effffff</name>
      <styleUrl>#h3_poly_style</styleUrl>
      <Polygon>
        <outerBoundaryIs>
          <LinearRing>
            <coordinates>-82.56194884634985,8.369248830350616,0 -82.5698721342809,8.359197112195666,0 -82.56452051612587,8.347657782894602,0 -82.55124506659268,8.346171105452061,0 -82.54332216637049,8.356223927027692,0 -82.54867432759706,8.367762322551423,0 -82.56194884634985,8.369248830350616,0</coordinates>
          </LinearRing>
        </outerBoundaryIs>
      </Polygon>
    </Placemark>
    <Placemark>
      <name>8766a3c42ffffff</name>
      <styleUrl>#h3_poly_style</styleUrl>
      <Polygon>
        <outerBoundaryIs>
          <LinearRing>
            <coordinates>-80.98775405881672,7.849927699750519,0 -80.99562383280484,7.839854563094438,0 -80.99021615478492,7.828240033785391,0 -80.97693827227808,7.826699657292208,0 -80.96906903134679,7.836773851834471,0 -80.9744771394873,7.848387364928824,0 -80.98775405881672,7.849927699750519,0</coordinates>
          </LinearRing>
        </outerBoundaryIs>
      </Polygon>
    </Placemark>
    <Placemark>
      <name>8766a5c70ffffff</name>
      <styleUrl>#h3_poly_style</styleUrl>
      <Polygon>
        <outerBoundaryIs>
          <LinearRing>
            <coordinates>-79.85157446936611,9.370290097658994,0 -79.85935074734044,9.360441923494843,0 -79.85394067332118,9.349021437723088,0 -79.84075397788791,9.347450207459596,0 -79.83297832882701,9.357299435667667,0 -79.83838874591478,9.368718840052733,0 -79.85157446936611,9.370290097658994,0</coordinates>
          </LinearRing>
        </outerBoundaryIs>
      </Polygon>
    </Placemark>
    <Placemark>
      <name>8766b59adffffff</name>
      <styleUrl>#h3_poly_style</styleUrl>
      <Polygon>
        <outerBoundaryIs>
          <LinearRing>
            <coordinates>-82.54456030934485,9.356906136295834,0 -82.55245786781096,9.346975008079529,0 -82.54712261305419,9.33556765837994,0 -82.53388926106169,9.334092377617472,0 -82.52599208944368,9.344024620966842,0 -82.53132788259799,9.355431029871399,0 -82.54456030934485,9.356906136295834,0</coordinates>
          </LinearRing>
        </outerBoundaryIs>
      </Polygon>
    </Placemark>
    <Placemark>
      <name>8766a3c58ffffff</name>
      <styleUrl>#h3_poly_style</styleUrl>
      <Polygon>
        <outerBoundaryIs>
          <LinearRing>
            <coordinates>-80.99267860159758,7.806547005070223,0 -81.00054968953627,7.796468549183404,0 -80.99514139932057,7.784848617957616,0 -80.98186159018687,7.783308158237824,0 -80.973991035006,7.7933876713926695,0 -80.97939975582264,7.805006586944353,0 -80.99267860159758,7.806547005070223,0</coordinates>
          </LinearRing>
        </outerBoundaryIs>
      </Polygon>
    </Placemark>
    <Placemark>
      <name>8766a236cffffff</name>
      <styleUrl>#h3_poly_style</styleUrl>
      <Polygon>
        <outerBoundaryIs>
          <LinearRing>
            <coordinates>-81.31270420973016,8.008246550058248,0 -81.32058474302305,7.998183508996492,0 -81.315188844491,7.9865898825256805,0 -81.30191195880076,7.985060296514646,0 -81.29403192854913,7.995124405919639,0 -81.29942828056873,8.006717032933516,0 -81.31270420973016,8.008246550058248,0</coordinates>
          </LinearRing>
        </outerBoundaryIs>
      </Polygon>
    </Placemark>
    <Placemark>
      <name>8766b192affffff</name>
      <styleUrl>#h3_poly_style</styleUrl>
      <Polygon>
        <outerBoundaryIs>
          <LinearRing>
            <coordinates>-82.56452051612587,8.347657782894602,0 -82.57244444936426,8.337603435596689,0 -82.56709254591941,8.326061307749113,0 -82.55381616552879,8.324574460601005,0 -82.54589261981609,8.334629911079826,0 -82.55124506659268,8.346171105452061,0 -82.56452051612587,8.347657782894602,0</coordinates>
          </LinearRing>
        </outerBoundaryIs>
      </Polygon>
    </Placemark>
    <Placemark>
      <name>8766b5262ffffff</name>
      <styleUrl>#h3_poly_style</styleUrl>
      <Polygon>
        <outerBoundaryIs>
          <LinearRing>
            <coordinates>-82.30258522112959,8.514978284239119,0 -82.31049468415027,8.50495035701411,0 -82.30513722869125,8.493427923568502,0 -82.2918697859693,8.49193436617361,0 -82.28396073410761,8.501963392745552,0 -82.28931871343349,8.513484877294568,0 -82.30258522112959,8.514978284239119,0</coordinates>
          </LinearRing>
        </outerBoundaryIs>
      </Polygon>
    </Placemark>
    <Placemark>
      <name>8766a514dffffff</name>
      <styleUrl>#h3_poly_style</styleUrl>
      <Polygon>
        <outerBoundaryIs>
          <LinearRing>
            <coordinates>-79.50047563201798,9.101737422676688,0 -79.508240329534,9.091866483579848,0 -79.50281758846563,9.08041068304469,0 -79.48962983158933,9.078826921008364,0 -79.48186579494879,9.088698902369694,0 -79.4872888539378,9.100153603464808,0 -79.50047563201798,9.101737422676688,0</coordinates>
          </LinearRing>
        </outerBoundaryIs>
      </Polygon>
    </Placemark>
    <Placemark>
      <name>8766b5913ffffff</name>
      <styleUrl>#h3_poly_style</styleUrl>
      <Polygon>
        <outerBoundaryIs>
          <LinearRing>
            <coordinates>-82.54199836320957,9.378238999922253,0 -82.54989528039458,9.368310591800663,0 -82.54456030934485,9.356906136295834,0 -82.53132788259799,9.355431029871399,0 -82.52343135244203,9.365360553294638,0 -82.52876686163191,9.376764067766468,0 -82.54199836320957,9.378238999922253,0</coordinates>
          </LinearRing>
        </outerBoundaryIs>
      </Polygon>
    </Placemark>
    <Placemark>
      <name>8766a5ab6ffffff</name>
      <styleUrl>#h3_poly_style</styleUrl>
      <Polygon>
        <outerBoundaryIs>
          <LinearRing>
            <coordinates>-79.47952547512742,9.11002274388074,0 -79.4872888539378,9.100153603464808,0 -79.48186579494879,9.088698902369694,0 -79.46867904041139,9.087114442178597,0 -79.46091632427664,9.096984624494446,0 -79.46633969963248,9.108438225063681,0 -79.47952547512742,9.11002274388074,0</coordinates>
          </LinearRing>
        </outerBoundaryIs>
      </Polygon>
    </Placemark>
    <Placemark>
      <name>8766a5066ffffff</name>
      <styleUrl>#h3_poly_style</styleUrl>
      <Polygon>
        <outerBoundaryIs>
          <LinearRing>
            <coordinates>-79.56568685388658,9.055531069917581,0 -79.57345615421825,9.045651911844537,0 -79.56803405600257,9.034190037976318,0 -79.55484233428362,9.03260841818454,0 -79.54707368930431,9.042488619361844,0 -79.55249611031996,9.053949397187875,0 -79.56568685388658,9.055531069917581,0</coordinates>
          </LinearRing>
        </outerBoundaryIs>
      </Polygon>
    </Placemark>
    <Placemark>
      <name>876610415ffffff</name>
      <styleUrl>#h3_poly_style</styleUrl>
      <Polygon>
        <outerBoundaryIs>
          <LinearRing>
            <coordinates>-78.22893372070098,8.827945115669722,0 -78.23663406131395,8.818084620251215,0 -78.2311811591113,8.806597912973848,0 -78.21802769096197,8.804972866053967,0 -78.21032812254674,8.814834369871319,0 -78.21578124971532,8.826319912187635,0 -78.22893372070098,8.827945115669722,0</coordinates>
          </LinearRing>
        </outerBoundaryIs>
      </Polygon>
    </Placemark>
    <Placemark>
      <name>8766b52a9ffffff</name>
      <styleUrl>#h3_poly_style</styleUrl>
      <Polygon>
        <outerBoundaryIs>
          <LinearRing>
            <coordinates>-82.50671963545284,8.494223049284889,0 -82.51463762850311,8.48418758524117,0 -82.50928635472083,8.472664151482547,0 -82.49601654885251,8.471177119381942,0 -82.48809894827744,8.48121368726373,0 -82.49345076072028,8.492736183334834,0 -82.50671963545284,8.494223049284889,0</coordinates>
          </LinearRing>
        </outerBoundaryIs>
      </Polygon>
    </Placemark>
    <Placemark>
      <name>8766b1d45ffffff</name>
      <styleUrl>#h3_poly_style</styleUrl>
      <Polygon>
        <outerBoundaryIs>
          <LinearRing>
            <coordinates>-82.88007986858256,8.24054097092734,0 -82.8880184077449,8.230466613179464,0 -82.88267512242734,8.218913424208113,0 -82.86939273115964,8.217435508273264,0 -82.8614545506882,8.227510975118802,0 -82.86679840241811,8.239063248724191,0 -82.88007986858256,8.24054097092734,0</coordinates>
          </LinearRing>
        </outerBoundaryIs>
      </Polygon>
    </Placemark>
    <Placemark>
      <name>8766b5b19ffffff</name>
      <styleUrl>#h3_poly_style</styleUrl>
      <Polygon>
        <outerBoundaryIs>
          <LinearRing>
            <coordinates>-82.24398773035199,9.00911958927897,0 -82.2518823444816,8.999153319667387,0 -82.24653151980745,8.987695986114613,0 -82.2332855626385,8.986205877078673,0 -82.2253913637208,8.996173251024453,0 -82.23074270638647,9.007629629601437,0 -82.24398773035199,9.00911958927897,0</coordinates>
          </LinearRing>
        </outerBoundaryIs>
      </Polygon>
    </Placemark>
    <Placemark>
      <name>8766a5173ffffff</name>
      <styleUrl>#h3_poly_style</styleUrl>
      <Polygon>
        <outerBoundaryIs>
          <LinearRing>
            <coordinates>-79.59351546896853,9.16689501115713,0 -79.60128344555955,9.157029292630899,0 -79.59586391614606,9.145581946990145,0 -79.58267608516167,9.144001414488276,0 -79.57490876101116,9.153868178357987,0 -79.58032861503327,9.165314429346843,0 -79.59351546896853,9.16689501115713,0</coordinates>
          </LinearRing>
        </outerBoundaryIs>
      </Polygon>
    </Placemark>
    <Placemark>
      <name>8766a5cddffffff</name>
      <styleUrl>#h3_poly_style</styleUrl>
      <Polygon>
        <outerBoundaryIs>
          <LinearRing>
            <coordinates>-79.96828639647521,9.22240551174451,0 -79.97607234581635,9.212534229425865,0 -79.97066243382439,9.20109428450422,0 -79.95746622017964,9.199526697145952,0 -79.94968089005401,9.209399034201098,0 -79.95509115398569,9.220837903834168,0 -79.96828639647521,9.22240551174451,0</coordinates>
          </LinearRing>
        </outerBoundaryIs>
      </Polygon>
    </Placemark>
    <Placemark>
      <name>8766a2111ffffff</name>
      <styleUrl>#h3_poly_style</styleUrl>
      <Polygon>
        <outerBoundaryIs>
          <LinearRing>
            <coordinates>-81.79278489863331,8.391716695017623,0 -81.80067659979068,8.381686998295617,0 -81.79530130990311,8.370144859810383,0 -81.78203383114435,8.368633393708468,0 -81.77414258812193,8.378664176070698,0 -81.77951836534704,8.390205338829748,0 -81.79278489863331,8.391716695017623,0</coordinates>
          </LinearRing>
        </outerBoundaryIs>
      </Polygon>
    </Placemark>
    <Placemark>
      <name>8766a5c18ffffff</name>
      <styleUrl>#h3_poly_style</styleUrl>
      <Polygon>
        <outerBoundaryIs>
          <LinearRing>
            <coordinates>-79.97263439017092,9.363141570714992,0 -79.98041702551161,9.353288355713008,0 -79.97500967257933,9.341867044906952,0 -79.9618193319966,9.340300024203392,0 -79.95403731492537,9.350154295918651,0 -79.959445019796,9.361574531580155,0 -79.97263439017092,9.363141570714992,0</coordinates>
          </LinearRing>
        </outerBoundaryIs>
      </Polygon>
    </Placemark>
    <Placemark>
      <name>8766a6581ffffff</name>
      <styleUrl>#h3_poly_style</styleUrl>
      <Polygon>
        <outerBoundaryIs>
          <LinearRing>
            <coordinates>-82.18222219413899,9.359572043921322,0 -82.19010543933199,9.349650922808236,0 -82.18475871122764,9.338240447687339,0 -82.17152822517289,9.33675205350747,0 -82.16364539988335,9.34667428158093,0 -82.16899264037262,9.358083796803802,0 -82.18222219413899,9.359572043921322,0</coordinates>
          </LinearRing>
        </outerBoundaryIs>
      </Polygon>
    </Placemark>
    <Placemark>
      <name>8766b560cffffff</name>
      <styleUrl>#h3_poly_style</styleUrl>
      <Polygon>
        <outerBoundaryIs>
          <LinearRing>
            <coordinates>-82.82776486224623,8.508215300580048,0 -82.83569468030583,8.49817383200217,0 -82.8303542076092,8.486655250787168,0 -82.81708335478535,8.485179058426022,0 -82.80915389962509,8.495221638519059,0 -82.81449493401473,8.506739299381174,0 -82.82776486224623,8.508215300580048,0</coordinates>
          </LinearRing>
        </outerBoundaryIs>
      </Polygon>
    </Placemark>
    <Placemark>
      <name>8766a5556ffffff</name>
      <styleUrl>#h3_poly_style</styleUrl>
      <Polygon>
        <outerBoundaryIs>
          <LinearRing>
            <coordinates>-80.05937662243974,9.125188506735064,0 -80.06716961949824,9.115301680679282,0 -80.06176018733701,9.10384902937966,0 -80.04855739891507,9.10228427455459,0 -80.0407650134025,9.1121721561144,0 -80.0461748043935,9.1236237369504,0 -80.05937662243974,9.125188506735064,0</coordinates>
          </LinearRing>
        </outerBoundaryIs>
      </Polygon>
    </Placemark>
    <Placemark>
      <name>876616786ffffff</name>
      <styleUrl>#h3_poly_style</styleUrl>
      <Polygon>
        <outerBoundaryIs>
          <LinearRing>
            <coordinates>-79.00523236887871,9.23610340960059,0 -79.01296689101792,9.226267544655242,0 -79.0075359702036,9.214830079816501,0 -78.99437024555229,9.213229604774995,0 -78.98663642686321,9.223066502516257,0 -78.992067629006,9.234502842470988,0 -79.00523236887871,9.23610340960059,0</coordinates>
          </LinearRing>
        </outerBoundaryIs>
      </Polygon>
    </Placemark>
    <Placemark>
      <name>8766a512bffffff</name>
      <styleUrl>#h3_poly_style</styleUrl>
      <Polygon>
        <outerBoundaryIs>
          <LinearRing>
            <coordinates>-79.62837626679155,9.214243545514444,0 -79.63614488629585,9.20438276244485,0 -79.63072696848728,9.192941614841,0 -79.61754010373897,9.19136234313151,0 -79.60977213341663,9.201224173012161,0 -79.61519037828943,9.212664227751526,0 -79.62837626679155,9.214243545514444,0</coordinates>
          </LinearRing>
        </outerBoundaryIs>
      </Polygon>
    </Placemark>
    <Placemark>
      <name>8766a5182ffffff</name>
      <styleUrl>#h3_poly_style</styleUrl>
      <Polygon>
        <outerBoundaryIs>
          <LinearRing>
            <coordinates>-79.85427477505026,9.165652861524164,0 -79.86205632734942,9.155778088987274,0 -79.85664274337887,9.144330587834366,0 -79.84344726301792,9.142758940330896,0 -79.83566634022537,9.152634764202626,0 -79.84108026791525,9.164081184200572,0 -79.85427477505026,9.165652861524164,0</coordinates>
          </LinearRing>
        </outerBoundaryIs>
      </Polygon>
    </Placemark>
    <Placemark>
      <name>8766a2c18ffffff</name>
      <styleUrl>#h3_poly_style</styleUrl>
      <Polygon>
        <outerBoundaryIs>
          <LinearRing>
            <coordinates>-82.03756518519857,8.53963362831613,0 -82.04546333186202,8.529615427873875,0 -82.04009802084349,8.51809419686419,0 -82.02683405816309,8.516592129616626,0 -82.01893634685538,8.526611423541082,0 -82.02430216249675,8.538131691163068,0 -82.03756518519857,8.53963362831613,0</coordinates>
          </LinearRing>
        </outerBoundaryIs>
      </Polygon>
    </Placemark>
    <Placemark>
      <name>8766a0a5effffff</name>
      <styleUrl>#h3_poly_style</styleUrl>
      <Polygon>
        <outerBoundaryIs>
          <LinearRing>
            <coordinates>-80.2218719970145,8.569523645393506,0 -80.22968705647534,8.559561156755668,0 -80.22427191596391,8.548036502384836,0 -80.2110413435706,8.546475397368969,0 -80.2032268833862,8.55643893719492,0 -80.20864239594393,8.567962530802323,0 -80.2218719970145,8.569523645393506,0</coordinates>
          </LinearRing>
        </outerBoundaryIs>
      </Polygon>
    </Placemark>
    <Placemark>
      <name>8766b564effffff</name>
      <styleUrl>#h3_poly_style</styleUrl>
      <Polygon>
        <outerBoundaryIs>
          <LinearRing>
            <coordinates>-82.71866144182887,8.408635065700684,0 -82.72658970028262,8.398584310383727,0 -82.72124389865137,8.387051566507191,0 -82.70796928397876,8.385570503405704,0 -82.70004139871064,8.39562236635648,0 -82.70538775455435,8.407154184699339,0 -82.71866144182887,8.408635065700684,0</coordinates>
          </LinearRing>
        </outerBoundaryIs>
      </Polygon>
    </Placemark>
    <Placemark>
      <name>8766a5b80ffffff</name>
      <styleUrl>#h3_poly_style</styleUrl>
      <Polygon>
        <outerBoundaryIs>
          <LinearRing>
            <coordinates>-79.40968475559936,9.198775275565236,0 -79.41744219405034,9.188920090748253,0 -79.41201915573916,9.177477053523367,0 -79.39883836754126,9.17589030521748,0 -79.39108159749641,9.185746531596076,0 -79.39650494687265,9.197188464681906,0 -79.40968475559936,9.198775275565236,0</coordinates>
          </LinearRing>
        </outerBoundaryIs>
      </Polygon>
    </Placemark>
    <Placemark>
      <name>8766a5a9effffff</name>
      <styleUrl>#h3_poly_style</styleUrl>
      <Polygon>
        <outerBoundaryIs>
          <LinearRing>
            <coordinates>-79.4702744220714,9.011644653858111,0 -79.47803977048098,9.001763119809791,0 -79.4726147883752,8.990295627927013,0 -79.45942414160005,8.988710771018125,0 -79.45165945709726,8.9985933453152,0 -79.4570847550913,9.01005973623481,0 -79.4702744220714,9.011644653858111,0</coordinates>
          </LinearRing>
        </outerBoundaryIs>
      </Polygon>
    </Placemark>
    <Placemark>
      <name>8766b501effffff</name>
      <styleUrl>#h3_poly_style</styleUrl>
      <Polygon>
        <outerBoundaryIs>
          <LinearRing>
            <coordinates>-82.72544664832593,8.856534364432306,0 -82.7333638030845,8.846537217169145,0 -82.72802588458852,8.83506394288377,0 -82.71477025784795,8.833588744114913,0 -82.70685347458246,8.843587004935923,0 -82.71219194619091,8.855059350891988,0 -82.72544664832593,8.856534364432306,0</coordinates>
          </LinearRing>
        </outerBoundaryIs>
      </Polygon>
    </Placemark>
    <Placemark>
      <name>8766b5aedffffff</name>
      <styleUrl>#h3_poly_style</styleUrl>
      <Polygon>
        <outerBoundaryIs>
          <LinearRing>
            <coordinates>-82.18991627801498,8.785678266264853,0 -82.19781438700142,8.775686020724844,0 -82.19245802837293,8.764198404517003,0 -82.17920304555018,8.76270399042172,0 -82.17130535731658,8.772697336266717,0 -82.17666223077833,8.784183995832224,0 -82.18991627801498,8.785678266264853,0</coordinates>
          </LinearRing>
        </outerBoundaryIs>
      </Polygon>
    </Placemark>
    <Placemark>
      <name>8766a3534ffffff</name>
      <styleUrl>#h3_poly_style</styleUrl>
      <Polygon>
        <outerBoundaryIs>
          <LinearRing>
            <coordinates>-81.29522545321792,7.808551328590031,0 -81.30311021986431,7.798464941883934,0 -81.29771039247072,7.786846128567305,0 -81.2844253452681,7.785314701004181,0 -81.27654108389447,7.79540215234549,0 -81.28194136407225,7.807019966556171,0 -81.29522545321792,7.808551328590031,0</coordinates>
          </LinearRing>
        </outerBoundaryIs>
      </Polygon>
    </Placemark>
    <Placemark>
      <name>876612b1cffffff</name>
      <styleUrl>#h3_poly_style</styleUrl>
      <Polygon>
        <outerBoundaryIs>
          <LinearRing>
            <coordinates>-78.37442561201634,8.586002673446252,0 -78.38214048259893,8.576105349271984,0 -78.37668595696178,8.564587330890056,0 -78.36351632433922,8.56296779422807,0 -78.35580221469156,8.572866126115775,0 -78.36125697636227,8.584382986928416,0 -78.37442561201634,8.586002673446252,0</coordinates>
          </LinearRing>
        </outerBoundaryIs>
      </Polygon>
    </Placemark>
    <Placemark>
      <name>8766a56dcffffff</name>
      <styleUrl>#h3_poly_style</styleUrl>
      <Polygon>
        <outerBoundaryIs>
          <LinearRing>
            <coordinates>-79.92308394873416,8.545035951002484,0 -79.93088456758196,8.535079898520841,0 -79.92546179023198,8.52355203131528,0 -79.91223804350781,8.52198129306777,0 -79.90443805058821,8.53193838928898,0 -79.90986117809031,8.543465179975474,0 -79.92308394873416,8.545035951002484,0</coordinates>
          </LinearRing>
        </outerBoundaryIs>
      </Polygon>
    </Placemark>
    <Placemark>
      <name>8766b521affffff</name>
      <styleUrl>#h3_poly_style</styleUrl>
      <Polygon>
        <outerBoundaryIs>
          <LinearRing>
            <coordinates>-82.48553380542994,8.502770105778218,0 -82.49345076072028,8.492736183334834,0 -82.48809894827744,8.48121368726373,0 -82.47482964306428,8.479726052459993,0 -82.46691308217403,8.489761078361802,0 -82.47226543172164,8.501282635535935,0 -82.48553380542994,8.502770105778218,0</coordinates>
          </LinearRing>
        </outerBoundaryIs>
      </Polygon>
    </Placemark>
    <Placemark>
      <name>8766a3812ffffff</name>
      <styleUrl>#h3_poly_style</styleUrl>
      <Polygon>
        <outerBoundaryIs>
          <LinearRing>
            <coordinates>-80.7528179848543,7.965302837725764,0 -80.76067390315019,7.955250156340034,0 -80.75526188915096,7.94364957875734,0 -80.74199354392108,7.94210271219899,0 -80.73413817952269,7.9521564477333975,0 -80.73955060607906,7.963755995625291,0 -80.7528179848543,7.965302837725764,0</coordinates>
          </LinearRing>
        </outerBoundaryIs>
      </Polygon>
    </Placemark>
    <Placemark>
      <name>8766b56deffffff</name>
      <styleUrl>#h3_poly_style</styleUrl>
      <Polygon>
        <outerBoundaryIs>
          <LinearRing>
            <coordinates>-82.92815334351423,8.344438267117361,0 -82.93609101970377,8.334375056629243,0 -82.93075112620164,8.32283593018416,0 -82.91747298664893,8.321360927740885,0 -82.90953566447503,8.331425249890986,0 -82.91487612746322,8.342963462744457,0 -82.92815334351423,8.344438267117361,0</coordinates>
          </LinearRing>
        </outerBoundaryIs>
      </Polygon>
    </Placemark>
    <Placemark>
      <name>8766b5065ffffff</name>
      <styleUrl>#h3_poly_style</styleUrl>
      <Polygon>
        <outerBoundaryIs>
          <LinearRing>
            <coordinates>-82.50289965647403,8.864335292754802,0 -82.51080812195222,8.854344626378236,0 -82.50546306382421,8.842870228328168,0 -82.49220900273313,8.841387436901433,0 -82.48430092915041,8.851379211805138,0 -82.48964652438941,8.862852669535027,0 -82.50289965647403,8.864335292754802,0</coordinates>
          </LinearRing>
        </outerBoundaryIs>
      </Polygon>
    </Placemark>
    <Placemark>
      <name>8766a504affffff</name>
      <styleUrl>#h3_poly_style</styleUrl>
      <Polygon>
        <outerBoundaryIs>
          <LinearRing>
            <coordinates>-79.55880658156194,8.935713761669586,0 -79.56657851687008,8.925819416496719,0 -79.56115417277319,8.91434199007993,0 -79.54795757045234,8.912760005107412,0 -79.54018629160691,8.92265539146081,0 -79.5456109582476,8.934131721567594,0 -79.55880658156194,8.935713761669586,0</coordinates>
          </LinearRing>
        </outerBoundaryIs>
      </Polygon>
    </Placemark>
    <Placemark>
      <name>8766a3902ffffff</name>
      <styleUrl>#h3_poly_style</styleUrl>
      <Polygon>
        <outerBoundaryIs>
          <LinearRing>
            <coordinates>-80.67483090460026,8.120566804795269,0 -80.6826792372263,8.110535196393858,0 -80.67726784645802,8.09895400407415,0 -80.6640077162635,8.097405454832707,0 -80.65615994401095,8.107438118079843,0 -80.66157174120247,8.119018275671326,0 -80.67483090460026,8.120566804795269,0</coordinates>
          </LinearRing>
        </outerBoundaryIs>
      </Polygon>
    </Placemark>
    <Placemark>
      <name>8766b1928ffffff</name>
      <styleUrl>#h3_poly_style</styleUrl>
      <Polygon>
        <outerBoundaryIs>
          <LinearRing>
            <coordinates>-82.54332216637049,8.356223927027692,0 -82.55124506659268,8.346171105452061,0 -82.54589261981609,8.334629911079826,0 -82.53261673066726,8.33314247290526,0 -82.52469421989996,8.343196397283354,0 -82.53004720845095,8.354736656960009,0 -82.54332216637049,8.356223927027692,0</coordinates>
          </LinearRing>
        </outerBoundaryIs>
      </Polygon>
    </Placemark>
    <Placemark>
      <name>8766b5386ffffff</name>
      <styleUrl>#h3_poly_style</styleUrl>
      <Polygon>
        <outerBoundaryIs>
          <LinearRing>
            <coordinates>-82.58694555256885,8.666867848851531,0 -82.59486226160583,8.656851168095868,0 -82.58951654894078,8.645351256649267,0 -82.57625358302785,8.643868960417871,0 -82.56833725866608,8.653886749157792,0 -82.57368351516757,8.665385726070598,0 -82.58694555256885,8.666867848851531,0</coordinates>
          </LinearRing>
        </outerBoundaryIs>
      </Polygon>
    </Placemark>
    <Placemark>
      <name>876610586ffffff</name>
      <styleUrl>#h3_poly_style</styleUrl>
      <Polygon>
        <outerBoundaryIs>
          <LinearRing>
            <coordinates>-78.33830474608372,8.927891622639036,0 -78.34600902372061,8.918040065428713,0 -78.3405598402938,8.906565438468842,0 -78.32740614600226,8.904943527971463,0 -78.31970263071895,8.91479609778601,0 -78.32515204700569,8.926269565470161,0 -78.33830474608372,8.927891622639036,0</coordinates>
          </LinearRing>
        </outerBoundaryIs>
      </Polygon>
    </Placemark>
    <Placemark>
      <name>87661381cffffff</name>
      <styleUrl>#h3_poly_style</styleUrl>
      <Polygon>
        <outerBoundaryIs>
          <LinearRing>
            <coordinates>-77.72240829049153,8.125028003887948,0 -77.73009554174337,8.115095815481475,0 -77.72462173076484,8.103525745156631,0 -77.71146047958419,8.101889054391624,0 -77.70377404721515,8.111822226405412,0 -77.70924804677607,8.12339110556197,0 -77.72240829049153,8.125028003887948,0</coordinates>
          </LinearRing>
        </outerBoundaryIs>
      </Polygon>
    </Placemark>
    <Placemark>
      <name>8766b5356ffffff</name>
      <styleUrl>#h3_poly_style</styleUrl>
      <Polygon>
        <outerBoundaryIs>
          <LinearRing>
            <coordinates>-82.36940244934553,8.631594237773081,0 -82.37731160274609,8.621578697273199,0 -82.37195826959459,8.610072172980624,0 -82.3586952543723,8.608582135162338,0 -82.3507865056999,8.618598778130947,0 -82.35614036714672,8.63010435637738,0 -82.36940244934553,8.631594237773081,0</coordinates>
          </LinearRing>
        </outerBoundaryIs>
      </Polygon>
    </Placemark>
    <Placemark>
      <name>8766b5620ffffff</name>
      <styleUrl>#h3_poly_style</styleUrl>
      <Polygon>
        <outerBoundaryIs>
          <LinearRing>
            <coordinates>-82.83860501434641,8.585844643290468,0 -82.84653326601453,8.57581218458508,0 -82.84119448170206,8.564303979676607,0 -82.82792688315568,8.562829153741488,0 -82.8199989932082,8.572862725228022,0 -82.82533833971219,8.584370009791458,0 -82.83860501434641,8.585844643290468,0</coordinates>
          </LinearRing>
        </outerBoundaryIs>
      </Polygon>
    </Placemark>
    <Placemark>
      <name>8766a14b2ffffff</name>
      <styleUrl>#h3_poly_style</styleUrl>
      <Polygon>
        <outerBoundaryIs>
          <LinearRing>
            <coordinates>-80.448301676977,7.984510779560454,0 -80.45614251220192,7.974469256534753,0 -80.45072291386637,7.962870716893052,0 -80.43746208981388,7.961314746530816,0 -80.42962183582274,7.971357316670644,0 -80.43504182427314,7.982954810010043,0 -80.448301676977,7.984510779560454,0</coordinates>
          </LinearRing>
        </outerBoundaryIs>
      </Polygon>
    </Placemark>
    <Placemark>
      <name>8766a215bffffff</name>
      <styleUrl>#h3_poly_style</styleUrl>
      <Polygon>
        <outerBoundaryIs>
          <LinearRing>
            <coordinates>-81.6486289988499,8.244030989733947,0 -81.65651828936593,8.233987290571868,0 -81.65113617325834,8.22242526127544,0 -81.63786428895133,8.220907913716532,0 -81.62997547015766,8.230952692925005,0 -81.63535806357176,8.242513739582925,0 -81.6486289988499,8.244030989733947,0</coordinates>
          </LinearRing>
        </outerBoundaryIs>
      </Polygon>
    </Placemark>
    <Placemark>
      <name>87661045affffff</name>
      <styleUrl>#h3_poly_style</styleUrl>
      <Polygon>
        <outerBoundaryIs>
          <LinearRing>
            <coordinates>-78.10540270006489,8.672014422025173,0 -78.11309958866029,8.66213828207303,0 -78.10764177879669,8.65063269989816,0 -78.0944868638711,8.64900442905694,0 -78.08679075879436,8.658881571847239,0 -78.09224878475672,8.670385982620255,0 -78.10540270006489,8.672014422025173,0</coordinates>
          </LinearRing>
        </outerBoundaryIs>
      </Polygon>
    </Placemark>
    <Placemark>
      <name>8766a5b45ffffff</name>
      <styleUrl>#h3_poly_style</styleUrl>
      <Polygon>
        <outerBoundaryIs>
          <LinearRing>
            <coordinates>-79.11207020067984,9.173609746844383,0 -79.11981216505181,9.16376184697559,0 -79.11438234913128,9.152315995347319,0 -79.1012102791867,9.150719163003597,0 -79.09346900927397,9.160568097215407,0 -79.09889911447668,9.172012829394552,0 -79.11207020067984,9.173609746844383,0</coordinates>
          </LinearRing>
        </outerBoundaryIs>
      </Polygon>
    </Placemark>
    <Placemark>
      <name>8766a39a4ffffff</name>
      <styleUrl>#h3_poly_style</styleUrl>
      <Polygon>
        <outerBoundaryIs>
          <LinearRing>
            <coordinates>-80.77305951951206,8.142971782264288,0 -80.7809119413839,8.132940055184054,0 -80.7755035306846,8.121361878661922,0 -80.76224228416105,8.119816458699278,0 -80.75439041373464,8.129849243347753,0 -80.75979923800936,8.141426390338065,0 -80.77305951951206,8.142971782264288,0</coordinates>
          </LinearRing>
        </outerBoundaryIs>
      </Polygon>
    </Placemark>
    <Placemark>
      <name>8766b5a99ffffff</name>
      <styleUrl>#h3_poly_style</styleUrl>
      <Polygon>
        <outerBoundaryIs>
          <LinearRing>
            <coordinates>-82.4098935566296,8.799527919431394,0 -82.41780004525519,8.789531716316567,0 -82.41245088480886,8.778047818642742,0 -82.39919470471987,8.776561068928663,0 -82.39128861667787,8.78655837761643,0 -82.39663830776703,8.798041330373032,0 -82.4098935566296,8.799527919431394,0</coordinates>
          </LinearRing>
        </outerBoundaryIs>
      </Polygon>
    </Placemark>
    <Placemark>
      <name>8766a5183ffffff</name>
      <styleUrl>#h3_poly_style</styleUrl>
      <Polygon>
        <outerBoundaryIs>
          <LinearRing>
            <coordinates>-79.83566634022537,9.152634764202626,0 -79.84344726301792,9.142758940330896,0 -79.83803301832718,9.131309721144225,0 -79.82483750808694,9.129737407897153,0 -79.81705721649463,9.139614282493914,0 -79.82247180357041,9.151062419570545,0 -79.83566634022537,9.152634764202626,0</coordinates>
          </LinearRing>
        </outerBoundaryIs>
      </Polygon>
    </Placemark>
    <Placemark>
      <name>8766a159bffffff</name>
      <styleUrl>#h3_poly_style</styleUrl>
      <Polygon>
        <outerBoundaryIs>
          <LinearRing>
            <coordinates>-80.40368724597084,8.023105564544098,0 -80.41152493989418,8.013070057042686,0 -80.40610487564028,8.001476313787634,0 -80.39284673035034,7.999919126888664,0 -80.38500962152047,8.009955681081847,0 -80.39043007251007,8.0215483754342,0 -80.40368724597084,8.023105564544098,0</coordinates>
          </LinearRing>
        </outerBoundaryIs>
      </Polygon>
    </Placemark>
    <Placemark>
      <name>8766a14d4ffffff</name>
      <styleUrl>#h3_poly_style</styleUrl>
      <Polygon>
        <outerBoundaryIs>
          <LinearRing>
            <coordinates>-80.31993792232062,7.870730354021278,0 -80.32777531255024,7.860678818185309,0 -80.32235050479194,7.849066075494004,0 -80.3090879254863,7.84750592127516,0 -80.30125112843253,7.857558499148247,0 -80.30667631713116,7.869170189156172,0 -80.31993792232062,7.870730354021278,0</coordinates>
          </LinearRing>
        </outerBoundaryIs>
      </Polygon>
    </Placemark>
    <Placemark>
      <name>8766a5022ffffff</name>
      <styleUrl>#h3_poly_style</styleUrl>
      <Polygon>
        <outerBoundaryIs>
          <LinearRing>
            <coordinates>-79.69831736636361,9.125440889576542,0 -79.70609186382173,9.115566216010539,0 -79.70067398076013,9.104113413423084,0 -79.68748126748972,9.102536373571617,0 -79.67970741343817,9.112412094311978,0 -79.68512562887878,9.123863807688979,0 -79.69831736636361,9.125440889576542,0</coordinates>
          </LinearRing>
        </outerBoundaryIs>
      </Polygon>
    </Placemark>
    <Placemark>
      <name>8766a3948ffffff</name>
      <styleUrl>#h3_poly_style</styleUrl>
      <Polygon>
        <outerBoundaryIs>
          <LinearRing>
            <coordinates>-80.48808268344919,7.9891762538342945,0 -80.49592533461185,7.979134126990261,0 -80.49050683303736,7.967536199943732,0 -80.47724528689234,7.965981443864843,0 -80.46940321337384,7.976024618864,0 -80.47482210797895,7.987621501737903,0 -80.48808268344919,7.9891762538342945,0</coordinates>
          </LinearRing>
        </outerBoundaryIs>
      </Polygon>
    </Placemark>
    <Placemark>
      <name>8766a3935ffffff</name>
      <styleUrl>#h3_poly_style</styleUrl>
      <Polygon>
        <outerBoundaryIs>
          <LinearRing>
            <coordinates>-80.66752216634524,8.185372633889767,0 -80.6753685274713,8.175349140955927,0 -80.66995806460955,8.163776123916644,0 -80.65670083452633,8.162227635197748,0 -80.64885503419944,8.172252183857115,0 -80.65426590277987,8.183824165458496,0 -80.66752216634524,8.185372633889767,0</coordinates>
          </LinearRing>
        </outerBoundaryIs>
      </Polygon>
    </Placemark>
    <Placemark>
      <name>876616792ffffff</name>
      <styleUrl>#h3_poly_style</styleUrl>
      <Polygon>
        <outerBoundaryIs>
          <LinearRing>
            <coordinates>-79.06794069609852,9.211387719613734,0 -79.07567929383856,9.201546346171229,0 -79.07024922630043,9.19010551306353,0 -79.05708027467848,9.188507175056756,0 -79.04934237506086,9.198349582377462,0 -79.05477272857316,9.209789293793865,0 -79.06794069609852,9.211387719613734,0</coordinates>
          </LinearRing>
        </outerBoundaryIs>
      </Polygon>
    </Placemark>
    <Placemark>
      <name>8766a5a05ffffff</name>
      <styleUrl>#h3_poly_style</styleUrl>
      <Polygon>
        <outerBoundaryIs>
          <LinearRing>
            <coordinates>-79.25851942461921,9.115794762354716,0 -79.26627081025566,9.10593411320785,0 -79.26084306273019,9.094480455468632,0 -79.24766362905854,9.09288855877387,0 -79.23991292538858,9.10275024479701,0 -79.24534097305326,9.114202790603528,0 -79.25851942461921,9.115794762354716,0</coordinates>
          </LinearRing>
        </outerBoundaryIs>
      </Polygon>
    </Placemark>
    <Placemark>
      <name>8766b59a5ffffff</name>
      <styleUrl>#h3_poly_style</styleUrl>
      <Polygon>
        <outerBoundaryIs>
          <LinearRing>
            <coordinates>-82.57912860715994,9.403987501538442,0 -82.58702629321623,9.394061325684678,0 -82.58169296943849,9.382660784647717,0 -82.56846141852412,9.38118735858988,0 -82.56056411603905,9.391114650854618,0 -82.56589798052532,9.402514252691589,0 -82.57912860715994,9.403987501538442,0</coordinates>
          </LinearRing>
        </outerBoundaryIs>
      </Polygon>
    </Placemark>
    <Placemark>
      <name>8766a3856ffffff</name>
      <styleUrl>#h3_poly_style</styleUrl>
      <Polygon>
        <outerBoundaryIs>
          <LinearRing>
            <coordinates>-80.61960626289792,7.8948968936352655,0 -80.6274576090236,7.884839530301842,0 -80.62204087786665,7.8732299649906325,0 -80.60877239725997,7.8716787995056805,0 -80.60092161729159,7.881737212569535,0 -80.60633875139486,7.893345741337379,0 -80.61960626289792,7.8948968936352655,0</coordinates>
          </LinearRing>
        </outerBoundaryIs>
      </Polygon>
    </Placemark>
    <Placemark>
      <name>8766a215dffffff</name>
      <styleUrl>#h3_poly_style</styleUrl>
      <Polygon>
        <outerBoundaryIs>
          <LinearRing>
            <coordinates>-81.62496467721026,8.27415358015863,0 -81.63285219253959,8.264114135418358,0 -81.6274698965479,8.252555852612536,0 -81.61419960935852,8.251037998593805,0 -81.6063125678176,8.261078523271669,0 -81.61169533930085,8.272635821967873,0 -81.62496467721026,8.27415358015863,0</coordinates>
          </LinearRing>
        </outerBoundaryIs>
      </Polygon>
    </Placemark>
    <Placemark>
      <name>876610654ffffff</name>
      <styleUrl>#h3_poly_style</styleUrl>
      <Polygon>
        <outerBoundaryIs>
          <LinearRing>
            <coordinates>-77.87231227682216,8.415439313885816,0 -77.88000150711163,8.405538766183614,0 -77.87453523929989,8.39400295594643,0 -77.86137954155586,8.392368876870723,0 -77.85369111592291,8.402270417287918,0 -77.85915758300985,8.413805044048699,0 -77.87231227682216,8.415439313885816,0</coordinates>
          </LinearRing>
        </outerBoundaryIs>
      </Polygon>
    </Placemark>
    <Placemark>
      <name>8766a0a40ffffff</name>
      <styleUrl>#h3_poly_style</styleUrl>
      <Polygon>
        <outerBoundaryIs>
          <LinearRing>
            <coordinates>-80.17739101683853,8.607796670447419,0 -80.18520290346726,8.597840377248074,0 -80.1797873346363,8.586320600459816,0 -80.16655951011197,8.584758180056882,0 -80.15874822657341,8.594715523982185,0 -80.1641641640945,8.606234237538674,0 -80.17739101683853,8.607796670447419,0</coordinates>
          </LinearRing>
        </outerBoundaryIs>
      </Polygon>
    </Placemark>
    <Placemark>
      <name>8766a02f0ffffff</name>
      <styleUrl>#h3_poly_style</styleUrl>
      <Polygon>
        <outerBoundaryIs>
          <LinearRing>
            <coordinates>-80.54094434404703,8.23617869417431,0 -80.54878336856602,8.226165153117847,0 -80.54337049495496,8.21459836634911,0 -80.53011820015405,8.213046163074027,0 -80.52227974762556,8.223060757647081,0 -80.52769301753109,8.234626501928751,0 -80.54094434404703,8.23617869417431,0</coordinates>
          </LinearRing>
        </outerBoundaryIs>
      </Polygon>
    </Placemark>
    <Placemark>
      <name>8766a3345ffffff</name>
      <styleUrl>#h3_poly_style</styleUrl>
      <Polygon>
        <outerBoundaryIs>
          <LinearRing>
            <coordinates>-80.43893374582143,7.345431231090076,0 -80.44679007975148,7.335313424176004,0 -80.44135921387988,7.3236363758989755,0 -80.42807162268768,7.322078177577725,0 -80.42021587320477,7.332197019852982,0 -80.42564713008746,7.343873025040397,0 -80.43893374582143,7.345431231090076,0</coordinates>
          </LinearRing>
        </outerBoundaryIs>
      </Polygon>
    </Placemark>
    <Placemark>
      <name>8766a5ce8ffffff</name>
      <styleUrl>#h3_poly_style</styleUrl>
      <Polygon>
        <outerBoundaryIs>
          <LinearRing>
            <coordinates>-79.9029824396304,9.268600790820816,0 -79.91076390291128,9.258737676424206,0 -79.90535325578017,9.247303770901695,0 -79.89216079794026,9.245734058431383,0 -79.88437995945374,9.255598226690488,0 -79.88979095364114,9.267031053514321,0 -79.9029824396304,9.268600790820816,0</coordinates>
          </LinearRing>
        </outerBoundaryIs>
      </Polygon>
    </Placemark>
    <Placemark>
      <name>8766b520affffff</name>
      <styleUrl>#h3_poly_style</styleUrl>
      <Polygon>
        <outerBoundaryIs>
          <LinearRing>
            <coordinates>-82.42454599348343,8.50684941328338,0 -82.43246046890333,8.49681747811252,0 -82.42710676299959,8.485294991721487,0 -82.41383804860601,8.483805382661805,0 -82.4059239731766,8.493838419920944,0 -82.41127821177501,8.505359964079208,0 -82.42454599348343,8.50684941328338,0</coordinates>
          </LinearRing>
        </outerBoundaryIs>
      </Polygon>
    </Placemark>
    <Placemark>
      <name>8766a3b65ffffff</name>
      <styleUrl>#h3_poly_style</styleUrl>
      <Polygon>
        <outerBoundaryIs>
          <LinearRing>
            <coordinates>-80.23130866477038,7.76148832838509,0 -80.23914439320073,7.751426204314253,0 -80.23371548994581,7.7397999854673145,0 -80.22045048321559,7.738236947575301,0 -80.21261535631955,7.748300109587219,0 -80.21804463424175,7.759925271504356,0 -80.23130866477038,7.76148832838509,0</coordinates>
          </LinearRing>
        </outerBoundaryIs>
      </Polygon>
    </Placemark>
    <Placemark>
      <name>8766b5350ffffff</name>
      <styleUrl>#h3_poly_style</styleUrl>
      <Polygon>
        <outerBoundaryIs>
          <LinearRing>
            <coordinates>-82.3507865056999,8.618598778130947,0 -82.3586952543723,8.608582135162338,0 -82.35334110536463,8.597073737281972,0 -82.34007768031275,8.595582929266172,0 -82.33216933810895,8.605600674098383,0 -82.33752401411347,8.61710812501129,0 -82.3507865056999,8.618598778130947,0</coordinates>
          </LinearRing>
        </outerBoundaryIs>
      </Polygon>
    </Placemark>
    <Placemark>
      <name>8766a51a4ffffff</name>
      <styleUrl>#h3_poly_style</styleUrl>
      <Polygon>
        <outerBoundaryIs>
          <LinearRing>
            <coordinates>-79.80523536751924,9.246168834427479,0 -79.8130123775004,9.236306130530995,0 -79.8075990592084,9.224869202394643,0 -79.79440839061319,9.223296061853347,0 -79.78663201413198,9.23315981706521,0 -79.79204567237457,9.244595661461082,0 -79.80523536751924,9.246168834427479,0</coordinates>
          </LinearRing>
        </outerBoundaryIs>
      </Polygon>
    </Placemark>
    <Placemark>
      <name>8766a509dffffff</name>
      <styleUrl>#h3_poly_style</styleUrl>
      <Polygon>
        <outerBoundaryIs>
          <LinearRing>
            <coordinates>-79.85460927266179,8.981877101883915,0 -79.86239544930783,8.971978698983966,0 -79.85697866800686,8.960507156740395,0 -79.84377536553657,8.958935098308743,0 -79.83598981911351,8.968834549948149,0 -79.84140694456522,8.98030501123752,0 -79.85460927266179,8.981877101883915,0</coordinates>
          </LinearRing>
        </outerBoundaryIs>
      </Polygon>
    </Placemark>
    <Placemark>
      <name>876610784ffffff</name>
      <styleUrl>#h3_poly_style</styleUrl>
      <Polygon>
        <outerBoundaryIs>
          <LinearRing>
            <coordinates>-78.07265163459961,8.602967588036448,0 -78.08034828066744,8.593083720487538,0 -78.0748886918039,8.581569717803294,0 -78.06173224272148,8.579940755765668,0 -78.05403638331231,8.589825624172192,0 -78.059496185959,8.601338453738883,0 -78.07265163459961,8.602967588036448,0</coordinates>
          </LinearRing>
        </outerBoundaryIs>
      </Polygon>
    </Placemark>
    <Placemark>
      <name>8766b530effffff</name>
      <styleUrl>#h3_poly_style</styleUrl>
      <Polygon>
        <outerBoundaryIs>
          <LinearRing>
            <coordinates>-82.4040727486084,8.679087817246144,0 -82.41198206113307,8.669077149174916,0 -82.40663064956495,8.657577204943067,0 -82.39336939446437,8.656088873190631,0 -82.3854604833665,8.666100645158435,0 -82.39081242556772,8.677599644909934,0 -82.4040727486084,8.679087817246144,0</coordinates>
          </LinearRing>
        </outerBoundaryIs>
      </Polygon>
    </Placemark>
    <Placemark>
      <name>8766a045affffff</name>
      <styleUrl>#h3_poly_style</styleUrl>
      <Polygon>
        <outerBoundaryIs>
          <LinearRing>
            <coordinates>-81.0755084735942,8.494953128357016,0 -81.08336608151296,8.48495574145407,0 -81.07797193184561,8.473423432564218,0 -81.06471973911641,8.471889525463979,0 -81.05686265414012,8.481887982590289,0 -81.06225723857465,8.493419276536994,0 -81.0755084735942,8.494953128357016,0</coordinates>
          </LinearRing>
        </outerBoundaryIs>
      </Polygon>
    </Placemark>
    <Placemark>
      <name>8766b52d3ffffff</name>
      <styleUrl>#h3_poly_style</styleUrl>
      <Polygon>
        <outerBoundaryIs>
          <LinearRing>
            <coordinates>-82.51955682639202,8.386374071699608,0 -82.52747804602667,8.376325411063068,0 -82.52212534328561,8.364787950535478,0 -82.50885088057703,8.363300086785005,0 -82.50093005250797,8.373349850084937,0 -82.50628329520633,8.384886374398665,0 -82.51955682639202,8.386374071699608,0</coordinates>
          </LinearRing>
        </outerBoundaryIs>
      </Polygon>
    </Placemark>
    <Placemark>
      <name>8766b50ebffffff</name>
      <styleUrl>#h3_poly_style</styleUrl>
      <Polygon>
        <outerBoundaryIs>
          <LinearRing>
            <coordinates>-82.64018850836484,8.72729709363113,0 -82.6481057176973,8.717286398315068,0 -82.64276278036465,8.705795020846926,0 -82.62950208587434,8.704315270686278,0 -82.62158525617824,8.714327075991394,0 -82.62692874096193,8.725817521393195,0 -82.64018850836484,8.72729709363113,0</coordinates>
          </LinearRing>
        </outerBoundaryIs>
      </Polygon>
    </Placemark>
    <Placemark>
      <name>8766b52abffffff</name>
      <styleUrl>#h3_poly_style</styleUrl>
      <Polygon>
        <outerBoundaryIs>
          <LinearRing>
            <coordinates>-82.52790700066892,8.48567384794882,0 -82.53582602944307,8.475636844565095,0 -82.5304752958771,8.464112474329479,0 -82.51720499294545,8.462626043881126,0 -82.50928635472083,8.472664151482547,0 -82.51463762850311,8.48418758524117,0 -82.52790700066892,8.48567384794882,0</coordinates>
          </LinearRing>
        </outerBoundaryIs>
      </Polygon>
    </Placemark>
    <Placemark>
      <name>8766b53b1ffffff</name>
      <styleUrl>#h3_poly_style</styleUrl>
      <Polygon>
        <outerBoundaryIs>
          <LinearRing>
            <coordinates>-82.5843749156156,8.688378953369522,0 -82.59229098081728,8.67836492987224,0 -82.58694555256885,8.666867848851531,0 -82.57368351516757,8.665385726070598,0 -82.56576783482417,8.675400857768826,0 -82.57111380664935,8.6868970039728,0 -82.5843749156156,8.688378953369522,0</coordinates>
          </LinearRing>
        </outerBoundaryIs>
      </Polygon>
    </Placemark>
    <Placemark>
      <name>8766a50edffffff</name>
      <styleUrl>#h3_poly_style</styleUrl>
      <Polygon>
        <outerBoundaryIs>
          <LinearRing>
            <coordinates>-79.63798729887353,8.94519675358834,0 -79.64576315889958,8.935300932754451,0 -79.64034075990818,8.923824672558188,0 -79.6271421721817,8.92224532535479,0 -79.61936696161919,8.932142189353927,0 -79.62478968894744,8.94361735735165,0 -79.63798729887353,8.94519675358834,0</coordinates>
          </LinearRing>
        </outerBoundaryIs>
      </Polygon>
    </Placemark>
    <Placemark>
      <name>8766a14b4ffffff</name>
      <styleUrl>#h3_poly_style</styleUrl>
      <Polygon>
        <outerBoundaryIs>
          <LinearRing>
            <coordinates>-80.42478296909489,8.014626635447955,0 -80.43262190520659,8.004589469885454,0 -80.42720222926191,7.992994678908454,0 -80.41394322851929,7.9914381011676285,0 -80.40610487564028,8.001476313787634,0 -80.41152493989418,8.013070057042686,0 -80.42478296909489,8.014626635447955,0</coordinates>
          </LinearRing>
        </outerBoundaryIs>
      </Polygon>
    </Placemark>
    <Placemark>
      <name>8766b5000ffffff</name>
      <styleUrl>#h3_poly_style</styleUrl>
      <Polygon>
        <outerBoundaryIs>
          <LinearRing>
            <coordinates>-82.68053069789828,8.895033274892418,0 -82.68844518079781,8.885041907612028,0 -82.68310644041367,8.873573343869248,0 -82.66985266700034,8.8720970783172,0 -82.66193855962615,8.882089558587861,0 -82.66727784976648,8.893557191344827,0 -82.68053069789828,8.895033274892418,0</coordinates>
          </LinearRing>
        </outerBoundaryIs>
      </Polygon>
    </Placemark>
    <Placemark>
      <name>8766a3972ffffff</name>
      <styleUrl>#h3_poly_style</styleUrl>
      <Polygon>
        <outerBoundaryIs>
          <LinearRing>
            <coordinates>-80.57903724906967,8.076521302709734,0 -80.58688210460136,8.066487128321436,0 -80.5814674553465,8.054900246306794,0 -80.56820755068426,8.053348578317467,0 -80.56036326430296,8.06338380452162,0 -80.5657783130565,8.074969646849055,0 -80.57903724906967,8.076521302709734,0</coordinates>
          </LinearRing>
        </outerBoundaryIs>
      </Polygon>
    </Placemark>
    <Placemark>
      <name>8766b5a6dffffff</name>
      <styleUrl>#h3_poly_style</styleUrl>
      <Polygon>
        <outerBoundaryIs>
          <LinearRing>
            <coordinates>-82.04189293063325,8.845106220096973,0 -82.04978352881416,8.83512513423309,0 -82.04442359900328,8.823644239322297,0 -82.03117256668776,8.822145395106356,0 -82.02328240261598,8.832127578608654,0 -82.0286428363761,8.843607508620375,0 -82.04189293063325,8.845106220096973,0</coordinates>
          </LinearRing>
        </outerBoundaryIs>
      </Polygon>
    </Placemark>
    <Placemark>
      <name>8766a3b62ffffff</name>
      <styleUrl>#h3_poly_style</styleUrl>
      <Polygon>
        <outerBoundaryIs>
          <LinearRing>
            <coordinates>-80.27351209789128,7.744486757245502,0 -80.28135034533535,7.734421333409244,0 -80.27592219614675,7.7227930042775474,0 -80.26265542131445,7.721231153482069,0 -80.25481777168748,7.731297615985487,0 -80.26024629869792,7.742924890571006,0 -80.27351209789128,7.744486757245502,0</coordinates>
          </LinearRing>
        </outerBoundaryIs>
      </Polygon>
    </Placemark>
    <Placemark>
      <name>8766a5171ffffff</name>
      <styleUrl>#h3_poly_style</styleUrl>
      <Polygon>
        <outerBoundaryIs>
          <LinearRing>
            <coordinates>-79.5725619481373,9.175178351018522,0 -79.58032861503327,9.165314429346843,0 -79.57490876101116,9.153868178357987,0 -79.56172191666664,9.15228694473849,0 -79.55395590401461,9.16215191138792,0 -79.55937608109198,9.173597066640077,0 -79.5725619481373,9.175178351018522,0</coordinates>
          </LinearRing>
        </outerBoundaryIs>
      </Polygon>
    </Placemark>
    <Placemark>
      <name>8766b5658ffffff</name>
      <styleUrl>#h3_poly_style</styleUrl>
      <Polygon>
        <outerBoundaryIs>
          <LinearRing>
            <coordinates>-82.76106772934943,8.391492023535822,0 -82.76899801633796,8.381438237307362,0 -82.76365332779497,8.369903646028463,0 -82.75037779456699,8.368423763991949,0 -82.74244787689751,8.37847865861316,0 -82.74779312276182,8.390012326802069,0 -82.76106772934943,8.391492023535822,0</coordinates>
          </LinearRing>
        </outerBoundaryIs>
      </Polygon>
    </Placemark>
    <Placemark>
      <name>8766a5b9bffffff</name>
      <styleUrl>#h3_poly_style</styleUrl>
      <Polygon>
        <outerBoundaryIs>
          <LinearRing>
            <coordinates>-79.4376321359247,9.126585882811877,0 -79.44539287183262,9.116720345579433,0 -79.43996918166344,9.105267846620752,0 -79.42678444195528,9.103681987551292,0 -79.41902437231985,9.113548565954947,0 -79.42444837574911,9.124999962219553,0 -79.4376321359247,9.126585882811877,0</coordinates>
          </LinearRing>
        </outerBoundaryIs>
      </Polygon>
    </Placemark>
    <Placemark>
      <name>8766a0399ffffff</name>
      <styleUrl>#h3_poly_style</styleUrl>
      <Polygon>
        <outerBoundaryIs>
          <LinearRing>
            <coordinates>-80.62695906950611,8.366400360037437,0 -80.63479895834077,8.356400266620094,0 -80.62939056545365,8.344850180989667,0 -80.61614188108081,8.34330122715715,0 -80.60830255604064,8.353302378212721,0 -80.61371135120281,8.364851425411569,0 -80.62695906950611,8.366400360037437,0</coordinates>
          </LinearRing>
        </outerBoundaryIs>
      </Polygon>
    </Placemark>
    <Placemark>
      <name>8766a50eaffffff</name>
      <styleUrl>#h3_poly_style</styleUrl>
      <Polygon>
        <outerBoundaryIs>
          <LinearRing>
            <coordinates>-79.67993847378366,8.928560069500648,0 -79.6877169432924,8.918660696660789,0 -79.68229520564653,8.907182255371046,0 -79.6690946666681,8.905604276876856,0 -79.66131684300079,8.915504693612544,0 -79.66673891209813,8.926982044906543,0 -79.67993847378366,8.928560069500648,0</coordinates>
          </LinearRing>
        </outerBoundaryIs>
      </Polygon>
    </Placemark>
    <Placemark>
      <name>8766a5c4cffffff</name>
      <styleUrl>#h3_poly_style</styleUrl>
      <Polygon>
        <outerBoundaryIs>
          <LinearRing>
            <coordinates>-79.77954684417351,9.297033148760569,0 -79.7873212523061,9.287177917169469,0 -79.78190822879351,9.27574768909602,0 -79.7687204588184,9.274173777656163,0 -79.76094668623858,9.284030060664985,0 -79.76636004770984,9.295459203654307,0 -79.77954684417351,9.297033148760569,0</coordinates>
          </LinearRing>
        </outerBoundaryIs>
      </Polygon>
    </Placemark>
    <Placemark>
      <name>8766a56d5ffffff</name>
      <styleUrl>#h3_poly_style</styleUrl>
      <Polygon>
        <outerBoundaryIs>
          <LinearRing>
            <coordinates>-79.93935034369501,8.579606909719388,0 -79.94715092827828,8.569654677779251,0 -79.94172913667236,8.55813122271453,0 -79.92850640883889,8.556561075294429,0 -79.92070644860316,8.566514351902379,0 -79.92612859147918,8.57803673121974,0 -79.93935034369501,8.579606909719388,0</coordinates>
          </LinearRing>
        </outerBoundaryIs>
      </Polygon>
    </Placemark>
    <Placemark>
      <name>8766b1d28ffffff</name>
      <styleUrl>#h3_poly_style</styleUrl>
      <Polygon>
        <outerBoundaryIs>
          <LinearRing>
            <coordinates>-82.97058539650779,8.327258209740402,0 -82.9785250603475,8.317192010476841,0 -82.97318631047555,8.30565106054128,0 -82.95990732379757,8.304177220920314,0 -82.95196801009392,8.314244532604619,0 -82.95730733255724,8.325784571410754,0 -82.97058539650779,8.327258209740402,0</coordinates>
          </LinearRing>
        </outerBoundaryIs>
      </Polygon>
    </Placemark>
    <Placemark>
      <name>8766a0704ffffff</name>
      <styleUrl>#h3_poly_style</styleUrl>
      <Polygon>
        <outerBoundaryIs>
          <LinearRing>
            <coordinates>-80.89540700595681,8.48497224453921,0 -80.9032565707136,8.474978843976746,0 -80.89785734075512,8.463444634333054,0 -80.88460812403679,8.461904849750121,0 -80.87675909850597,8.471899316133166,0 -80.88215875009165,8.483432501224241,0 -80.89540700595681,8.48497224453921,0</coordinates>
          </LinearRing>
        </outerBoundaryIs>
      </Polygon>
    </Placemark>
    <Placemark>
      <name>8766b5660ffffff</name>
      <styleUrl>#h3_poly_style</styleUrl>
      <Polygon>
        <outerBoundaryIs>
          <LinearRing>
            <coordinates>-82.70833522191593,8.494914667568342,0 -82.71626090491412,8.48487443204319,0 -82.71091623591782,8.473352934715113,0 -82.6976453303835,8.471872599580536,0 -82.68972002131568,8.481913943660519,0 -82.69506524347696,8.49343451424472,0 -82.70833522191593,8.494914667568342,0</coordinates>
          </LinearRing>
        </outerBoundaryIs>
      </Polygon>
    </Placemark>
    <Placemark>
      <name>876610603ffffff</name>
      <styleUrl>#h3_poly_style</styleUrl>
      <Polygon>
        <outerBoundaryIs>
          <LinearRing>
            <coordinates>-77.94679413754271,8.468095192280167,0 -77.95448656996389,8.458198622295326,0 -77.94902246972951,8.446668748274032,0 -77.93586573201141,8.445036623851927,0 -77.92817409764815,8.45493418929244,0 -77.93363840257729,8.46646288368125,0 -77.94679413754271,8.468095192280167,0</coordinates>
          </LinearRing>
        </outerBoundaryIs>
      </Polygon>
    </Placemark>
    <Placemark>
      <name>8766162ddffffff</name>
      <styleUrl>#h3_poly_style</styleUrl>
      <Polygon>
        <outerBoundaryIs>
          <LinearRing>
            <coordinates>-78.45443593137253,8.963793035352344,0 -78.46214607015881,8.953941817395393,0 -78.45669964624241,8.9424711832836,0 -78.44354284183075,8.940852920406142,0 -78.43583345527313,8.950705154253566,0 -78.44128012053027,8.962174635062937,0 -78.45443593137253,8.963793035352344,0</coordinates>
          </LinearRing>
        </outerBoundaryIs>
      </Polygon>
    </Placemark>
    <Placemark>
      <name>8766a2404ffffff</name>
      <styleUrl>#h3_poly_style</styleUrl>
      <Polygon>
        <outerBoundaryIs>
          <LinearRing>
            <coordinates>-82.19254594943138,8.25109905946292,0 -82.20045768141769,8.241042274634948,0 -82.19509223829768,8.229484603311212,0 -82.18181454602814,8.227984669809185,0 -82.17390323599572,8.238042547677331,0 -82.17926919590246,8.249599265937906,0 -82.19254594943138,8.25109905946292,0</coordinates>
          </LinearRing>
        </outerBoundaryIs>
      </Polygon>
    </Placemark>
    <Placemark>
      <name>8766a021affffff</name>
      <styleUrl>#h3_poly_style</styleUrl>
      <Polygon>
        <outerBoundaryIs>
          <LinearRing>
            <coordinates>-80.53609308225248,8.279322993637619,0 -80.5439307921034,8.269314894500816,0 -80.53851853983474,8.257753571326198,0 -80.52526818150984,8.256201390174542,0 -80.51743104392698,8.266210543405663,0 -80.52284369202471,8.277770823644278,0 -80.53609308225248,8.279322993637619,0</coordinates>
          </LinearRing>
        </outerBoundaryIs>
      </Polygon>
    </Placemark>
    <Placemark>
      <name>8766a5046ffffff</name>
      <styleUrl>#h3_poly_style</styleUrl>
      <Polygon>
        <outerBoundaryIs>
          <LinearRing>
            <coordinates>-79.5913458998865,9.004539446880209,0 -79.5991178271333,8.994652839018151,0 -79.59369541318439,8.983184313303136,0 -79.58050074682785,8.981603490087577,0 -79.5727294728954,8.991491140904794,0 -79.5781522116333,9.002958571943353,0 -79.5913458998865,9.004539446880209,0</coordinates>
          </LinearRing>
        </outerBoundaryIs>
      </Polygon>
    </Placemark>
    <Placemark>
      <name>8766a16a9ffffff</name>
      <styleUrl>#h3_poly_style</styleUrl>
      <Polygon>
        <outerBoundaryIs>
          <LinearRing>
            <coordinates>-80.06783199142542,7.599286526546877,0 -80.07566356797334,7.58920971573733,0 -80.07022785789827,7.5775637808437555,0 -80.05696020792251,7.575995721673052,0 -80.04912924816938,7.586073563451715,0 -80.05456532121929,7.597718433388392,0 -80.06783199142542,7.599286526546877,0</coordinates>
          </LinearRing>
        </outerBoundaryIs>
      </Polygon>
    </Placemark>
    <Placemark>
      <name>8766a0b5bffffff</name>
      <styleUrl>#h3_poly_style</styleUrl>
      <Polygon>
        <outerBoundaryIs>
          <LinearRing>
            <coordinates>-80.18884229231449,8.68526226249546,0 -80.19665280887467,8.675315336321265,0 -80.19123886606883,8.663805536825388,0 -80.1780140369813,8.66224372629462,0 -80.17020412219266,8.672191704641566,0 -80.17561843434574,8.683700441300525,0 -80.18884229231449,8.68526226249546,0</coordinates>
          </LinearRing>
        </outerBoundaryIs>
      </Polygon>
    </Placemark>
    <Placemark>
      <name>8766b5226ffffff</name>
      <styleUrl>#h3_poly_style</styleUrl>
      <Polygon>
        <outerBoundaryIs>
          <LinearRing>
            <coordinates>-82.43036221254113,8.62753298060797,0 -82.43827385976242,8.617515425560152,0 -82.43292240735184,8.60600889087084,0 -82.41965877464249,8.604520853885113,0 -82.41174752656914,8.614539512766875,0 -82.41709951168235,8.626045104727986,0 -82.43036221254113,8.62753298060797,0</coordinates>
          </LinearRing>
        </outerBoundaryIs>
      </Polygon>
    </Placemark>
    <Placemark>
      <name>8766a3910ffffff</name>
      <styleUrl>#h3_poly_style</styleUrl>
      <Polygon>
        <outerBoundaryIs>
          <LinearRing>
            <coordinates>-80.714609697212,8.125209897682678,0 -80.72245980244162,8.115177699378373,0 -80.71704953808114,8.103597163629283,0 -80.70378875878211,8.102049858734345,0 -80.69593921032752,8.112083112915457,0 -80.70134988401996,8.123662616062838,0 -80.714609697212,8.125209897682678,0</coordinates>
          </LinearRing>
        </outerBoundaryIs>
      </Polygon>
    </Placemark>
    <Placemark>
      <name>8766b586effffff</name>
      <styleUrl>#h3_poly_style</styleUrl>
      <Polygon>
        <outerBoundaryIs>
          <LinearRing>
            <coordinates>-82.3242074265703,9.180769876754255,0 -82.3321008721932,9.170822687958665,0 -82.32675552976957,9.159389214643333,0 -82.31351621816071,9.157903881636772,0 -82.3056231799691,9.16785217861797,0 -82.31096904558208,9.179284700348534,0 -82.3242074265703,9.180769876754255,0</coordinates>
          </LinearRing>
        </outerBoundaryIs>
      </Polygon>
    </Placemark>
    <Placemark>
      <name>8766a5c66ffffff</name>
      <styleUrl>#h3_poly_style</styleUrl>
      <Polygon>
        <outerBoundaryIs>
          <LinearRing>
            <coordinates>-79.80965526479349,9.386837836708613,0 -79.81742897207431,9.376993251057357,0 -79.81201821346961,9.365574929139356,0 -79.79883340724757,9.364002276376842,0 -79.7910603325026,9.373847915334128,0 -79.79647143107282,9.38526515370582,0 -79.80965526479349,9.386837836708613,0</coordinates>
          </LinearRing>
        </outerBoundaryIs>
      </Polygon>
    </Placemark>
    <Placemark>
      <name>8766b52b4ffffff</name>
      <styleUrl>#h3_poly_style</styleUrl>
      <Polygon>
        <outerBoundaryIs>
          <LinearRing>
            <coordinates>-82.61841721391447,8.572223515531542,0 -82.62633752520522,8.562194687294525,0 -82.62099122124572,8.550682542187277,0 -82.60772405919131,8.549200157422613,0 -82.59980412991611,8.559230093143164,0 -82.60515098030501,8.5707413060703,0 -82.61841721391447,8.572223515531542,0</coordinates>
          </LinearRing>
        </outerBoundaryIs>
      </Polygon>
    </Placemark>
    <Placemark>
      <name>876610206ffffff</name>
      <styleUrl>#h3_poly_style</styleUrl>
      <Polygon>
        <outerBoundaryIs>
          <LinearRing>
            <coordinates>-77.54136106279581,8.525976560478677,0 -77.54902724974491,8.516103119988594,0 -77.5435576362266,8.504583711557602,0 -77.53042166061772,8.502938943981892,0 -77.52275630570801,8.51281337133275,0 -77.52822609400225,8.524331579385436,0 -77.54136106279581,8.525976560478677,0</coordinates>
          </LinearRing>
        </outerBoundaryIs>
      </Polygon>
    </Placemark>
    <Placemark>
      <name>8766a1d00ffffff</name>
      <styleUrl>#h3_poly_style</styleUrl>
      <Polygon>
        <outerBoundaryIs>
          <LinearRing>
            <coordinates>-80.04687565921805,8.516179833130197,0 -80.05468328831384,8.506216198345282,0 -80.04926296063877,8.494684637682933,0 -80.0360346441761,8.493117781647362,0 -80.02822763013602,8.503082462649044,0 -80.0336483171283,8.514612953425411,0 -80.04687565921805,8.516179833130197,0</coordinates>
          </LinearRing>
        </outerBoundaryIs>
      </Polygon>
    </Placemark>
    <Placemark>
      <name>8766105b1ffffff</name>
      <styleUrl>#h3_poly_style</styleUrl>
      <Polygon>
        <outerBoundaryIs>
          <LinearRing>
            <coordinates>-78.33604997949638,8.949212201757298,0 -78.34375359581404,8.939363520455705,0 -78.33830474608372,8.927891622639036,0 -78.32515204700569,8.926269565470161,0 -78.31744919312968,8.936119259669631,0 -78.32289827552222,8.947589998116555,0 -78.33604997949638,8.949212201757298,0</coordinates>
          </LinearRing>
        </outerBoundaryIs>
      </Polygon>
    </Placemark>
    <Placemark>
      <name>8766b52f3ffffff</name>
      <styleUrl>#h3_poly_style</styleUrl>
      <Polygon>
        <outerBoundaryIs>
          <LinearRing>
            <coordinates>-82.49323031177546,8.438084488783568,0 -82.50114920313405,8.428042636367186,0 -82.49579653255635,8.41651171716278,0 -82.482524432363,8.415023588323198,0 -82.4746059348604,8.425066543498227,0 -82.47995914331976,8.436596524681159,0 -82.49323031177546,8.438084488783568,0</coordinates>
          </LinearRing>
        </outerBoundaryIs>
      </Polygon>
    </Placemark>
    <Placemark>
      <name>8766b5204ffffff</name>
      <styleUrl>#h3_poly_style</styleUrl>
      <Polygon>
        <outerBoundaryIs>
          <LinearRing>
            <coordinates>-82.43548296078436,8.584479320920313,0 -82.44339589836962,8.574456448627178,0 -82.43804387290383,8.562944274874353,0 -82.42477837625937,8.561455915508573,0 -82.41686583746223,8.571479891186176,0 -82.42221839614645,8.582991122772635,0 -82.43548296078436,8.584479320920313,0</coordinates>
          </LinearRing>
        </outerBoundaryIs>
      </Polygon>
    </Placemark>
    <Placemark>
      <name>8766a38c9ffffff</name>
      <styleUrl>#h3_poly_style</styleUrl>
      <Polygon>
        <outerBoundaryIs>
          <LinearRing>
            <coordinates>-80.63421917544296,7.764814727231527,0 -80.6420744739345,7.754741298314881,0 -80.63665587996596,7.743115591117469,0 -80.62338158277167,7.74156434779607,0 -80.61552684958941,7.751638824542524,0 -80.62094584791396,7.76326349672996,0 -80.63421917544296,7.764814727231527,0</coordinates>
          </LinearRing>
        </outerBoundaryIs>
      </Polygon>
    </Placemark>
    <Placemark>
      <name>876616442ffffff</name>
      <styleUrl>#h3_poly_style</styleUrl>
      <Polygon>
        <outerBoundaryIs>
          <LinearRing>
            <coordinates>-78.99141774258044,9.363624529218768,0 -78.99914831457328,9.353805928750965,0 -78.99371934947058,9.342385177629641,0 -78.98055953192193,9.340784152403916,0 -78.97282966399585,9.350603787181601,0 -78.97825890918284,9.362023412843024,0 -78.99141774258044,9.363624529218768,0</coordinates>
          </LinearRing>
        </outerBoundaryIs>
      </Polygon>
    </Placemark>
    <Placemark>
      <name>8766a502bffffff</name>
      <styleUrl>#h3_poly_style</styleUrl>
      <Polygon>
        <outerBoundaryIs>
          <LinearRing>
            <coordinates>-79.64483827220498,9.065011731862487,0 -79.65261149177047,9.05513108668503,0 -79.64719133902071,9.043670403533085,0 -79.6339976377474,9.042091457462833,0 -79.62622506654223,9.051973147714842,0 -79.63164554787828,9.06343273892279,0 -79.64483827220498,9.065011731862487,0</coordinates>
          </LinearRing>
        </outerBoundaryIs>
      </Polygon>
    </Placemark>
    <Placemark>
      <name>8766a179bffffff</name>
      <styleUrl>#h3_poly_style</styleUrl>
      <Polygon>
        <outerBoundaryIs>
          <LinearRing>
            <coordinates>-80.15893244677882,7.687023417715869,0 -80.16676642003655,7.6769544581110125,0 -80.16133444642509,7.66531914168735,0 -80.14806812967696,7.663753845294333,0 -80.14023476472144,7.673823839722154,0 -80.14566710783402,7.685458095675258,0 -80.15893244677882,7.687023417715869,0</coordinates>
          </LinearRing>
        </outerBoundaryIs>
      </Polygon>
    </Placemark>
    <Placemark>
      <name>8766a0a75ffffff</name>
      <styleUrl>#h3_poly_style</styleUrl>
      <Polygon>
        <outerBoundaryIs>
          <LinearRing>
            <coordinates>-80.19123886606883,8.663805536825388,0 -80.1990500396978,8.653855836808662,0 -80.19363578297245,8.642343274402025,0 -80.18040998266986,8.640781474619413,0 -80.17259941068204,8.650732226541294,0 -80.1780140369813,8.66224372629462,0 -80.19123886606883,8.663805536825388,0</coordinates>
          </LinearRing>
        </outerBoundaryIs>
      </Polygon>
    </Placemark>
    <Placemark>
      <name>8766a2aadffffff</name>
      <styleUrl>#h3_poly_style</styleUrl>
      <Polygon>
        <outerBoundaryIs>
          <LinearRing>
            <coordinates>-81.40728125776414,8.238256089646582,0 -81.41516019957825,8.228218159184872,0 -81.40977095838075,8.21665419849246,0 -81.39650231526392,8.215129163908644,0 -81.38862386716154,8.22516816859156,0 -81.39401356808732,8.236731133576875,0 -81.40728125776414,8.238256089646582,0</coordinates>
          </LinearRing>
        </outerBoundaryIs>
      </Polygon>
    </Placemark>
    <Placemark>
      <name>8766a572cffffff</name>
      <styleUrl>#h3_poly_style</styleUrl>
      <Polygon>
        <outerBoundaryIs>
          <LinearRing>
            <coordinates>-79.80348022276922,8.899980438230864,0 -79.81126581867024,8.890073266433168,0 -79.8058464203504,8.878591080395454,0 -79.79264108517656,8.877017149627646,0 -79.78485612434524,8.886925367777716,0 -79.79027586324537,8.8984064703017,0 -79.80348022276922,8.899980438230864,0</coordinates>
          </LinearRing>
        </outerBoundaryIs>
      </Polygon>
    </Placemark>
    <Placemark>
      <name>8766a030cffffff</name>
      <styleUrl>#h3_poly_style</styleUrl>
      <Polygon>
        <outerBoundaryIs>
          <LinearRing>
            <coordinates>-80.43483903000185,8.463882787828098,0 -80.44266720941492,8.453900539849041,0 -80.43725556399171,8.442362590360162,0 -80.4240153508457,8.440807937888197,0 -80.41618775209258,8.450791240462426,0 -80.4215997854501,8.462328140864669,0 -80.43483903000185,8.463882787828098,0</coordinates>
          </LinearRing>
        </outerBoundaryIs>
      </Polygon>
    </Placemark>
    <Placemark>
      <name>8766a3509ffffff</name>
      <styleUrl>#h3_poly_style</styleUrl>
      <Polygon>
        <outerBoundaryIs>
          <LinearRing>
            <coordinates>-81.20923056525633,7.677608901405632,0 -81.21711475715817,7.667509285088322,0 -81.21171025225942,7.655873876469181,0 -81.19842110822533,7.654339087039048,0 -81.19053742984606,7.6644397636742445,0 -81.19594238159937,7.676074169364265,0 -81.20923056525633,7.677608901405632,0</coordinates>
          </LinearRing>
        </outerBoundaryIs>
      </Polygon>
    </Placemark>
    <Placemark>
      <name>8766a1d24ffffff</name>
      <styleUrl>#h3_poly_style</styleUrl>
      <Polygon>
        <outerBoundaryIs>
          <LinearRing>
            <coordinates>-80.01868700844682,8.589018982993704,0 -80.02649138941244,8.579065383592583,0 -80.0210716506998,8.56754313118041,0 -80.00784717356855,8.565975549703445,0 -80.00004340987448,8.575930195794088,0 -80.00546350566582,8.587451376628323,0 -80.01868700844682,8.589018982993704,0</coordinates>
          </LinearRing>
        </outerBoundaryIs>
      </Polygon>
    </Placemark>
    <Placemark>
      <name>8766a2405ffffff</name>
      <styleUrl>#h3_poly_style</styleUrl>
      <Polygon>
        <outerBoundaryIs>
          <LinearRing>
            <coordinates>-82.17390323599572,8.238042547677331,0 -82.18181454602814,8.227984669809185,0 -82.17644829558579,8.21642517423478,0 -82.16317021925497,8.21492451044685,0 -82.15525933292184,8.224983480723697,0 -82.1606260988437,8.236542022310577,0 -82.17390323599572,8.238042547677331,0</coordinates>
          </LinearRing>
        </outerBoundaryIs>
      </Polygon>
    </Placemark>
    <Placemark>
      <name>8766a5b8bffffff</name>
      <styleUrl>#h3_poly_style</styleUrl>
      <Polygon>
        <outerBoundaryIs>
          <LinearRing>
            <coordinates>-79.37714177426584,9.130102485094794,0 -79.3848991900962,9.12023951834604,0 -79.37947424263473,9.108787548024713,0 -79.36629157015666,9.107199650232094,0 -79.358534825874,9.11706365680599,0 -79.36396008215087,9.12851452131078,0 -79.37714177426584,9.130102485094794,0</coordinates>
          </LinearRing>
        </outerBoundaryIs>
      </Polygon>
    </Placemark>
    <Placemark>
      <name>876613803ffffff</name>
      <styleUrl>#h3_poly_style</styleUrl>
      <Polygon>
        <outerBoundaryIs>
          <LinearRing>
            <coordinates>-77.70156228006766,8.133321443210264,0 -77.70924804677607,8.12339110556197,0 -77.70377404721515,8.111822226405412,0 -77.69061409354381,8.110184877133257,0 -77.68292914744025,8.12011619804524,0 -77.6884033340354,8.131683884951007,0 -77.70156228006766,8.133321443210264,0</coordinates>
          </LinearRing>
        </outerBoundaryIs>
      </Polygon>
    </Placemark>
    <Placemark>
      <name>8766a0a6cffffff</name>
      <styleUrl>#h3_poly_style</styleUrl>
      <Polygon>
        <outerBoundaryIs>
          <LinearRing>
            <coordinates>-80.11428505440338,8.632965962816495,0 -80.12209315362492,8.623014831769812,0 -80.11667648341587,8.611498248086638,0 -80.1034513496128,8.609933862044306,0 -80.09564385899724,8.619886042714318,0 -80.10106089320448,8.631401559758267,0 -80.11428505440338,8.632965962816495,0</coordinates>
          </LinearRing>
        </outerBoundaryIs>
      </Polygon>
    </Placemark>
    <Placemark>
      <name>8766b5302ffffff</name>
      <styleUrl>#h3_poly_style</styleUrl>
      <Polygon>
        <outerBoundaryIs>
          <LinearRing>
            <coordinates>-82.44129357130355,8.705054171156698,0 -82.44920368146252,8.695045712679217,0 -82.44385390831097,8.683549537772544,0 -82.43059349140044,8.682062763910755,0 -82.42268377918877,8.692072327484837,0 -82.42803408556576,8.703567559751505,0 -82.44129357130355,8.705054171156698,0</coordinates>
          </LinearRing>
        </outerBoundaryIs>
      </Polygon>
    </Placemark>
    <Placemark>
      <name>8766b56f1ffffff</name>
      <styleUrl>#h3_poly_style</styleUrl>
      <Polygon>
        <outerBoundaryIs>
          <LinearRing>
            <coordinates>-82.89915297132197,8.417792418048965,0 -82.90708772230742,8.407738546879147,0 -82.90174810167927,8.396208763683761,0 -82.888473162551,8.394733767346068,0 -82.88053876809097,8.40478875049258,0 -82.88587895585904,8.416317617922443,0 -82.89915297132197,8.417792418048965,0</coordinates>
          </LinearRing>
        </outerBoundaryIs>
      </Polygon>
    </Placemark>
    <Placemark>
      <name>8766b501bffffff</name>
      <styleUrl>#h3_poly_style</styleUrl>
      <Polygon>
        <outerBoundaryIs>
          <LinearRing>
            <coordinates>-82.70943150370603,8.822113547720049,0 -82.71734892930458,8.812112621967243,0 -82.71200989262393,8.800634577115657,0 -82.69875287788487,8.799158386906626,0 -82.69083582533284,8.809160425428345,0 -82.69617541409967,8.820637541314435,0 -82.70943150370603,8.822113547720049,0</coordinates>
          </LinearRing>
        </outerBoundaryIs>
      </Polygon>
    </Placemark>
    <Placemark>
      <name>8766a2cf1ffffff</name>
      <styleUrl>#h3_poly_style</styleUrl>
      <Polygon>
        <outerBoundaryIs>
          <LinearRing>
            <coordinates>-82.0451647612874,8.4749989182276,0 -82.05306485242562,8.464972708887256,0 -82.04769866621702,8.453443079321554,0 -82.03443188311246,8.451940621604386,0 -82.02653222681509,8.461967923708341,0 -82.03189891840562,8.473496590697986,0 -82.0451647612874,8.4749989182276,0</coordinates>
          </LinearRing>
        </outerBoundaryIs>
      </Polygon>
    </Placemark>
    <Placemark>
      <name>8766b564cffffff</name>
      <styleUrl>#h3_poly_style</styleUrl>
      <Polygon>
        <outerBoundaryIs>
          <LinearRing>
            <coordinates>-82.69746051344198,8.417203421131504,0 -82.70538775455435,8.407154184699339,0 -82.70004139871064,8.39562236635648,0 -82.6867672487216,8.394140711124333,0 -82.67884038272707,8.40419105481081,0 -82.6841872912286,8.415721946399776,0 -82.69746051344198,8.417203421131504,0</coordinates>
          </LinearRing>
        </outerBoundaryIs>
      </Polygon>
    </Placemark>
    <Placemark>
      <name>8766a5932ffffff</name>
      <styleUrl>#h3_poly_style</styleUrl>
      <Polygon>
        <outerBoundaryIs>
          <LinearRing>
            <coordinates>-79.5628548015327,9.626128193803927,0 -79.57060964873493,9.616323594389563,0 -79.56519746989781,9.604937041163117,0 -79.55203012208275,9.603356183370853,0 -79.54427592806876,9.613161833590686,0 -79.54968842831204,9.624547290757963,0 -79.5628548015327,9.626128193803927,0</coordinates>
          </LinearRing>
        </outerBoundaryIs>
      </Polygon>
    </Placemark>
    <Placemark>
      <name>8766a5a26ffffff</name>
      <styleUrl>#h3_poly_style</styleUrl>
      <Polygon>
        <outerBoundaryIs>
          <LinearRing>
            <coordinates>-79.27247647538891,9.171443289394027,0 -79.2802272248337,9.161589385507698,0 -79.27480074881791,9.150142955059483,0 -79.26162322193153,9.148551539668203,0 -79.25387315299159,9.158406481563434,0 -79.25929993006282,9.16985180080572,0 -79.27247647538891,9.171443289394027,0</coordinates>
          </LinearRing>
        </outerBoundaryIs>
      </Polygon>
    </Placemark>
    <Placemark>
      <name>8766b522effffff</name>
      <styleUrl>#h3_poly_style</styleUrl>
      <Polygon>
        <outerBoundaryIs>
          <LinearRing>
            <coordinates>-82.39568936065034,8.58001334254716,0 -82.40360085334041,8.56999092121932,0 -82.39824747594004,8.558477815956211,0 -82.38498207510929,8.556988076237765,0 -82.37707098487,8.567011599963045,0 -82.38242489263563,8.578523760937335,0 -82.39568936065034,8.58001334254716,0</coordinates>
          </LinearRing>
        </outerBoundaryIs>
      </Polygon>
    </Placemark>
    <Placemark>
      <name>876613c8dffffff</name>
      <styleUrl>#h3_poly_style</styleUrl>
      <Polygon>
        <outerBoundaryIs>
          <LinearRing>
            <coordinates>-78.21227196504272,8.03302920385095,0 -78.2199910004241,8.023067176063684,0 -78.21452386602326,8.01148198587915,0 -78.2013374709858,8.009859989041159,0 -78.19361921318534,8.019823010551018,0 -78.19908657247086,8.031407035155283,0 -78.21227196504272,8.03302920385095,0</coordinates>
          </LinearRing>
        </outerBoundaryIs>
      </Polygon>
    </Placemark>
    <Placemark>
      <name>8766b52e3ffffff</name>
      <styleUrl>#h3_poly_style</styleUrl>
      <Polygon>
        <outerBoundaryIs>
          <LinearRing>
            <coordinates>-82.43222937868661,8.442169780128124,0 -82.44014579137387,8.432129904405043,0 -82.43479122498795,8.420598998433318,0 -82.42151971207014,8.419108909478158,0 -82.41360369883328,8.429149886587037,0 -82.41895879868837,8.440679851192938,0 -82.43222937868661,8.442169780128124,0</coordinates>
          </LinearRing>
        </outerBoundaryIs>
      </Polygon>
    </Placemark>
    <Placemark>
      <name>8766a5c50ffffff</name>
      <styleUrl>#h3_poly_style</styleUrl>
      <Polygon>
        <outerBoundaryIs>
          <LinearRing>
            <coordinates>-79.87727341209187,9.3194637442995,0 -79.88505228356739,9.309608092250475,0 -79.87964192180736,9.298180891971201,0 -79.86645234313896,9.296610423747042,0 -79.85867409851897,9.30646712975222,0 -79.86408480534047,9.31789324998257,0 -79.87727341209187,9.3194637442995,0</coordinates>
          </LinearRing>
        </outerBoundaryIs>
      </Polygon>
    </Placemark>
    <Placemark>
      <name>8766a5108ffffff</name>
      <styleUrl>#h3_poly_style</styleUrl>
      <Polygon>
        <outerBoundaryIs>
          <LinearRing>
            <coordinates>-79.65168408686102,9.184656557656167,0 -79.65945466751539,9.174791137476095,0 -79.654036759317,9.163346101584189,0 -79.64084794125806,9.16176757748422,0 -79.63307800786268,9.171634044597877,0 -79.63849624489592,9.183077988837946,0 -79.65168408686102,9.184656557656167,0</coordinates>
          </LinearRing>
        </outerBoundaryIs>
      </Polygon>
    </Placemark>
    <Placemark>
      <name>8766a07acffffff</name>
      <styleUrl>#h3_poly_style</styleUrl>
      <Polygon>
        <outerBoundaryIs>
          <LinearRing>
            <coordinates>-80.98226989953332,8.429603040736762,0 -80.99012487545933,8.419600309068704,0 -80.98472704265856,8.408059249652942,0 -80.97147380542393,8.406521941496138,0 -80.96361936108018,8.416525740206124,0 -80.96901762201269,8.428065779975656,0 -80.98226989953332,8.429603040736762,0</coordinates>
          </LinearRing>
        </outerBoundaryIs>
      </Polygon>
    </Placemark>
    <Placemark>
      <name>8766b586affffff</name>
      <styleUrl>#h3_poly_style</styleUrl>
      <Polygon>
        <outerBoundaryIs>
          <LinearRing>
            <coordinates>-82.32675552976957,9.159389214643333,0 -82.33464961896352,9.149439311801025,0 -82.329303989667,9.13800296802507,0 -82.31606374735898,9.13651747836365,0 -82.30817006541969,9.146468489204645,0 -82.31351621816071,9.157903881636772,0 -82.32675552976957,9.159389214643333,0</coordinates>
          </LinearRing>
        </outerBoundaryIs>
      </Polygon>
    </Placemark>
    <Placemark>
      <name>8766a0a1bffffff</name>
      <styleUrl>#h3_poly_style</styleUrl>
      <Polygon>
        <outerBoundaryIs>
          <LinearRing>
            <coordinates>-80.3361339133118,8.626512024933463,0 -80.34395318910731,8.616553092907173,0 -80.33854187551093,8.605035885362634,0 -80.32531090545125,8.60347866467305,0 -80.31749221852624,8.613438651452373,0 -80.32290391241573,8.62495480412052,0 -80.3361339133118,8.626512024933463,0</coordinates>
          </LinearRing>
        </outerBoundaryIs>
      </Polygon>
    </Placemark>
    <Placemark>
      <name>8766b56d9ffffff</name>
      <styleUrl>#h3_poly_style</styleUrl>
      <Polygon>
        <outerBoundaryIs>
          <LinearRing>
            <coordinates>-82.89091664192462,8.318409560330194,0 -82.8988536083346,8.308344127131901,0 -82.89351201528832,8.296801219065378,0 -82.88023288854802,8.295324659535165,0 -82.8722962796503,8.305391203166758,0 -82.87763843960543,8.31693319581777,0 -82.89091664192462,8.318409560330194,0</coordinates>
          </LinearRing>
        </outerBoundaryIs>
      </Polygon>
    </Placemark>
    <Placemark>
      <name>8766a2a56ffffff</name>
      <styleUrl>#h3_poly_style</styleUrl>
      <Polygon>
        <outerBoundaryIs>
          <LinearRing>
            <coordinates>-81.2903583601345,8.202913425054698,0 -81.29823300579675,8.192874413722333,0 -81.29283982303343,8.181305435210705,0 -81.27957154293851,8.179776469816836,0 -81.27169740172172,8.189816552040023,0 -81.27709103577736,8.20138452870745,0 -81.2903583601345,8.202913425054698,0</coordinates>
          </LinearRing>
        </outerBoundaryIs>
      </Polygon>
    </Placemark>
    <Placemark>
      <name>8766b5045ffffff</name>
      <styleUrl>#h3_poly_style</styleUrl>
      <Polygon>
        <outerBoundaryIs>
          <LinearRing>
            <coordinates>-82.52919206893475,8.812885955828646,0 -82.53710285525852,8.802888372346331,0 -82.53175776599788,8.79140734719058,0 -82.51850135086109,8.789924844035642,0 -82.510590954151,8.799923536014743,0 -82.51593658258999,8.811403622578307,0 -82.52919206893475,8.812885955828646,0</coordinates>
          </LinearRing>
        </outerBoundaryIs>
      </Polygon>
    </Placemark>
    <Placemark>
      <name>8766a3d2bffffff</name>
      <styleUrl>#h3_poly_style</styleUrl>
      <Polygon>
        <outerBoundaryIs>
          <LinearRing>
            <coordinates>-81.02162616745429,8.084247687274159,0 -81.02949162532713,8.074201778952006,0 -81.0240889106103,8.06261679327833,0 -81.01082030568183,8.061078731624468,0 -81.002955377005,8.071125702527628,0 -81.00835852368326,8.082709672448129,0 -81.02162616745429,8.084247687274159,0</coordinates>
          </LinearRing>
        </outerBoundaryIs>
      </Polygon>
    </Placemark>
    <Placemark>
      <name>8766a3c8affffff</name>
      <styleUrl>#h3_poly_style</styleUrl>
      <Polygon>
        <outerBoundaryIs>
          <LinearRing>
            <coordinates>-81.23172799225372,7.834205180623975,0 -81.23960927043323,7.824123536706539,0 -81.23420808941282,7.81250772436506,0 -81.22092518177601,7.8109745586441655,0 -81.21304441456235,7.821057266090114,0 -81.2184460436413,7.832672075670633,0 -81.23172799225372,7.834205180623975,0</coordinates>
          </LinearRing>
        </outerBoundaryIs>
      </Polygon>
    </Placemark>
    <Placemark>
      <name>8766a515effffff</name>
      <styleUrl>#h3_poly_style</styleUrl>
      <Polygon>
        <outerBoundaryIs>
          <LinearRing>
            <coordinates>-79.6005618230927,9.102938927392634,0 -79.60833177159378,9.093064692503791,0 -79.60291128299158,9.08160897953112,0 -79.58972052025763,9.080028595669221,0 -79.58195122384761,9.089903875153517,0 -79.58737203770897,9.10135849386498,0 -79.6005618230927,9.102938927392634,0</coordinates>
          </LinearRing>
        </outerBoundaryIs>
      </Polygon>
    </Placemark>
    <Placemark>
      <name>8766a2546ffffff</name>
      <styleUrl>#h3_poly_style</styleUrl>
      <Polygon>
        <outerBoundaryIs>
          <LinearRing>
            <coordinates>-82.06544598803353,8.30239953649513,0 -82.07335126766412,8.292352062391709,0 -82.06798274726467,8.280800127676093,0 -82.05470843944828,8.279296627343056,0 -82.04680359328151,8.289345192228991,0 -82.05217262109088,8.300896166597468,0 -82.06544598803353,8.30239953649513,0</coordinates>
          </LinearRing>
        </outerBoundaryIs>
      </Polygon>
    </Placemark>
    <Placemark>
      <name>8766a2a18ffffff</name>
      <styleUrl>#h3_poly_style</styleUrl>
      <Polygon>
        <outerBoundaryIs>
          <LinearRing>
            <coordinates>-81.3674786134332,8.23367992826188,0 -81.37535591276276,8.223642527431474,0 -81.36996545298969,8.212077804714875,0 -81.35669723667398,8.21055148060803,0 -81.34882043468774,8.220589954642124,0 -81.35421135129695,8.232153679519632,0 -81.3674786134332,8.23367992826188,0</coordinates>
          </LinearRing>
        </outerBoundaryIs>
      </Polygon>
    </Placemark>
    <Placemark>
      <name>8766a5b86ffffff</name>
      <styleUrl>#h3_poly_style</styleUrl>
      <Polygon>
        <outerBoundaryIs>
          <LinearRing>
            <coordinates>-79.42828731530207,9.2118016879456,0 -79.43604542047656,9.201947545303291,0 -79.43062301623748,9.190506195133207,0 -79.41744219405034,9.188920090748253,0 -79.40968475559936,9.198775275565236,0 -79.41510747224133,9.210215522555218,0 -79.42828731530207,9.2118016879456,0</coordinates>
          </LinearRing>
        </outerBoundaryIs>
      </Polygon>
    </Placemark>
    <Placemark>
      <name>8766b50aaffffff</name>
      <styleUrl>#h3_poly_style</styleUrl>
      <Polygon>
        <outerBoundaryIs>
          <LinearRing>
            <coordinates>-82.78896799163715,8.830959569479367,0 -82.79688817541599,8.820957775362928,0 -82.79155192554325,8.809481723250503,0 -82.77829493376288,8.808008389925673,0 -82.77037511570057,8.81801129875148,0 -82.77571192332857,8.829486426116095,0 -82.78896799163715,8.830959569479367,0</coordinates>
          </LinearRing>
        </outerBoundaryIs>
      </Polygon>
    </Placemark>
    <Placemark>
      <name>8766b5b52ffffff</name>
      <styleUrl>#h3_poly_style</styleUrl>
      <Polygon>
        <outerBoundaryIs>
          <LinearRing>
            <coordinates>-82.18819505020753,8.970272507802205,0 -82.19608841350176,8.960302926940232,0 -82.19073517254368,8.948839908579052,0 -82.17748805381757,8.947347428755986,0 -82.16959511093498,8.957318112197765,0 -82.17494886599297,8.968780172812933,0 -82.18819505020753,8.970272507802205,0</coordinates>
          </LinearRing>
        </outerBoundaryIs>
      </Polygon>
    </Placemark>
    <Placemark>
      <name>8766a50e3ffffff</name>
      <styleUrl>#h3_poly_style</styleUrl>
      <Polygon>
        <outerBoundaryIs>
          <LinearRing>
            <coordinates>-79.69620175847413,8.962982613995031,0 -79.70398021439179,8.953087105108269,0 -79.69855944773312,8.941613122470555,0 -79.68535989221299,8.940035737865356,0 -79.67758208056202,8.949932291534166,0 -79.68300317979222,8.961405184985828,0 -79.69620175847413,8.962982613995031,0</coordinates>
          </LinearRing>
        </outerBoundaryIs>
      </Polygon>
    </Placemark>
    <Placemark>
      <name>8766a3d63ffffff</name>
      <styleUrl>#h3_poly_style</styleUrl>
      <Polygon>
        <outerBoundaryIs>
          <LinearRing>
            <coordinates>-80.92580677474207,8.040253535313683,0 -80.9336689128441,8.030205002140004,0 -80.92826282828034,8.018614205684596,0 -80.91499418018054,8.017072963058267,0 -80.9071325800919,8.027122555794389,0 -80.91253908971221,8.038712331540065,0 -80.92580677474207,8.040253535313683,0</coordinates>
          </LinearRing>
        </outerBoundaryIs>
      </Polygon>
    </Placemark>
    <Placemark>
      <name>8766a2012ffffff</name>
      <styleUrl>#h3_poly_style</styleUrl>
      <Polygon>
        <outerBoundaryIs>
          <LinearRing>
            <coordinates>-81.85022727059103,8.245133282676795,0 -81.85812508389279,8.235084449028845,0 -81.85274900567198,8.223523715650716,0 -81.8394746218025,8.222012787535478,0 -81.83157726181703,8.232062706030463,0 -81.83695383200796,8.243622467728217,0 -81.85022727059103,8.245133282676795,0</coordinates>
          </LinearRing>
        </outerBoundaryIs>
      </Polygon>
    </Placemark>
    <Placemark>
      <name>8766a3341ffffff</name>
      <styleUrl>#h3_poly_style</styleUrl>
      <Polygon>
        <outerBoundaryIs>
          <LinearRing>
            <coordinates>-80.44135921387988,7.3236363758989755,0 -80.44921620945881,7.313515929157812,0 -80.44378502991573,7.301836249137368,0 -80.43049646316975,7.3002780586196865,0 -80.42264005190019,7.310399540366804,0 -80.42807162268768,7.322078177577725,0 -80.44135921387988,7.3236363758989755,0</coordinates>
          </LinearRing>
        </outerBoundaryIs>
      </Polygon>
    </Placemark>
    <Placemark>
      <name>8766a0ad9ffffff</name>
      <styleUrl>#h3_poly_style</styleUrl>
      <Polygon>
        <outerBoundaryIs>
          <LinearRing>
            <coordinates>-80.33193746681953,8.484482503165765,0 -80.33976009598933,8.474505975840806,0 -80.3343462139185,8.462970533886123,0 -80.32110932197145,8.461412673851337,0 -80.31328728258345,8.471390253652341,0 -80.31870154498549,8.482924640964523,0 -80.33193746681953,8.484482503165765,0</coordinates>
          </LinearRing>
        </outerBoundaryIs>
      </Polygon>
    </Placemark>
    <Placemark>
      <name>8766a16b1ffffff</name>
      <styleUrl>#h3_poly_style</styleUrl>
      <Polygon>
        <outerBoundaryIs>
          <LinearRing>
            <coordinates>-80.16373679118973,7.6436095200453575,0 -80.17157208731979,7.633535190983264,0 -80.16613948113871,7.621894557165252,0 -80.15287120849162,7.62032931233966,0 -80.14503652040175,7.630404675547797,0 -80.15046949654084,7.642044249390695,0 -80.16373679118973,7.6436095200453575,0</coordinates>
          </LinearRing>
        </outerBoundaryIs>
      </Polygon>
    </Placemark>
    <Placemark>
      <name>8766b5875ffffff</name>
      <styleUrl>#h3_poly_style</styleUrl>
      <Polygon>
        <outerBoundaryIs>
          <LinearRing>
            <coordinates>-82.37995286738338,9.219506546718216,0 -82.38784752491546,9.209562685899535,0 -82.38250461962207,9.198134985521097,0 -82.36926652936002,9.196652094711679,0 -82.36137227406697,9.206597065424917,0 -82.36671570642417,9.218023816980768,0 -82.37995286738338,9.219506546718216,0</coordinates>
          </LinearRing>
        </outerBoundaryIs>
      </Polygon>
    </Placemark>
    <Placemark>
      <name>8766a3d92ffffff</name>
      <styleUrl>#h3_poly_style</styleUrl>
      <Polygon>
        <outerBoundaryIs>
          <LinearRing>
            <coordinates>-81.3102199276613,8.02989782604101,0 -81.31809980646594,8.019837446446598,0 -81.31270420973016,8.008246550058248,0 -81.29942828056873,8.006717032933516,0 -81.29154890496172,8.016778481160097,0 -81.29694495494083,8.028368377820337,0 -81.3102199276613,8.02989782604101,0</coordinates>
          </LinearRing>
        </outerBoundaryIs>
      </Polygon>
    </Placemark>
    <Placemark>
      <name>8766a0324ffffff</name>
      <styleUrl>#h3_poly_style</styleUrl>
      <Polygon>
        <outerBoundaryIs>
          <LinearRing>
            <coordinates>-80.44382168822457,8.562986727047438,0 -80.45164782005943,8.553016528088037,0 -80.446238120223,8.541491302712936,0 -80.43300189982968,8.539937325203665,0 -80.42517634748279,8.549908580493312,0 -80.43058643566617,8.561432756913003,0 -80.44382168822457,8.562986727047438,0</coordinates>
          </LinearRing>
        </outerBoundaryIs>
      </Polygon>
    </Placemark>
    <Placemark>
      <name>8766a50e0ffffff</name>
      <styleUrl>#h3_poly_style</styleUrl>
      <Polygon>
        <outerBoundaryIs>
          <LinearRing>
            <coordinates>-79.69384440790857,8.984346507466167,0 -79.70162220616977,8.974453819880335,0 -79.69620175847413,8.962982613995031,0 -79.68300317979222,8.961405184985828,0 -79.67522602591659,8.971298917611948,0 -79.6806468059651,8.982769034166681,0 -79.69384440790857,8.984346507466167,0</coordinates>
          </LinearRing>
        </outerBoundaryIs>
      </Polygon>
    </Placemark>
    <Placemark>
      <name>8766a3426ffffff</name>
      <styleUrl>#h3_poly_style</styleUrl>
      <Polygon>
        <outerBoundaryIs>
          <LinearRing>
            <coordinates>-81.27275550968415,7.651906109048943,0 -81.28064320003465,7.641801781525421,0 -81.27524004516549,7.630163371480515,0 -81.26194874797922,7.628630288148142,0 -81.25406156545213,7.638735677092278,0 -81.25946517190886,7.650373087890013,0 -81.27275550968415,7.651906109048943,0</coordinates>
          </LinearRing>
        </outerBoundaryIs>
      </Polygon>
    </Placemark>
    <Placemark>
      <name>8766a5156ffffff</name>
      <styleUrl>#h3_poly_style</styleUrl>
      <Polygon>
        <outerBoundaryIs>
          <LinearRing>
            <coordinates>-79.6354293849826,9.150320838548891,0 -79.64319997544713,9.140451532151678,0 -79.63778109991192,9.129002000466226,0 -79.6245913058247,9.127422867617035,0 -79.61682136419047,9.137293220089644,0 -79.62224056744174,9.148741659296315,0 -79.6354293849826,9.150320838548891,0</coordinates>
          </LinearRing>
        </outerBoundaryIs>
      </Polygon>
    </Placemark>
    <Placemark>
      <name>8766b50e8ffffff</name>
      <styleUrl>#h3_poly_style</styleUrl>
      <Polygon>
        <outerBoundaryIs>
          <LinearRing>
            <coordinates>-82.63761459596464,8.748793668824069,0 -82.64553116208373,8.73878563348302,0 -82.64018850836484,8.72729709363113,0 -82.62692874096193,8.725817521393195,0 -82.61901255466329,8.735826666934662,0 -82.62435575557302,8.747314274438764,0 -82.63761459596464,8.748793668824069,0</coordinates>
          </LinearRing>
        </outerBoundaryIs>
      </Polygon>
    </Placemark>
    <Placemark>
      <name>8766a5750ffffff</name>
      <styleUrl>#h3_poly_style</styleUrl>
      <Polygon>
        <outerBoundaryIs>
          <LinearRing>
            <coordinates>-79.79668404020958,8.779909148999884,0 -79.80447229061879,8.769986903924826,0 -79.7990506427492,8.758489198433102,0 -79.78584040375321,8.756914821656544,0 -79.77805278950453,8.766838111127575,0 -79.78347477771815,8.778334732937857,0 -79.79668404020958,8.779909148999884,0</coordinates>
          </LinearRing>
        </outerBoundaryIs>
      </Polygon>
    </Placemark>
    <Placemark>
      <name>8766a5095ffffff</name>
      <styleUrl>#h3_poly_style</styleUrl>
      <Polygon>
        <outerBoundaryIs>
          <LinearRing>
            <coordinates>-79.88947445788233,9.029313961461458,0 -79.8972612331117,9.019420474261498,0 -79.89184609481134,9.007955128931922,0 -79.87864383430762,9.006384349954656,0 -79.87085768603043,9.016278887384559,0 -79.87627317093235,9.027743153519085,0 -79.88947445788233,9.029313961461458,0</coordinates>
          </LinearRing>
        </outerBoundaryIs>
      </Polygon>
    </Placemark>
    <Placemark>
      <name>8766a14b0ffffff</name>
      <styleUrl>#h3_poly_style</styleUrl>
      <Polygon>
        <outerBoundaryIs>
          <LinearRing>
            <coordinates>-80.42720222926191,7.992994678908454,0 -80.43504182427314,7.982954810010043,0 -80.42962183582274,7.971357316670644,0 -80.41636186344317,7.969800739666993,0 -80.40852285152805,7.979841655313851,0 -80.41394322851929,7.9914381011676285,0 -80.42720222926191,7.992994678908454,0</coordinates>
          </LinearRing>
        </outerBoundaryIs>
      </Polygon>
    </Placemark>
    <Placemark>
      <name>8766a1483ffffff</name>
      <styleUrl>#h3_poly_style</styleUrl>
      <Polygon>
        <outerBoundaryIs>
          <LinearRing>
            <coordinates>-80.3946770779202,7.923395459760248,0 -80.40251682360028,7.913348098904451,0 -80.39709480761991,7.90174191208272,0 -80.38383265926407,7.900184134968648,0 -80.37599349985837,7.910232540591992,0 -80.38141590215677,7.921837678514032,0 -80.3946770779202,7.923395459760248,0</coordinates>
          </LinearRing>
        </outerBoundaryIs>
      </Polygon>
    </Placemark>
    <Placemark>
      <name>87661065cffffff</name>
      <styleUrl>#h3_poly_style</styleUrl>
      <Polygon>
        <outerBoundaryIs>
          <LinearRing>
            <coordinates>-77.83728995915395,8.367658267214019,0 -77.84497824291083,8.357752884303421,0 -77.83951055813448,8.346211467589583,0 -77.82635439247865,8.344576619055239,0 -77.8186669165979,8.354482992958904,0 -77.82413479812925,8.3660232243872,0 -77.83728995915395,8.367658267214019,0</coordinates>
          </LinearRing>
        </outerBoundaryIs>
      </Polygon>
    </Placemark>
    <Placemark>
      <name>8766104eaffffff</name>
      <styleUrl>#h3_poly_style</styleUrl>
      <Polygon>
        <outerBoundaryIs>
          <LinearRing>
            <coordinates>-78.165723065032,8.668646855875512,0 -78.17342361959221,8.658768002666134,0 -78.16796680335827,8.647261608394182,0 -78.15480921165262,8.64563523561694,0 -78.14710943548273,8.655515093030631,0 -78.15256647226009,8.66702031899615,0 -78.165723065032,8.668646855875512,0</coordinates>
          </LinearRing>
        </outerBoundaryIs>
      </Polygon>
    </Placemark>
    <Placemark>
      <name>8766b52e6ffffff</name>
      <styleUrl>#h3_poly_style</styleUrl>
      <Polygon>
        <outerBoundaryIs>
          <LinearRing>
            <coordinates>-82.44829110955408,8.476749412389298,0 -82.45620727430084,8.466713283640297,0 -82.45085381608557,8.455187047929401,0 -82.43758365823874,8.453697881631147,0 -82.42966789137891,8.46373511261503,0 -82.43502188410363,8.475260407589744,0 -82.44829110955408,8.476749412389298,0</coordinates>
          </LinearRing>
        </outerBoundaryIs>
      </Polygon>
    </Placemark>
    <Placemark>
      <name>8766b1c4cffffff</name>
      <styleUrl>#h3_poly_style</styleUrl>
      <Polygon>
        <outerBoundaryIs>
          <LinearRing>
            <coordinates>-82.8822170709775,8.054315957969214,0 -82.89016040341349,8.04421975160197,0 -82.88481401696801,8.032642406495057,0 -82.87152373047167,8.031162181327089,0 -82.8635807569554,8.041259494176161,0 -82.86892771063964,8.052835925634167,0 -82.8822170709775,8.054315957969214,0</coordinates>
          </LinearRing>
        </outerBoundaryIs>
      </Polygon>
    </Placemark>
    <Placemark>
      <name>8766b5076ffffff</name>
      <styleUrl>#h3_poly_style</styleUrl>
      <Polygon>
        <outerBoundaryIs>
          <LinearRing>
            <coordinates>-82.6035838918115,8.864708576137096,0 -82.61149621920764,8.854715432534348,0 -82.60615443758316,8.843242044434833,0 -82.5928997838468,8.84176273478595,0 -82.5849878391116,8.851756989240267,0 -82.5903301650781,8.86322944241732,0 -82.6035838918115,8.864708576137096,0</coordinates>
          </LinearRing>
        </outerBoundaryIs>
      </Polygon>
    </Placemark>
    <Placemark>
      <name>876d64518ffffff</name>
      <styleUrl>#h3_poly_style</styleUrl>
      <Polygon>
        <outerBoundaryIs>
          <LinearRing>
            <coordinates>-87.20986556442325,14.091501385196665,0 -87.20140907842257,14.101395985120623,0 -87.2052114418082,14.113141969756745,0 -87.21747294822143,14.114993604849413,0 -87.22593070216547,14.105097191911419,0 -87.22212568192215,14.09335095716987,0 -87.20986556442325,14.091501385196665,0</coordinates>
          </LinearRing>
        </outerBoundaryIs>
      </Polygon>
    </Placemark>
    <Placemark>
      <name>8766b5236ffffff</name>
      <styleUrl>#h3_poly_style</styleUrl>
      <Polygon>
        <outerBoundaryIs>
          <LinearRing>
            <coordinates>-82.49132686348558,8.623461689787288,0 -82.49924098698614,8.613442131278527,0 -82.49389142775331,8.601935597339756,0 -82.48062720753784,8.600449561244307,0 -82.47271347760098,8.610470224951927,0 -82.47806357394114,8.621975819483007,0 -82.49132686348558,8.623461689787288,0</coordinates>
          </LinearRing>
        </outerBoundaryIs>
      </Polygon>
    </Placemark>
    <Placemark>
      <name>876610651ffffff</name>
      <styleUrl>#h3_poly_style</styleUrl>
      <Polygon>
        <outerBoundaryIs>
          <LinearRing>
            <coordinates>-77.85591273469758,8.38083158994971,0 -77.86360182468208,8.370927198722722,0 -77.85813467802792,8.35938725374547,0 -77.84497824291083,8.357752884303421,0 -77.83728995915395,8.367658267214019,0 -77.8427573039189,8.37919702786616,0 -77.85591273469758,8.38083158994971,0</coordinates>
          </LinearRing>
        </outerBoundaryIs>
      </Polygon>
    </Placemark>
    <Placemark>
      <name>8766a2129ffffff</name>
      <styleUrl>#h3_poly_style</styleUrl>
      <Polygon>
        <outerBoundaryIs>
          <LinearRing>
            <coordinates>-81.67088226970591,8.399665864113247,0 -81.6787685919014,8.389640360295283,0 -81.67338980825399,8.378098532446554,0 -81.66012422358365,8.376583190724308,0 -81.65223837061428,8.386609777421267,0 -81.65761763271283,8.398150622898045,0 -81.67088226970591,8.399665864113247,0</coordinates>
          </LinearRing>
        </outerBoundaryIs>
      </Polygon>
    </Placemark>
    <Placemark>
      <name>8766b50adffffff</name>
      <styleUrl>#h3_poly_style</styleUrl>
      <Polygon>
        <outerBoundaryIs>
          <LinearRing>
            <coordinates>-82.7466189641997,8.848011606270278,0 -82.75453713067385,8.83801290781499,0 -82.74919976683803,8.82653870639308,0 -82.73594368149438,8.8250641304868,0 -82.72802588458852,8.83506394288377,0 -82.7333638030845,8.846537217169145,0 -82.7466189641997,8.848011606270278,0</coordinates>
          </LinearRing>
        </outerBoundaryIs>
      </Polygon>
    </Placemark>
    <Placemark>
      <name>8766b539dffffff</name>
      <styleUrl>#h3_poly_style</styleUrl>
      <Polygon>
        <outerBoundaryIs>
          <LinearRing>
            <coordinates>-82.57347718442365,8.610842078839257,0 -82.58139479703473,8.600818982273228,0 -82.57604768646938,8.589311525350563,0 -82.56278241985547,8.587828099800811,0 -82.5548651932952,8.59785230331123,0 -82.56021284692335,8.609358825352942,0 -82.57347718442365,8.610842078839257,0</coordinates>
          </LinearRing>
        </outerBoundaryIs>
      </Polygon>
    </Placemark>
    <Placemark>
      <name>8766a240cffffff</name>
      <styleUrl>#h3_poly_style</styleUrl>
      <Polygon>
        <outerBoundaryIs>
          <LinearRing>
            <coordinates>-82.15780316253456,8.2033631933586,0 -82.16571469750329,8.193301586295382,0 -82.16034734997676,8.18173749581483,0 -82.14706795267789,8.180235966946814,0 -82.13915684297933,8.190298665528196,0 -82.14452470493276,8.201861801390436,0 -82.15780316253456,8.2033631933586,0</coordinates>
          </LinearRing>
        </outerBoundaryIs>
      </Polygon>
    </Placemark>
    <Placemark>
      <name>8766a5c0bffffff</name>
      <styleUrl>#h3_poly_style</styleUrl>
      <Polygon>
        <outerBoundaryIs>
          <LinearRing>
            <coordinates>-79.91446994442717,9.345449710940164,0 -79.92225006453792,9.335596168597622,0 -79.91684102903588,9.32417244515954,0 -79.90365152532713,9.322603342159354,0 -79.89587202868795,9.332457939653793,0 -79.90128141191455,9.343880584953197,0 -79.91446994442717,9.345449710940164,0</coordinates>
          </LinearRing>
        </outerBoundaryIs>
      </Polygon>
    </Placemark>
    <Placemark>
      <name>8766a5c1dffffff</name>
      <styleUrl>#h3_poly_style</styleUrl>
      <Polygon>
        <outerBoundaryIs>
          <LinearRing>
            <coordinates>-79.95166365781915,9.371425961831418,0 -79.959445019796,9.361574531580155,0 -79.95403731492537,9.350154295918651,0 -79.94084789732038,9.348586566693637,0 -79.93306715543032,9.358439053288086,0 -79.93847521068713,9.369858212720564,0 -79.95166365781915,9.371425961831418,0</coordinates>
          </LinearRing>
        </outerBoundaryIs>
      </Polygon>
    </Placemark>
    <Placemark>
      <name>8766b5ad8ffffff</name>
      <styleUrl>#h3_poly_style</styleUrl>
      <Polygon>
        <outerBoundaryIs>
          <LinearRing>
            <coordinates>-82.2982455260533,8.72167059112768,0 -82.30614958510712,8.711667763508787,0 -82.30079553591611,8.700172553618566,0 -82.28753690443521,8.69868112172115,0 -82.27963325639364,8.708685051331885,0 -82.28498782844603,8.720179310777235,0 -82.2982455260533,8.72167059112768,0</coordinates>
          </LinearRing>
        </outerBoundaryIs>
      </Polygon>
    </Placemark>
    <Placemark>
      <name>8766b1d4affffff</name>
      <styleUrl>#h3_poly_style</styleUrl>
      <Polygon>
        <outerBoundaryIs>
          <LinearRing>
            <coordinates>-82.88786671680899,8.175642152457884,0 -82.8958071868635,8.165560000195425,0 -82.89046305747618,8.153998436005391,0 -82.8771778904524,8.152519938391249,0 -82.86923777851801,8.162603199018285,0 -82.8745824751116,8.174163848817523,0 -82.88786671680899,8.175642152457884,0</coordinates>
          </LinearRing>
        </outerBoundaryIs>
      </Polygon>
    </Placemark>
    <Placemark>
      <name>87661671affffff</name>
      <styleUrl>#h3_poly_style</styleUrl>
      <Polygon>
        <outerBoundaryIs>
          <LinearRing>
            <coordinates>-78.88676397478896,9.22168227855506,0 -78.89449227388228,9.211848845768548,0 -78.88905870646093,9.200409813586257,0 -78.87589656691472,9.198805345114092,0 -78.86816898159383,9.208639807761683,0 -78.87360282167776,9.220077708989697,0 -78.88676397478896,9.22168227855506,0</coordinates>
          </LinearRing>
        </outerBoundaryIs>
      </Polygon>
    </Placemark>
    <Placemark>
      <name>8766a2052ffffff</name>
      <styleUrl>#h3_poly_style</styleUrl>
      <Polygon>
        <outerBoundaryIs>
          <LinearRing>
            <coordinates>-81.71965387941893,8.15358678354617,0 -81.72754848291781,8.143530369392769,0 -81.72216691879345,8.131957123820195,0 -81.70889026803748,8.130441270529763,0 -81.70099613005131,8.140498765045209,0 -81.70637817693121,8.1520710324252,0 -81.71965387941893,8.15358678354617,0</coordinates>
          </LinearRing>
        </outerBoundaryIs>
      </Polygon>
    </Placemark>
    <Placemark>
      <name>8766b53b2ffffff</name>
      <styleUrl>#h3_poly_style</styleUrl>
      <Polygon>
        <outerBoundaryIs>
          <LinearRing>
            <coordinates>-82.62415831721104,8.692821989390984,0 -82.63207579037521,8.68280752639799,0 -82.62673173782674,8.671311411217618,0 -82.61346966531949,8.669830691655411,0 -82.6055525733484,8.679846263828408,0 -82.6108971723172,8.691341446308918,0 -82.62415831721104,8.692821989390984,0</coordinates>
          </LinearRing>
        </outerBoundaryIs>
      </Polygon>
    </Placemark>
    <Placemark>
      <name>8766b5294ffffff</name>
      <styleUrl>#h3_poly_style</styleUrl>
      <Polygon>
        <outerBoundaryIs>
          <LinearRing>
            <coordinates>-82.64475575591815,8.520583944790959,0 -82.65267837936837,8.510548295523758,0 -82.6473320555377,8.499029582069648,0 -82.63406255937775,8.497547448191957,0 -82.62614031564681,8.507584204873012,0 -82.63148718798165,8.519101987943072,0 -82.64475575591815,8.520583944790959,0</coordinates>
          </LinearRing>
        </outerBoundaryIs>
      </Polygon>
    </Placemark>
    <Placemark>
      <name>8766b1900ffffff</name>
      <styleUrl>#h3_poly_style</styleUrl>
      <Polygon>
        <outerBoundaryIs>
          <LinearRing>
            <coordinates>-82.6043469523684,8.352115105861063,0 -82.6122723004301,8.342060339299145,0 -82.60692177308894,8.330519146104143,0 -82.59364535112518,8.329033650733308,0 -82.5857203869126,8.33908952147314,0 -82.5910714604391,8.350629783331648,0 -82.6043469523684,8.352115105861063,0</coordinates>
          </LinearRing>
        </outerBoundaryIs>
      </Polygon>
    </Placemark>
    <Placemark>
      <name>8766a1486ffffff</name>
      <styleUrl>#h3_poly_style</styleUrl>
      <Polygon>
        <outerBoundaryIs>
          <LinearRing>
            <coordinates>-80.41094117369991,7.958201593381696,0 -80.41878084473159,7.948157976803943,0 -80.41335984222164,7.9365561322585085,0 -80.40009878087294,7.934998952436219,0 -80.3922596945262,7.945043614774586,0 -80.397681084466,7.956644411126574,0 -80.41094117369991,7.958201593381696,0</coordinates>
          </LinearRing>
        </outerBoundaryIs>
      </Polygon>
    </Placemark>
    <Placemark>
      <name>8766b1c6affffff</name>
      <styleUrl>#h3_poly_style</styleUrl>
      <Polygon>
        <outerBoundaryIs>
          <LinearRing>
            <coordinates>-82.87962048757356,8.075984147466375,0 -82.88756317576954,8.065890525838098,0 -82.8822170709775,8.054315957969214,0 -82.86892771063964,8.052835925634167,0 -82.86098538155383,8.062930653998855,0 -82.86633205331965,8.074504307884983,0 -82.87962048757356,8.075984147466375,0</coordinates>
          </LinearRing>
        </outerBoundaryIs>
      </Polygon>
    </Placemark>
    <Placemark>
      <name>8766a0215ffffff</name>
      <styleUrl>#h3_poly_style</styleUrl>
      <Polygon>
        <outerBoundaryIs>
          <LinearRing>
            <coordinates>-80.52881878862993,8.343998489983278,0 -80.53665452707666,8.333998569063718,0 -80.53124320671564,8.322445457112355,0 -80.51799575240034,8.320893309628996,0 -80.51016058663735,8.330894285498557,0 -80.51557230212995,8.342446353851662,0 -80.52881878862993,8.343998489983278,0</coordinates>
          </LinearRing>
        </outerBoundaryIs>
      </Polygon>
    </Placemark>
    <Placemark>
      <name>8766a514effffff</name>
      <styleUrl>#h3_poly_style</styleUrl>
      <Polygon>
        <outerBoundaryIs>
          <LinearRing>
            <coordinates>-79.54003800265085,9.106486195888479,0 -79.54780467442691,9.096614503302574,0 -79.54238289429503,9.085159290785061,0 -79.5291941212029,9.083576868210331,0 -79.5214281068139,9.09344960404372,0 -79.52685020775861,9.104903719165833,0 -79.54003800265085,9.106486195888479,0</coordinates>
          </LinearRing>
        </outerBoundaryIs>
      </Polygon>
    </Placemark>
    <Placemark>
      <name>8766b5910ffffff</name>
      <styleUrl>#h3_poly_style</styleUrl>
      <Polygon>
        <outerBoundaryIs>
          <LinearRing>
            <coordinates>-82.53943677458378,9.399566245434357,0 -82.54733305055818,9.38964055935387,0 -82.54199836320957,9.378238999922253,0 -82.52876686163191,9.376764067766468,0 -82.52087097286741,9.386690869315714,0 -82.5262061980988,9.3980914874778,0 -82.53943677458378,9.399566245434357,0</coordinates>
          </LinearRing>
        </outerBoundaryIs>
      </Polygon>
    </Placemark>
    <Placemark>
      <name>8766b5a2dffffff</name>
      <styleUrl>#h3_poly_style</styleUrl>
      <Polygon>
        <outerBoundaryIs>
          <LinearRing>
            <coordinates>-82.17213400950367,8.935882520730406,0 -82.18002759789567,8.925909134960344,0 -82.17467326431839,8.914441381489612,0 -82.16142482891983,8.912947972140987,0 -82.15353166249915,8.922922459698032,0 -82.15888650913165,8.934389254747051,0 -82.17213400950367,8.935882520730406,0</coordinates>
          </LinearRing>
        </outerBoundaryIs>
      </Polygon>
    </Placemark>
    <Placemark>
      <name>8766b5a61ffffff</name>
      <styleUrl>#h3_poly_style</styleUrl>
      <Polygon>
        <outerBoundaryIs>
          <LinearRing>
            <coordinates>-82.07911051104122,8.871055577771276,0 -82.08700197223803,8.861076688970952,0 -82.08164363614995,8.849599535478356,0 -82.06839333193687,8.848102233764347,0 -82.06050230138098,8.858082221393866,0 -82.06586114402286,8.869558411839659,0 -82.07911051104122,8.871055577771276,0</coordinates>
          </LinearRing>
        </outerBoundaryIs>
      </Polygon>
    </Placemark>
    <Placemark>
      <name>8766b5a21ffffff</name>
      <styleUrl>#h3_poly_style</styleUrl>
      <Polygon>
        <outerBoundaryIs>
          <LinearRing>
            <coordinates>-82.20933514781153,8.961794618550655,0 -82.21722957494498,8.951823438118273,0 -82.21187684963868,8.940359463183151,0 -82.19862918117326,8.93886762518424,0 -82.19073517254368,8.948839908579052,0 -82.19608841350176,8.960302926940232,0 -82.20933514781153,8.961794618550655,0</coordinates>
          </LinearRing>
        </outerBoundaryIs>
      </Polygon>
    </Placemark>
    <Placemark>
      <name>8766b5333ffffff</name>
      <styleUrl>#h3_poly_style</styleUrl>
      <Polygon>
        <outerBoundaryIs>
          <LinearRing>
            <coordinates>-82.45734092570946,8.739529482086372,0 -82.46525078757608,8.729524797705569,0 -82.45990212115017,8.718033343548944,0 -82.44664305822047,8.716547515694971,0 -82.43873359274183,8.726553305986267,0 -82.44408279343051,8.73804381814822,0 -82.45734092570946,8.739529482086372,0</coordinates>
          </LinearRing>
        </outerBoundaryIs>
      </Polygon>
    </Placemark>
    <Placemark>
      <name>8766b532dffffff</name>
      <styleUrl>#h3_poly_style</styleUrl>
      <Polygon>
        <outerBoundaryIs>
          <LinearRing>
            <coordinates>-82.3380188773785,8.726141630761195,0 -82.3459243985305,8.716138333574271,0 -82.34057168725953,8.704644054079518,0 -82.32731292874806,8.703154020032636,0 -82.31940781495413,8.71315842019212,0 -82.324761051939,8.724651751354486,0 -82.3380188773785,8.726141630761195,0</coordinates>
          </LinearRing>
        </outerBoundaryIs>
      </Polygon>
    </Placemark>
    <Placemark>
      <name>8766a5150ffffff</name>
      <styleUrl>#h3_poly_style</styleUrl>
      <Polygon>
        <outerBoundaryIs>
          <LinearRing>
            <coordinates>-79.61682136419047,9.137293220089644,0 -79.6245913058247,9.127422867617035,0 -79.61917178307866,9.115971637478015,0 -79.60598199194764,9.114391853207886,0 -79.5982127008325,9.124263251141862,0 -79.60363254995787,9.135713387845096,0 -79.61682136419047,9.137293220089644,0</coordinates>
          </LinearRing>
        </outerBoundaryIs>
      </Polygon>
    </Placemark>
    <Placemark>
      <name>8766b1d74ffffff</name>
      <styleUrl>#h3_poly_style</styleUrl>
      <Polygon>
        <outerBoundaryIs>
          <LinearRing>
            <coordinates>-82.93334927113831,8.301228180247259,0 -82.94128823295719,8.291159756756347,0 -82.93594777838928,8.279615021553807,0 -82.92266779161146,8.278139622716031,0 -82.91472918342615,8.288209157398287,0 -82.92007020800997,8.299752979649009,0 -82.93334927113831,8.301228180247259,0</coordinates>
          </LinearRing>
        </outerBoundaryIs>
      </Polygon>
    </Placemark>
    <Placemark>
      <name>8766b525bffffff</name>
      <styleUrl>#h3_poly_style</styleUrl>
      <Polygon>
        <outerBoundaryIs>
          <LinearRing>
            <coordinates>-82.33653325059593,8.398624273466325,0 -82.34444700186584,8.388581540531597,0 -82.33908863115236,8.377044150467295,0 -82.325815982084,8.375550439528121,0 -82.31790263916372,8.385594271000583,0 -82.32326153658637,8.397130714803295,0 -82.33653325059593,8.398624273466325,0</coordinates>
          </LinearRing>
        </outerBoundaryIs>
      </Polygon>
    </Placemark>
    <Placemark>
      <name>8766a53b0ffffff</name>
      <styleUrl>#h3_poly_style</styleUrl>
      <Polygon>
        <outerBoundaryIs>
          <LinearRing>
            <coordinates>-79.62407162653356,8.8893869929778,0 -79.63184815343787,8.879484490334717,0 -79.62642446639062,8.868001014202443,0 -79.61322392463383,8.866421133537317,0 -79.60544804865067,8.876324678189734,0 -79.6108720631308,8.887807061458608,0 -79.62407162653356,8.8893869929778,0</coordinates>
          </LinearRing>
        </outerBoundaryIs>
      </Polygon>
    </Placemark>
    <Placemark>
      <name>876616298ffffff</name>
      <styleUrl>#h3_poly_style</styleUrl>
      <Polygon>
        <outerBoundaryIs>
          <LinearRing>
            <coordinates>-78.60551543846896,9.047117254025938,0 -78.61323219561613,9.037271311697614,0 -78.60779007332422,9.025810681446506,0 -78.59463094120731,9.024197138994648,0 -78.58691492290927,9.034044102041818,0 -78.59235729751043,9.045503586795016,0 -78.60551543846896,9.047117254025938,0</coordinates>
          </LinearRing>
        </outerBoundaryIs>
      </Polygon>
    </Placemark>
    <Placemark>
      <name>8766a3861ffffff</name>
      <styleUrl>#h3_poly_style</styleUrl>
      <Polygon>
        <outerBoundaryIs>
          <LinearRing>
            <coordinates>-80.4953561730361,7.9242398975870065,0 -80.50320080062247,7.914189683139314,0 -80.49778136357831,7.902583657681134,0 -80.48451690484164,7.901028890068275,0 -80.47667285448505,7.9110801517384335,0 -80.4820926852579,7.922685133749918,0 -80.4953561730361,7.9242398975870065,0</coordinates>
          </LinearRing>
        </outerBoundaryIs>
      </Polygon>
    </Placemark>
    <Placemark>
      <name>876610619ffffff</name>
      <styleUrl>#h3_poly_style</styleUrl>
      <Polygon>
        <outerBoundaryIs>
          <LinearRing>
            <coordinates>-77.95125112715918,8.425236783769023,0 -77.95894488758488,8.415334510640236,0 -77.95348010989619,8.403799302728483,0 -77.94032136633432,8.402167547336127,0 -77.93262840380737,8.412070815246128,0 -77.9380933865756,8.423604843749127,0 -77.95125112715918,8.425236783769023,0</coordinates>
          </LinearRing>
        </outerBoundaryIs>
      </Polygon>
    </Placemark>
    <Placemark>
      <name>8766b1c6effffff</name>
      <styleUrl>#h3_poly_style</styleUrl>
      <Polygon>
        <outerBoundaryIs>
          <LinearRing>
            <coordinates>-82.87702426669088,8.097646970646908,0 -82.8849663107167,8.087555935966314,0 -82.87962048757356,8.075984147466375,0 -82.86633205331965,8.074504307884983,0 -82.85839036859436,8.084596449555075,0 -82.86373675844645,8.096167323739872,0 -82.87702426669088,8.097646970646908,0</coordinates>
          </LinearRing>
        </outerBoundaryIs>
      </Polygon>
    </Placemark>
    <Placemark>
      <name>8766a0329ffffff</name>
      <styleUrl>#h3_poly_style</styleUrl>
      <Polygon>
        <outerBoundaryIs>
          <LinearRing>
            <coordinates>-80.39270874863024,8.480732275270933,0 -80.40053445076937,8.470753409993172,0 -80.3951220310443,8.459217559831211,0 -80.38188352400383,8.457661626291495,0 -80.37405840623002,8.467641545427266,0 -80.37947121075605,8.479176344196453,0 -80.39270874863024,8.480732275270933,0</coordinates>
          </LinearRing>
        </outerBoundaryIs>
      </Polygon>
    </Placemark>
    <Placemark>
      <name>8766b5299ffffff</name>
      <styleUrl>#h3_poly_style</styleUrl>
      <Polygon>
        <outerBoundaryIs>
          <LinearRing>
            <coordinates>-82.59405127131392,8.438444627810068,0 -82.6019740397577,8.428400383983538,0 -82.59662465143377,8.416870403296315,0 -82.58335194914767,8.415385598902793,0 -82.5754295652884,8.425430947853085,0 -82.58077949875546,8.436959995998963,0 -82.59405127131392,8.438444627810068,0</coordinates>
          </LinearRing>
        </outerBoundaryIs>
      </Polygon>
    </Placemark>
    <Placemark>
      <name>8766a16a0ffffff</name>
      <styleUrl>#h3_poly_style</styleUrl>
      <Polygon>
        <outerBoundaryIs>
          <LinearRing>
            <coordinates>-80.1215363220279,7.660622097617723,0 -80.12936907695651,7.650551069066553,0 -80.12393573243803,7.638912556393778,0 -80.11066926581216,7.6373461345917955,0 -80.1028371226349,7.647418196565561,0 -80.10827083395431,7.659055646874411,0 -80.1215363220279,7.660622097617723,0</coordinates>
          </LinearRing>
        </outerBoundaryIs>
      </Polygon>
    </Placemark>
    <Placemark>
      <name>8766a3375ffffff</name>
      <styleUrl>#h3_poly_style</styleUrl>
      <Polygon>
        <outerBoundaryIs>
          <LinearRing>
            <coordinates>-80.4739393116474,7.393677520730772,0 -80.48179614797161,7.383564429431689,0 -80.47636700839824,7.371893205944491,0 -80.463080638644,7.3703361151903986,0 -80.45522438343296,7.380450243631481,0 -80.46065391648362,7.392120425636301,0 -80.4739393116474,7.393677520730772,0</coordinates>
          </LinearRing>
        </outerBoundaryIs>
      </Polygon>
    </Placemark>
    <Placemark>
      <name>8766a1c16ffffff</name>
      <styleUrl>#h3_poly_style</styleUrl>
      <Polygon>
        <outerBoundaryIs>
          <LinearRing>
            <coordinates>-80.14300483517667,8.374989408860312,0 -80.15082083080682,8.365005134954872,0 -80.1454003809121,8.35345562183693,0 -80.13216356829996,8.351891446912868,0 -80.124348179725,8.361876767071111,0 -80.12976899633169,8.37342521585545,0 -80.14300483517667,8.374989408860312,0</coordinates>
          </LinearRing>
        </outerBoundaryIs>
      </Polygon>
    </Placemark>
    <Placemark>
      <name>8766a256affffff</name>
      <styleUrl>#h3_poly_style</styleUrl>
      <Polygon>
        <outerBoundaryIs>
          <LinearRing>
            <coordinates>-82.00698261874149,8.284831571374415,0 -82.01488594341576,8.274783476757896,0 -82.00951532032683,8.263228869582019,0 -81.9962408689603,8.261723320366283,0 -81.98833798315167,8.271772504127616,0 -81.99370910946739,8.283326147892577,0 -82.00698261874149,8.284831571374415,0</coordinates>
          </LinearRing>
        </outerBoundaryIs>
      </Polygon>
    </Placemark>
    <Placemark>
      <name>8766b5823ffffff</name>
      <styleUrl>#h3_poly_style</styleUrl>
      <Polygon>
        <outerBoundaryIs>
          <LinearRing>
            <coordinates>-82.47283737820266,9.28401263840075,0 -82.48073402097278,9.274074335545569,0 -82.47539519811318,9.262656308498606,0 -82.46215919860168,9.261177528459623,0 -82.45426294941853,9.271116944035986,0 -82.45960230578751,9.282534026856812,0 -82.47283737820266,9.28401263840075,0</coordinates>
          </LinearRing>
        </outerBoundaryIs>
      </Polygon>
    </Placemark>
    <Placemark>
      <name>8766b5320ffffff</name>
      <styleUrl>#h3_poly_style</styleUrl>
      <Polygon>
        <outerBoundaryIs>
          <LinearRing>
            <coordinates>-82.39384472690054,8.765075279254063,0 -82.40175145969593,8.755075294572537,0 -82.39640119513989,8.743586669976526,0 -82.38314366780972,8.742098975559063,0 -82.37523733715707,8.75210006500592,0 -82.38058813131748,8.763587744032812,0 -82.39384472690054,8.765075279254063,0</coordinates>
          </LinearRing>
        </outerBoundaryIs>
      </Polygon>
    </Placemark>
    <Placemark>
      <name>8766a5504ffffff</name>
      <styleUrl>#h3_poly_style</styleUrl>
      <Polygon>
        <outerBoundaryIs>
          <LinearRing>
            <coordinates>-80.10804681396782,9.228182578229903,0 -80.11583966992683,9.218307385667993,0 -80.11043320636425,9.206868376739992,0 -80.09723352431855,9.20530562837475,0 -80.08944127519169,9.21518187896122,0 -80.09484810090622,9.226619819842838,0 -80.10804681396782,9.228182578229903,0</coordinates>
          </LinearRing>
        </outerBoundaryIs>
      </Polygon>
    </Placemark>
    <Placemark>
      <name>8766a53a6ffffff</name>
      <styleUrl>#h3_poly_style</styleUrl>
      <Polygon>
        <outerBoundaryIs>
          <LinearRing>
            <coordinates>-79.58212435914291,8.90602612130897,0 -79.58989826570202,8.896127172862215,0 -79.58447392534667,8.884645883559362,0 -79.57127535374232,8.883064637731826,0 -79.5635021017226,8.89296462745871,0 -79.56892676639566,8.90444482169414,0 -79.58212435914291,8.90602612130897,0</coordinates>
          </LinearRing>
        </outerBoundaryIs>
      </Polygon>
    </Placemark>
    <Placemark>
      <name>8766a5b8affffff</name>
      <styleUrl>#h3_poly_style</styleUrl>
      <Polygon>
        <outerBoundaryIs>
          <LinearRing>
            <coordinates>-79.39574813089402,9.143138998501634,0 -79.40350621658921,9.133277072196027,0 -79.39808190145288,9.121826779707842,0 -79.3848991900962,9.12023951834604,0 -79.37714177426584,9.130102485094794,0 -79.3825663995565,9.14155167272538,0 -79.39574813089402,9.143138998501634,0</coordinates>
          </LinearRing>
        </outerBoundaryIs>
      </Polygon>
    </Placemark>
    <Placemark>
      <name>8766b5085ffffff</name>
      <styleUrl>#h3_poly_style</styleUrl>
      <Polygon>
        <outerBoundaryIs>
          <LinearRing>
            <coordinates>-82.80755955352916,8.843905100899484,0 -82.81548010128515,8.833904422077552,0 -82.81014469193552,8.822430297430396,0 -82.79688817541599,8.820957775362928,0 -82.78896799163715,8.830959569479367,0 -82.79430396002725,8.842432770291891,0 -82.80755955352916,8.843905100899484,0</coordinates>
          </LinearRing>
        </outerBoundaryIs>
      </Polygon>
    </Placemark>
    <Placemark>
      <name>8766a5b65ffffff</name>
      <styleUrl>#h3_poly_style</styleUrl>
      <Polygon>
        <outerBoundaryIs>
          <LinearRing>
            <coordinates>-79.08653849121568,9.224423572160655,0 -79.09427778540477,9.21458323321358,0 -79.08884833055825,9.203144059870532,0 -79.07567929383856,9.201546346171229,0 -79.06794069609852,9.211387719613734,0 -79.07337043825946,9.222825772226997,0 -79.08653849121568,9.224423572160655,0</coordinates>
          </LinearRing>
        </outerBoundaryIs>
      </Polygon>
    </Placemark>
    <Placemark>
      <name>8766a5044ffffff</name>
      <styleUrl>#h3_poly_style</styleUrl>
      <Polygon>
        <outerBoundaryIs>
          <LinearRing>
            <coordinates>-79.57038159565053,9.012843393698112,0 -79.5781522116333,9.002958571943353,0 -79.5727294728954,8.991491140904794,0 -79.55953579456975,8.989909627353244,0 -79.55176583370748,8.999795491698217,0 -79.55718889567859,9.011261826965722,0 -79.57038159565053,9.012843393698112,0</coordinates>
          </LinearRing>
        </outerBoundaryIs>
      </Polygon>
    </Placemark>
    <Placemark>
      <name>8766b532affffff</name>
      <styleUrl>#h3_poly_style</styleUrl>
      <Polygon>
        <outerBoundaryIs>
          <LinearRing>
            <coordinates>-82.38034819413785,8.709111356765618,0 -82.38825581486978,8.699104921929907,0 -82.38290415968866,8.687608749345877,0 -82.36964435457912,8.686119957474007,0 -82.36173713737128,8.696127496044548,0 -82.3670893213743,8.707622722680215,0 -82.38034819413785,8.709111356765618,0</coordinates>
          </LinearRing>
        </outerBoundaryIs>
      </Polygon>
    </Placemark>
    <Placemark>
      <name>8766b5286ffffff</name>
      <styleUrl>#h3_poly_style</styleUrl>
      <Polygon>
        <outerBoundaryIs>
          <LinearRing>
            <coordinates>-82.6049500786072,8.516136692308491,0 -82.61287129647324,8.506101469299317,0 -82.60752359273141,8.494581801613606,0 -82.59425412509195,8.493098289374993,0 -82.5863332906171,8.503134618810268,0 -82.59168154001557,8.514653353983684,0 -82.6049500786072,8.516136692308491,0</coordinates>
          </LinearRing>
        </outerBoundaryIs>
      </Polygon>
    </Placemark>
    <Placemark>
      <name>8766b504bffffff</name>
      <styleUrl>#h3_poly_style</styleUrl>
      <Polygon>
        <outerBoundaryIs>
          <LinearRing>
            <coordinates>-82.51828547968165,8.735462149467574,0 -82.52619780826294,8.725455450370804,0 -82.52085103912927,8.713964010676198,0 -82.50759140237848,8.712480208692574,0 -82.49967946460522,8.722488015059687,0 -82.50502677240041,8.733978516066571,0 -82.51828547968165,8.735462149467574,0</coordinates>
          </LinearRing>
        </outerBoundaryIs>
      </Polygon>
    </Placemark>
    <Placemark>
      <name>8766a3d35ffffff</name>
      <styleUrl>#h3_poly_style</styleUrl>
      <Polygon>
        <outerBoundaryIs>
          <LinearRing>
            <coordinates>-81.09383237333076,8.158326258853101,0 -81.10169927554254,8.148287291482719,0 -81.09629982551625,8.136711918397378,0 -81.08303303585627,8.135176524875135,0 -81.0751666560548,8.145216557742753,0 -81.08056654312585,8.156790918578938,0 -81.09383237333076,8.158326258853101,0</coordinates>
          </LinearRing>
        </outerBoundaryIs>
      </Polygon>
    </Placemark>
    <Placemark>
      <name>8766a14caffffff</name>
      <styleUrl>#h3_poly_style</styleUrl>
      <Polygon>
        <outerBoundaryIs>
          <LinearRing>
            <coordinates>-80.24759342282046,7.796354675959032,0 -80.25542909048811,7.786296282245973,0 -80.25000119353824,7.774674353710177,0 -80.23673725275778,7.773111875068349,0 -80.22890218503214,7.78317130774328,0 -80.23433045776741,7.794792180052225,0 -80.24759342282046,7.796354675959032,0</coordinates>
          </LinearRing>
        </outerBoundaryIs>
      </Polygon>
    </Placemark>
    <Placemark>
      <name>8766b56edffffff</name>
      <styleUrl>#h3_poly_style</styleUrl>
      <Polygon>
        <outerBoundaryIs>
          <LinearRing>
            <coordinates>-82.80089151014047,8.39592837732923,0 -82.80882317395772,8.385874188463902,0 -82.80347988683556,8.37434056198952,0 -82.79020437535466,8.372862045256477,0 -82.78227307717525,8.3829173435067,0 -82.78761692446388,8.394450049028551,0 -82.80089151014047,8.39592837732923,0</coordinates>
          </LinearRing>
        </outerBoundaryIs>
      </Polygon>
    </Placemark>
    <Placemark>
      <name>8766b5220ffffff</name>
      <styleUrl>#h3_poly_style</styleUrl>
      <Polygon>
        <outerBoundaryIs>
          <LinearRing>
            <coordinates>-82.41174752656914,8.614539512766875,0 -82.41965877464249,8.604520853885113,0 -82.41430650274701,8.593012441096235,0 -82.40104245099775,8.591523630765376,0 -82.39313160381327,8.601543392876685,0 -82.39848440711428,8.613050862017099,0 -82.41174752656914,8.614539512766875,0</coordinates>
          </LinearRing>
        </outerBoundaryIs>
      </Polygon>
    </Placemark>
    <Placemark>
      <name>8766a3915ffffff</name>
      <styleUrl>#h3_poly_style</styleUrl>
      <Polygon>
        <outerBoundaryIs>
          <LinearRing>
            <coordinates>-80.69350099274817,8.133693168955647,0 -80.70134988401996,8.123662616062838,0 -80.69593921032752,8.112083112915457,0 -80.6826792372263,8.110535196393858,0 -80.67483090460026,8.120566804795269,0 -80.68024198605275,8.132145274158063,0 -80.69350099274817,8.133693168955647,0</coordinates>
          </LinearRing>
        </outerBoundaryIs>
      </Polygon>
    </Placemark>
    <Placemark>
      <name>8766a3b86ffffff</name>
      <styleUrl>#h3_poly_style</styleUrl>
      <Polygon>
        <outerBoundaryIs>
          <LinearRing>
            <coordinates>-80.57570710305383,7.746982143592098,0 -80.58356004106895,7.736908244532873,0 -80.57813961630696,7.725280281428212,0 -80.56486585305869,7.72372725543185,0 -80.55701348569116,7.733802200580747,0 -80.5624343105461,7.745429125586442,0 -80.57570710305383,7.746982143592098,0</coordinates>
          </LinearRing>
        </outerBoundaryIs>
      </Polygon>
    </Placemark>
    <Placemark>
      <name>876613d8affffff</name>
      <styleUrl>#h3_poly_style</styleUrl>
      <Polygon>
        <outerBoundaryIs>
          <LinearRing>
            <coordinates>-78.23830845853216,8.167065406173764,0 -78.24602571910492,8.15711942393573,0 -78.24056139436486,8.145550391322447,0 -78.22737958206712,8.143928505315854,0 -78.2196630961749,8.153875484452445,0 -78.2251276475297,8.165443352675611,0 -78.23830845853216,8.167065406173764,0</coordinates>
          </LinearRing>
        </outerBoundaryIs>
      </Polygon>
    </Placemark>
    <Placemark>
      <name>8766a3b84ffffff</name>
      <styleUrl>#h3_poly_style</styleUrl>
      <Polygon>
        <outerBoundaryIs>
          <LinearRing>
            <coordinates>-80.55458260258918,7.755501397624741,0 -80.5624343105461,7.745429125586442,0 -80.55701348569116,7.733802200580747,0 -80.54374055398584,7.732248586864396,0 -80.53588941854835,7.742321904627503,0 -80.5413106419186,7.7539477903325285,0 -80.55458260258918,7.755501397624741,0</coordinates>
          </LinearRing>
        </outerBoundaryIs>
      </Polygon>
    </Placemark>
    <Placemark>
      <name>8766a14c6ffffff</name>
      <styleUrl>#h3_poly_style</styleUrl>
      <Polygon>
        <outerBoundaryIs>
          <LinearRing>
            <coordinates>-80.28015388093688,7.866048666520398,0 -80.28798942294694,7.855997743905376,0 -80.28256354039682,7.8443844231139455,0 -80.26930173744012,7.8428230797071645,0 -80.26146679218921,7.852875043309916,0 -80.26689305275848,7.86448730928533,0 -80.28015388093688,7.866048666520398,0</coordinates>
          </LinearRing>
        </outerBoundaryIs>
      </Polygon>
    </Placemark>
    <Placemark>
      <name>8766a565effffff</name>
      <styleUrl>#h3_poly_style</styleUrl>
      <Polygon>
        <outerBoundaryIs>
          <LinearRing>
            <coordinates>-79.79698476899222,8.595301345786801,0 -79.80477765181087,8.585355715005422,0 -79.79935279700835,8.573834323884327,0 -79.78613471824389,8.572259646802356,0 -79.7783424723139,8.582206319132926,0 -79.78376766788591,8.593726626955123,0 -79.79698476899222,8.595301345786801,0</coordinates>
          </LinearRing>
        </outerBoundaryIs>
      </Polygon>
    </Placemark>
    <Placemark>
      <name>8766138f0ffffff</name>
      <styleUrl>#h3_poly_style</styleUrl>
      <Polygon>
        <outerBoundaryIs>
          <LinearRing>
            <coordinates>-77.74990339216363,8.052199797678531,0 -77.75759412358919,8.042257272404921,0 -77.7521194780913,8.030678144208705,0 -77.73895391009923,8.02904273096998,0 -77.73126399560748,8.038986239093363,0 -77.73673883180568,8.050564177590498,0 -77.74990339216363,8.052199797678531,0</coordinates>
          </LinearRing>
        </outerBoundaryIs>
      </Polygon>
    </Placemark>
    <Placemark>
      <name>8766b5730ffffff</name>
      <styleUrl>#h3_poly_style</styleUrl>
      <Polygon>
        <outerBoundaryIs>
          <LinearRing>
            <coordinates>-82.88145512563078,8.732349916699912,0 -82.88938124365309,8.722334008199054,0 -82.88404639894836,8.710845730539454,0 -82.87078487111452,8.709374280390504,0 -82.86285911052957,8.719391304521373,0 -82.8681945199674,8.730878663093533,0 -82.88145512563078,8.732349916699912,0</coordinates>
          </LinearRing>
        </outerBoundaryIs>
      </Polygon>
    </Placemark>
    <Placemark>
      <name>8766a2010ffffff</name>
      <styleUrl>#h3_poly_style</styleUrl>
      <Polygon>
        <outerBoundaryIs>
          <LinearRing>
            <coordinates>-81.82905712258695,8.253669730112046,0 -81.83695383200796,8.243622467728217,0 -81.83157726181703,8.232062706030463,0 -81.81830349142378,8.230551179539669,0 -81.81040723722882,8.240599526395625,0 -81.81578429782428,8.252158315205051,0 -81.82905712258695,8.253669730112046,0</coordinates>
          </LinearRing>
        </outerBoundaryIs>
      </Polygon>
    </Placemark>
    <Placemark>
      <name>8766a0451ffffff</name>
      <styleUrl>#h3_poly_style</styleUrl>
      <Polygon>
        <outerBoundaryIs>
          <LinearRing>
            <coordinates>-81.0705826068877,8.537996046346347,0 -81.07843890746018,8.528004096259014,0 -81.07304536529672,8.51647733431531,0 -81.05979508789737,8.514943537804928,0 -81.05193931056809,8.524936558633794,0 -81.05733328701918,8.53646230517505,0 -81.0705826068877,8.537996046346347,0</coordinates>
          </LinearRing>
        </outerBoundaryIs>
      </Polygon>
    </Placemark>
    <Placemark>
      <name>8766a0303ffffff</name>
      <styleUrl>#h3_poly_style</styleUrl>
      <Polygon>
        <outerBoundaryIs>
          <LinearRing>
            <coordinates>-80.47455821616774,8.46854415132736,0 -80.48238820844054,8.458561270753243,0 -80.47697765460144,8.447023976616068,0 -80.46373671727717,8.445470609988687,0 -80.45590730209193,8.455454546171781,0 -80.46131824676792,8.46699079332401,0 -80.47455821616774,8.46854415132736,0</coordinates>
          </LinearRing>
        </outerBoundaryIs>
      </Polygon>
    </Placemark>
    <Placemark>
      <name>8766a079dffffff</name>
      <styleUrl>#h3_poly_style</styleUrl>
      <Polygon>
        <outerBoundaryIs>
          <LinearRing>
            <coordinates>-81.05052405274269,8.361088901121622,0 -81.0583838842733,8.351075820703725,0 -81.05298673663863,8.339526190560102,0 -81.0397293237846,8.337990656427285,0 -81.03187001790332,8.3480048044652,0 -81.03726759885036,8.359553418959832,0 -81.05052405274269,8.361088901121622,0</coordinates>
          </LinearRing>
        </outerBoundaryIs>
      </Polygon>
    </Placemark>
    <Placemark>
      <name>8766a2312ffffff</name>
      <styleUrl>#h3_poly_style</styleUrl>
      <Polygon>
        <outerBoundaryIs>
          <LinearRing>
            <coordinates>-81.58902687139242,8.061918912410318,0 -81.59691817971188,8.051854949310112,0 -81.59153118157744,8.040269327660392,0 -81.5782524012315,8.038748653765587,0 -81.57036157062157,8.048813692688247,0 -81.5757490422705,8.060398329621044,0 -81.58902687139242,8.061918912410318,0</coordinates>
          </LinearRing>
        </outerBoundaryIs>
      </Polygon>
    </Placemark>
    <Placemark>
      <name>8766a0325ffffff</name>
      <styleUrl>#h3_poly_style</styleUrl>
      <Polygon>
        <outerBoundaryIs>
          <LinearRing>
            <coordinates>-80.42517634748279,8.549908580493312,0 -80.43300189982968,8.539937325203665,0 -80.4275915002274,8.528410390040786,0 -80.41435516089105,8.526855760021698,0 -80.40653018974814,8.536828071002017,0 -80.41194097636249,8.548353956262005,0 -80.42517634748279,8.549908580493312,0</coordinates>
          </LinearRing>
        </outerBoundaryIs>
      </Polygon>
    </Placemark>
    <Placemark>
      <name>8766a501affffff</name>
      <styleUrl>#h3_poly_style</styleUrl>
      <Polygon>
        <outerBoundaryIs>
          <LinearRing>
            <coordinates>-79.74969558100318,9.023475248877704,0 -79.75747530226148,9.013585700144905,0 -79.75205681577908,9.002119573702634,0 -79.73885827130051,9.000544082415757,0 -79.73107918934774,9.0104346780538,0 -79.73649801219585,9.02189971803249,0 -79.74969558100318,9.023475248877704,0</coordinates>
          </LinearRing>
        </outerBoundaryIs>
      </Polygon>
    </Placemark>
    <Placemark>
      <name>87679b645ffffff</name>
      <styleUrl>#h3_poly_style</styleUrl>
      <Polygon>
        <outerBoundaryIs>
          <LinearRing>
            <coordinates>-82.58743313256426,9.502095829757398,0 -82.59532863822098,9.492181672617331,0 -82.5899972712168,9.480794707734704,0 -82.5767698572239,9.479322839138892,0 -82.56887473413693,9.489238113887358,0 -82.57420664210166,9.500624139548457,0 -82.58743313256426,9.502095829757398,0</coordinates>
          </LinearRing>
        </outerBoundaryIs>
      </Polygon>
    </Placemark>
    <Placemark>
      <name>8766a1db1ffffff</name>
      <styleUrl>#h3_poly_style</styleUrl>
      <Polygon>
        <outerBoundaryIs>
          <LinearRing>
            <coordinates>-80.21042381496572,8.491952744954414,0 -80.21824024805284,8.481980924916973,0 -80.21282347941604,8.47044633301636,0 -80.19958990592676,8.468884622238297,0 -80.19177407343463,8.478857491988188,0 -80.19719121346178,8.490391022757601,0 -80.21042381496572,8.491952744954414,0</coordinates>
          </LinearRing>
        </outerBoundaryIs>
      </Polygon>
    </Placemark>
    <Placemark>
      <name>8766a21abffffff</name>
      <styleUrl>#h3_poly_style</styleUrl>
      <Polygon>
        <outerBoundaryIs>
          <LinearRing>
            <coordinates>-81.84014388719197,8.331517252260713,0 -81.84803909935317,8.321479056802293,0 -81.84266419963404,8.309929413072563,0 -81.82939359641082,8.308418937520862,0 -81.82149883823675,8.318458218862206,0 -81.82687422892226,8.33000688980695,0 -81.84014388719197,8.331517252260713,0</coordinates>
          </LinearRing>
        </outerBoundaryIs>
      </Polygon>
    </Placemark>
    <Placemark>
      <name>8766a2b5cffffff</name>
      <styleUrl>#h3_poly_style</styleUrl>
      <Polygon>
        <outerBoundaryIs>
          <LinearRing>
            <coordinates>-81.21703852376737,8.314778461601264,0 -81.22490707266039,8.304755041467335,0 -81.21951375036515,8.29320008510334,0 -81.20625143318561,8.291669555246566,0 -81.19838339502526,8.30169404624799,0 -81.20377716293517,8.313247996180685,0 -81.21703852376737,8.314778461601264,0</coordinates>
          </LinearRing>
        </outerBoundaryIs>
      </Polygon>
    </Placemark>
    <Placemark>
      <name>8766b5082ffffff</name>
      <styleUrl>#h3_poly_style</styleUrl>
      <Polygon>
        <outerBoundaryIs>
          <LinearRing>
            <coordinates>-82.84991417110997,8.826844995967575,0 -82.85783672413875,8.81684123123323,0 -82.85250243751058,8.80536526250458,0 -82.83924503534614,8.803893979875337,0 -82.83132284243952,8.81389886067222,0 -82.83665769120178,8.82537390795844,0 -82.84991417110997,8.826844995967575,0</coordinates>
          </LinearRing>
        </outerBoundaryIs>
      </Polygon>
    </Placemark>
    <Placemark>
      <name>8766a3d1effffff</name>
      <styleUrl>#h3_poly_style</styleUrl>
      <Polygon>
        <outerBoundaryIs>
          <LinearRing>
            <coordinates>-81.12484421703428,8.06332164865828,0 -81.13271491545235,8.05327034687511,0 -81.12731468813234,8.041683028570235,0 -81.11404332243575,8.040148022016748,0 -81.10617314393426,8.050200388520459,0 -81.11157381083528,8.06178669680038,0 -81.12484421703428,8.06332164865828,0</coordinates>
          </LinearRing>
        </outerBoundaryIs>
      </Polygon>
    </Placemark>
    <Placemark>
      <name>8766a570effffff</name>
      <styleUrl>#h3_poly_style</styleUrl>
      <Polygon>
        <outerBoundaryIs>
          <LinearRing>
            <coordinates>-79.85020353949584,8.84051455874579,0 -79.85799303047916,8.830598253039048,0 -79.85257368306623,8.819108361891539,0 -79.83936450015665,8.817535857388167,0 -79.83157564035915,8.827453209655362,0 -79.83699533191233,8.838942019823433,0 -79.85020353949584,8.84051455874579,0</coordinates>
          </LinearRing>
        </outerBoundaryIs>
      </Polygon>
    </Placemark>
    <Placemark>
      <name>8766a5c19ffffff</name>
      <styleUrl>#h3_poly_style</styleUrl>
      <Polygon>
        <outerBoundaryIs>
          <LinearRing>
            <coordinates>-79.95403731492537,9.350154295918651,0 -79.9618193319966,9.340300024203392,0 -79.95641131187172,9.328876967188988,0 -79.9432209236963,9.327309257945101,0 -79.93543952658763,9.337164585778288,0 -79.94084789732038,9.348586566693637,0 -79.95403731492537,9.350154295918651,0</coordinates>
          </LinearRing>
        </outerBoundaryIs>
      </Polygon>
    </Placemark>
    <Placemark>
      <name>8766a3943ffffff</name>
      <styleUrl>#h3_poly_style</styleUrl>
      <Polygon>
        <outerBoundaryIs>
          <LinearRing>
            <coordinates>-80.52543911964356,8.015472702489259,0 -80.53328292091491,8.00543267397677,0 -80.5278658327668,7.993838070974148,0 -80.5146045472575,7.992284538717183,0 -80.5067613201772,8.002325616731943,0 -80.51217880403796,8.013919177451898,0 -80.52543911964356,8.015472702489259,0</coordinates>
          </LinearRing>
        </outerBoundaryIs>
      </Polygon>
    </Placemark>
    <Placemark>
      <name>8766b50d4ffffff</name>
      <styleUrl>#h3_poly_style</styleUrl>
      <Polygon>
        <outerBoundaryIs>
          <LinearRing>
            <coordinates>-82.75694433513249,8.762086944007688,0 -82.76486507015059,8.752077604826747,0 -82.75952657824001,8.740592015809973,0 -82.74626679523143,8.73911669190601,0 -82.73834642903613,8.749127144211014,0 -82.74368547665279,8.760611807219659,0 -82.75694433513249,8.762086944007688,0</coordinates>
          </LinearRing>
        </outerBoundaryIs>
      </Polygon>
    </Placemark>
    <Placemark>
      <name>8766b5311ffffff</name>
      <styleUrl>#h3_poly_style</styleUrl>
      <Polygon>
        <outerBoundaryIs>
          <LinearRing>
            <coordinates>-82.46246367512062,8.69653170450779,0 -82.4703748260587,8.68652168539019,0 -82.46502558768586,8.675024569038925,0 -82.45176466322168,8.673538413176992,0 -82.44385390831097,8.683549537772544,0 -82.44920368146252,8.695045712679217,0 -82.46246367512062,8.69653170450779,0</coordinates>
          </LinearRing>
        </outerBoundaryIs>
      </Polygon>
    </Placemark>
    <Placemark>
      <name>8766a38edffffff</name>
      <styleUrl>#h3_poly_style</styleUrl>
      <Polygon>
        <outerBoundaryIs>
          <LinearRing>
            <coordinates>-80.60578863567108,7.838392560308685,0 -80.61364073305825,7.828328784139133,0 -80.6082226669069,7.816712173773437,0 -80.59495210091605,7.8151603765086195,0 -80.587100571135,7.825225201099151,0 -80.59251903936077,7.836840774483214,0 -80.60578863567108,7.838392560308685,0</coordinates>
          </LinearRing>
        </outerBoundaryIs>
      </Polygon>
    </Placemark>
    <Placemark>
      <name>8766a2a83ffffff</name>
      <styleUrl>#h3_poly_style</styleUrl>
      <Polygon>
        <outerBoundaryIs>
          <LinearRing>
            <coordinates>-81.49188146473313,8.204188531943139,0 -81.49976497426786,8.194144209623524,0 -81.4943775876671,8.182576278086227,0 -81.48110622515279,8.181053659718803,0 -81.47322320174135,8.191099057751208,0 -81.4786110543439,8.20266599837706,0 -81.49188146473313,8.204188531943139,0</coordinates>
          </LinearRing>
        </outerBoundaryIs>
      </Polygon>
    </Placemark>
    <Placemark>
      <name>8766b50ecffffff</name>
      <styleUrl>#h3_poly_style</styleUrl>
      <Polygon>
        <outerBoundaryIs>
          <LinearRing>
            <coordinates>-82.6350410430991,8.77028474235422,0 -82.64295696607532,8.760279369058257,0 -82.63761459596464,8.748793668824069,0 -82.62435575557302,8.747314274438764,0 -82.61644021260125,8.757320758145015,0 -82.62178312964264,8.768805525751418,0 -82.6350410430991,8.77028474235422,0</coordinates>
          </LinearRing>
        </outerBoundaryIs>
      </Polygon>
    </Placemark>
    <Placemark>
      <name>8766a3994ffffff</name>
      <styleUrl>#h3_poly_style</styleUrl>
      <Polygon>
        <outerBoundaryIs>
          <LinearRing>
            <coordinates>-80.85997595370276,8.087389936009066,0 -80.86783384577888,8.077348969441632,0 -80.86242679793793,8.065763961600323,0 -80.84916143754319,8.064220944811456,0 -80.84130408926549,8.074262970129496,0 -80.84671155720685,8.08584695343223,0 -80.85997595370276,8.087389936009066,0</coordinates>
          </LinearRing>
        </outerBoundaryIs>
      </Polygon>
    </Placemark>
    <Placemark>
      <name>8766a5b84ffffff</name>
      <styleUrl>#h3_poly_style</styleUrl>
      <Polygon>
        <outerBoundaryIs>
          <LinearRing>
            <coordinates>-79.40735069137845,9.220067854441911,0 -79.41510747224133,9.210215522555218,0 -79.40968475559936,9.198775275565236,0 -79.39650494687265,9.197188464681906,0 -79.38874883452807,9.207041838378862,0 -79.3941718620213,9.21848098111185,0 -79.40735069137845,9.220067854441911,0</coordinates>
          </LinearRing>
        </outerBoundaryIs>
      </Polygon>
    </Placemark>
    <Placemark>
      <name>8766b1920ffffff</name>
      <styleUrl>#h3_poly_style</styleUrl>
      <Polygon>
        <outerBoundaryIs>
          <LinearRing>
            <coordinates>-82.57800173067446,8.403853744226112,0 -82.58592475951556,8.393805761626462,0 -82.58057425603039,8.38227110248462,0 -82.56730017922091,8.38078535902839,0 -82.55937753652611,8.390834445902847,0 -82.56472858411908,8.402368171884765,0 -82.57800173067446,8.403853744226112,0</coordinates>
          </LinearRing>
        </outerBoundaryIs>
      </Polygon>
    </Placemark>
    <Placemark>
      <name>8766a3515ffffff</name>
      <styleUrl>#h3_poly_style</styleUrl>
      <Polygon>
        <outerBoundaryIs>
          <LinearRing>
            <coordinates>-81.30268133030117,7.743419688510348,0 -81.31056806365882,7.733325383989539,0 -81.30516732901066,7.7216984572494,0 -81.29187940710801,7.720166833218907,0 -81.28399317855377,7.730262201456208,0 -81.28939436672007,7.741888129948918,0 -81.30268133030117,7.743419688510348,0</coordinates>
          </LinearRing>
        </outerBoundaryIs>
      </Polygon>
    </Placemark>
    <Placemark>
      <name>8766b52b6ffffff</name>
      <styleUrl>#h3_poly_style</styleUrl>
      <Polygon>
        <outerBoundaryIs>
          <LinearRing>
            <coordinates>-82.63960423692352,8.563676290288727,0 -82.64752557237858,8.553645924993404,0 -82.64217981640179,8.542132848914394,0 -82.6289121766125,8.540651069027685,0 -82.62099122124572,8.550682542187277,0 -82.62633752520522,8.562194687294525,0 -82.63960423692352,8.563676290288727,0</coordinates>
          </LinearRing>
        </outerBoundaryIs>
      </Polygon>
    </Placemark>
    <Placemark>
      <name>8766a506dffffff</name>
      <styleUrl>#h3_poly_style</styleUrl>
      <Polygon>
        <outerBoundaryIs>
          <LinearRing>
            <coordinates>-79.49123044220099,9.003347344230763,0 -79.49899711099245,8.993464017472261,0 -79.49357244633013,8.981995425717825,0 -79.4803807950613,8.98041126055571,0 -79.4726147883752,8.990295627927013,0 -79.47803977048098,9.001763119809791,0 -79.49123044220099,9.003347344230763,0</coordinates>
          </LinearRing>
        </outerBoundaryIs>
      </Polygon>
    </Placemark>
    <Placemark>
      <name>8766a062bffffff</name>
      <styleUrl>#h3_poly_style</styleUrl>
      <Polygon>
        <outerBoundaryIs>
          <LinearRing>
            <coordinates>-80.85659358906032,8.294879149599225,0 -80.8644461188473,8.284863539896138,0 -80.85904256133414,8.273304852715912,0 -80.84578605436093,8.271762800956777,0 -80.83793406795698,8.281779472645187,0 -80.8433380447667,8.293337134053688,0 -80.85659358906032,8.294879149599225,0</coordinates>
          </LinearRing>
        </outerBoundaryIs>
      </Polygon>
    </Placemark>
    <Placemark>
      <name>8766a568bffffff</name>
      <styleUrl>#h3_poly_style</styleUrl>
      <Polygon>
        <outerBoundaryIs>
          <LinearRing>
            <coordinates>-79.99766040016327,8.597403247687064,0 -80.00546350566582,8.587451376628323,0 -80.00004340987448,8.575930195794088,0 -79.9868198526917,8.57436195868614,0 -79.97901736629375,8.584314876068056,0 -79.98443781759977,8.595834984191136,0 -79.99766040016327,8.597403247687064,0</coordinates>
          </LinearRing>
        </outerBoundaryIs>
      </Polygon>
    </Placemark>
    <Placemark>
      <name>8766b19b2ffffff</name>
      <styleUrl>#h3_poly_style</styleUrl>
      <Polygon>
        <outerBoundaryIs>
          <LinearRing>
            <coordinates>-82.80865772444473,8.331148656250907,0 -82.81659131897294,8.321086616494558,0 -82.81124718548905,8.309544574304908,0 -82.79796889614553,8.30806549181167,0 -82.79003566669031,8.318128640248545,0 -82.79538036113036,8.329669762421553,0 -82.80865772444473,8.331148656250907,0</coordinates>
          </LinearRing>
        </outerBoundaryIs>
      </Polygon>
    </Placemark>
    <Placemark>
      <name>8766a148dffffff</name>
      <styleUrl>#h3_poly_style</styleUrl>
      <Polygon>
        <outerBoundaryIs>
          <LinearRing>
            <coordinates>-80.33621039389234,7.905556197917847,0 -80.34404771583273,7.895508402372863,0 -80.3386239181365,7.883899982622861,0 -80.32536241606778,7.882340410347841,0 -80.31752568571281,7.892389248932853,0 -80.32294986546385,7.903996616705732,0 -80.33621039389234,7.905556197917847,0</coordinates>
          </LinearRing>
        </outerBoundaryIs>
      </Polygon>
    </Placemark>
    <Placemark>
      <name>8766a39a5ffffff</name>
      <styleUrl>#h3_poly_style</styleUrl>
      <Polygon>
        <outerBoundaryIs>
          <LinearRing>
            <coordinates>-80.75439041373464,8.129849243347753,0 -80.76224228416105,8.119816458699278,0 -80.75683315154009,8.108236585434598,0 -80.74357173587582,8.106690527240742,0 -80.73572041862383,8.116724368796461,0 -80.74112996348471,8.128303211586456,0 -80.75439041373464,8.129849243347753,0</coordinates>
          </LinearRing>
        </outerBoundaryIs>
      </Polygon>
    </Placemark>
    <Placemark>
      <name>8766a1d89ffffff</name>
      <styleUrl>#h3_poly_style</styleUrl>
      <Polygon>
        <outerBoundaryIs>
          <LinearRing>
            <coordinates>-80.14060963286134,8.396517712227613,0 -80.1484249700112,8.386536189290766,0 -80.14300483517667,8.374989408860312,0 -80.12976899633169,8.37342521585545,0 -80.12195426636669,8.383407785333919,0 -80.12737476768658,8.394953501230473,0 -80.14060963286134,8.396517712227613,0</coordinates>
          </LinearRing>
        </outerBoundaryIs>
      </Polygon>
    </Placemark>
    <Placemark>
      <name>8766b5326ffffff</name>
      <styleUrl>#h3_poly_style</styleUrl>
      <Polygon>
        <outerBoundaryIs>
          <LinearRing>
            <coordinates>-82.41245088480886,8.778047818642742,0 -82.4203580180087,8.768048939321954,0 -82.41500857108939,8.75656220499866,0 -82.40175145969593,8.755075294572537,0 -82.39384472690054,8.765075279254063,0 -82.39919470471987,8.776561068928663,0 -82.41245088480886,8.778047818642742,0</coordinates>
          </LinearRing>
        </outerBoundaryIs>
      </Polygon>
    </Placemark>
    <Placemark>
      <name>8766b1d75ffffff</name>
      <styleUrl>#h3_poly_style</styleUrl>
      <Polygon>
        <outerBoundaryIs>
          <LinearRing>
            <coordinates>-82.91472918342615,8.288209157398287,0 -82.92266779161146,8.278139622716031,0 -82.91732648622316,8.266592998891745,0 -82.90404600354711,8.265116823535536,0 -82.89610775074436,8.275187468792813,0 -82.90144962485988,8.286733178753536,0 -82.91472918342615,8.288209157398287,0</coordinates>
          </LinearRing>
        </outerBoundaryIs>
      </Polygon>
    </Placemark>
    <Placemark>
      <name>8766a069bffffff</name>
      <styleUrl>#h3_poly_style</styleUrl>
      <Polygon>
        <outerBoundaryIs>
          <LinearRing>
            <coordinates>-81.09136527198147,8.179935174028557,0 -81.09923151916806,8.169898892800596,0 -81.09383237333076,8.158326258853101,0 -81.08056654312585,8.156790918578938,0 -81.07270081850088,8.166828265587164,0 -81.07810040114211,8.178399887032864,0 -81.09136527198147,8.179935174028557,0</coordinates>
          </LinearRing>
        </outerBoundaryIs>
      </Polygon>
    </Placemark>
    <Placemark>
      <name>8766a0adeffffff</name>
      <styleUrl>#h3_poly_style</styleUrl>
      <Polygon>
        <outerBoundaryIs>
          <LinearRing>
            <coordinates>-80.36923543888594,8.510659983099284,0 -80.37705924247344,8.500685562660793,0 -80.37164675011552,8.489153514982425,0 -80.35841007079014,8.487596940440735,0 -80.35058685355378,8.497572414644482,0 -80.35599972891649,8.50910340957663,0 -80.36923543888594,8.510659983099284,0</coordinates>
          </LinearRing>
        </outerBoundaryIs>
      </Polygon>
    </Placemark>
    <Placemark>
      <name>8766b582dffffff</name>
      <styleUrl>#h3_poly_style</styleUrl>
      <Polygon>
        <outerBoundaryIs>
          <LinearRing>
            <coordinates>-82.41455654985303,9.266677140620263,0 -82.42245136406041,9.256738218219045,0 -82.4171103742162,9.245317260156176,0 -82.40387404040429,9.243836171644213,0 -82.39597962515327,9.25377620525291,0 -82.40132114438525,9.265196216093422,0 -82.41455654985303,9.266677140620263,0</coordinates>
          </LinearRing>
        </outerBoundaryIs>
      </Polygon>
    </Placemark>
    <Placemark>
      <name>8766b1d63ffffff</name>
      <styleUrl>#h3_poly_style</styleUrl>
      <Polygon>
        <outerBoundaryIs>
          <LinearRing>
            <coordinates>-82.87748497688155,8.262163119170983,0 -82.88542287255262,8.252091363956138,0 -82.88007986858256,8.24054097092734,0 -82.86679840241811,8.239063248724191,0 -82.85886086562799,8.249136113278064,0 -82.86420443574598,8.260685590618747,0 -82.87748497688155,8.262163119170983,0</coordinates>
          </LinearRing>
        </outerBoundaryIs>
      </Polygon>
    </Placemark>
    <Placemark>
      <name>8766b5b5dffffff</name>
      <styleUrl>#h3_poly_style</styleUrl>
      <Polygon>
        <outerBoundaryIs>
          <LinearRing>
            <coordinates>-82.11125334156824,8.939877888542611,0 -82.11914436685879,8.929906604605252,0 -82.11378820874253,8.918438885695968,0 -82.10054051631154,8.91694341234631,0 -82.09264991853891,8.92691579671725,0 -82.09800658530528,8.938382553935309,0 -82.11125334156824,8.939877888542611,0</coordinates>
          </LinearRing>
        </outerBoundaryIs>
      </Polygon>
    </Placemark>
    <Placemark>
      <name>8766b56d8ffffff</name>
      <styleUrl>#h3_poly_style</styleUrl>
      <Polygon>
        <outerBoundaryIs>
          <LinearRing>
            <coordinates>-82.90953566447503,8.331425249890986,0 -82.91747298664893,8.321360927740885,0 -82.91213224286514,8.309819909148503,0 -82.8988536083346,8.308344127131901,0 -82.89091664192462,8.318409560330194,0 -82.89625795390617,8.329949664419187,0 -82.90953566447503,8.331425249890986,0</coordinates>
          </LinearRing>
        </outerBoundaryIs>
      </Polygon>
    </Placemark>
    <Placemark>
      <name>8766a351dffffff</name>
      <styleUrl>#h3_poly_style</styleUrl>
      <Polygon>
        <outerBoundaryIs>
          <LinearRing>
            <coordinates>-81.26778749830669,7.695375614816444,0 -81.27567387635094,7.6852765492603226,0 -81.27027132741986,7.673643524969032,0 -81.25698194896705,7.672110566005999,0 -81.24909607905815,7.682210693610754,0 -81.25449907908782,7.693842718071779,0 -81.26778749830669,7.695375614816444,0</coordinates>
          </LinearRing>
        </outerBoundaryIs>
      </Polygon>
    </Placemark>
    <Placemark>
      <name>8766a5124ffffff</name>
      <styleUrl>#h3_poly_style</styleUrl>
      <Polygon>
        <outerBoundaryIs>
          <LinearRing>
            <coordinates>-79.65852474847085,9.304130546846485,0 -79.66629269176251,9.294280400353816,0 -79.66087702642693,9.282851081178165,0 -79.64769308834626,9.28127299977718,0 -79.63992579121418,9.29112419501229,0 -79.64534178563227,9.302552422865745,0 -79.65852474847085,9.304130546846485,0</coordinates>
          </LinearRing>
        </outerBoundaryIs>
      </Polygon>
    </Placemark>
    <Placemark>
      <name>8766a5144ffffff</name>
      <styleUrl>#h3_poly_style</styleUrl>
      <Polygon>
        <outerBoundaryIs>
          <LinearRing>
            <coordinates>-79.55395590401461,9.16215191138792,0 -79.56172191666664,9.15228694473849,0 -79.5563014194442,9.140838998167693,0 -79.54311458748029,9.139257114901888,0 -79.53534923075904,9.149123125915738,0 -79.54077004969973,9.1605699757922,0 -79.55395590401461,9.16215191138792,0</coordinates>
          </LinearRing>
        </outerBoundaryIs>
      </Polygon>
    </Placemark>
    <Placemark>
      <name>8766a036dffffff</name>
      <styleUrl>#h3_poly_style</styleUrl>
      <Polygon>
        <outerBoundaryIs>
          <LinearRing>
            <coordinates>-80.25973559525669,8.41057659686728,0 -80.26755651286436,8.40059311484711,0 -80.26213955085389,8.389048178362955,0 -80.24890129565307,8.387487782086373,0 -80.2410809745544,8.397472313706976,0 -80.24649831177216,8.409016191957106,0 -80.25973559525669,8.41057659686728,0</coordinates>
          </LinearRing>
        </outerBoundaryIs>
      </Polygon>
    </Placemark>
    <Placemark>
      <name>8766b5a50ffffff</name>
      <styleUrl>#h3_poly_style</styleUrl>
      <Polygon>
        <outerBoundaryIs>
          <LinearRing>
            <coordinates>-82.18483384733807,8.82862142651621,0 -82.19273066436382,8.81863455934579,0 -82.18737488435836,8.80715260827465,0 -82.17412177262794,8.805658481462217,0 -82.16622537670362,8.81564644936839,0 -82.17158167103388,8.827127443281501,0 -82.18483384733807,8.82862142651621,0</coordinates>
          </LinearRing>
        </outerBoundaryIs>
      </Polygon>
    </Placemark>
    <Placemark>
      <name>8766b565affffff</name>
      <styleUrl>#h3_poly_style</styleUrl>
      <Polygon>
        <outerBoundaryIs>
          <LinearRing>
            <coordinates>-82.78227307717525,8.3829173435067,0 -82.79020437535466,8.372862045256477,0 -82.7848602456872,8.361326532111024,0 -82.77158425858967,8.359847239006044,0 -82.76365332779497,8.369903646028463,0 -82.76899801633796,8.381438237307362,0 -82.78227307717525,8.3829173435067,0</coordinates>
          </LinearRing>
        </outerBoundaryIs>
      </Polygon>
    </Placemark>
    <Placemark>
      <name>87661671effffff</name>
      <styleUrl>#h3_poly_style</styleUrl>
      <Polygon>
        <outerBoundaryIs>
          <LinearRing>
            <coordinates>-78.88446957473926,9.242949091169518,0 -78.89219721490684,9.233118535154768,0 -78.88676397478896,9.22168227855506,0 -78.87360282167776,9.220077708989697,0 -78.86587589538291,9.229909295125287,0 -78.87130940795765,9.24134442067475,0 -78.88446957473926,9.242949091169518,0</coordinates>
          </LinearRing>
        </outerBoundaryIs>
      </Polygon>
    </Placemark>
    <Placemark>
      <name>8766a2008ffffff</name>
      <styleUrl>#h3_poly_style</styleUrl>
      <Polygon>
        <outerBoundaryIs>
          <LinearRing>
            <coordinates>-81.7332830327515,8.209909680835834,0 -81.74117679729983,8.199859659388325,0 -81.73579660608745,8.188293711585102,0 -81.72252216637561,8.186778762982746,0 -81.71462886592856,8.196829865972868,0 -81.72000954071511,8.208394835958709,0 -81.7332830327515,8.209909680835834,0</coordinates>
          </LinearRing>
        </outerBoundaryIs>
      </Polygon>
    </Placemark>
    <Placemark>
      <name>8766a3119ffffff</name>
      <styleUrl>#h3_poly_style</styleUrl>
      <Polygon>
        <outerBoundaryIs>
          <LinearRing>
            <coordinates>-80.84315202137262,7.701208023742738,0 -80.85101879858301,7.691121128775776,0 -80.84560464308808,7.6794878200080205,0 -80.83232329010671,7.677942429349239,0 -80.82445705955756,7.6880303761238045,0 -80.8298716349499,7.699662661696476,0 -80.84315202137262,7.701208023742738,0</coordinates>
          </LinearRing>
        </outerBoundaryIs>
      </Polygon>
    </Placemark>
    <Placemark>
      <name>8766a16daffffff</name>
      <styleUrl>#h3_poly_style</styleUrl>
      <Polygon>
        <outerBoundaryIs>
          <LinearRing>
            <coordinates>-80.06350183079209,7.455641586012895,0 -80.07133676532068,7.445547687019378,0 -80.06589846775415,7.433884329424627,0 -80.05262487229463,7.432315935165886,0 -80.04479055551214,7.442410862317089,0 -80.0502292160646,7.454073155525936,0 -80.06350183079209,7.455641586012895,0</coordinates>
          </LinearRing>
        </outerBoundaryIs>
      </Polygon>
    </Placemark>
    <Placemark>
      <name>8766b5936ffffff</name>
      <styleUrl>#h3_poly_style</styleUrl>
      <Polygon>
        <outerBoundaryIs>
          <LinearRing>
            <coordinates>-82.53175415311738,9.4635142351614,0 -82.53964850588288,9.453596726841011,0 -82.53431466960225,9.442203866857925,0 -82.52108594307317,9.44072945709154,0 -82.51319197805958,9.450648081373316,0 -82.51852635145148,9.462039999385947,0 -82.53175415311738,9.4635142351614,0</coordinates>
          </LinearRing>
        </outerBoundaryIs>
      </Polygon>
    </Placemark>
    <Placemark>
      <name>8766a0a85ffffff</name>
      <styleUrl>#h3_poly_style</styleUrl>
      <Polygon>
        <outerBoundaryIs>
          <LinearRing>
            <coordinates>-80.43415941214373,8.648913243816663,0 -80.44198291873589,8.638954070440235,0 -80.43657446350778,8.627439899767225,0 -80.4233421138877,8.62588595216935,0 -80.41551918732785,8.63584618294305,0 -80.42092802998097,8.647359303868429,0 -80.43415941214373,8.648913243816663,0</coordinates>
          </LinearRing>
        </outerBoundaryIs>
      </Polygon>
    </Placemark>
    <Placemark>
      <name>8766a0a4dffffff</name>
      <styleUrl>#h3_poly_style</styleUrl>
      <Polygon>
        <outerBoundaryIs>
          <LinearRing>
            <coordinates>-80.12146036960813,8.56854623791982,0 -80.12927044183681,8.558586794466137,0 -80.1238528269186,8.547061950513637,0 -80.11062477472161,8.545497616052572,0 -80.10281531071229,8.555458108306441,0 -80.10823329030603,8.566981886176105,0 -80.12146036960813,8.56854623791982,0</coordinates>
          </LinearRing>
        </outerBoundaryIs>
      </Polygon>
    </Placemark>
    <Placemark>
      <name>8766a5ba3ffffff</name>
      <styleUrl>#h3_poly_style</styleUrl>
      <Polygon>
        <outerBoundaryIs>
          <LinearRing>
            <coordinates>-79.38641640729371,9.22833150032066,0 -79.3941718620213,9.21848098111185,0 -79.38874883452807,9.207041838378862,0 -79.3755700426369,9.20545432015064,0 -79.36781525822121,9.215305880805472,0 -79.3732385950143,9.226743918205718,0 -79.38641640729371,9.22833150032066,0</coordinates>
          </LinearRing>
        </outerBoundaryIs>
      </Polygon>
    </Placemark>
    <Placemark>
      <name>8766b56dbffffff</name>
      <styleUrl>#h3_poly_style</styleUrl>
      <Polygon>
        <outerBoundaryIs>
          <LinearRing>
            <coordinates>-82.91213224286514,8.309819909148503,0 -82.92007020800997,8.299752979649009,0 -82.91472918342615,8.288209157398287,0 -82.90144962485988,8.286733178753536,0 -82.89351201528832,8.296801219065378,0 -82.8988536083346,8.308344127131901,0 -82.91213224286514,8.309819909148503,0</coordinates>
          </LinearRing>
        </outerBoundaryIs>
      </Polygon>
    </Placemark>
    <Placemark>
      <name>8766b5224ffffff</name>
      <styleUrl>#h3_poly_style</styleUrl>
      <Polygon>
        <outerBoundaryIs>
          <LinearRing>
            <coordinates>-82.4091889088635,8.636061102084296,0 -82.41709951168235,8.626045104727986,0 -82.41174752656914,8.614539512766875,0 -82.39848440711428,8.613050862017099,0 -82.39057420536369,8.623067962826775,0 -82.39592672162487,8.634572610860669,0 -82.4091889088635,8.636061102084296,0</coordinates>
          </LinearRing>
        </outerBoundaryIs>
      </Polygon>
    </Placemark>
    <Placemark>
      <name>8766a556bffffff</name>
      <styleUrl>#h3_poly_style</styleUrl>
      <Polygon>
        <outerBoundaryIs>
          <LinearRing>
            <coordinates>-79.92195848385559,9.098066766135071,0 -79.92974519509478,9.088181020552563,0 -79.92433201936369,9.076724687210493,0 -79.91113178319306,9.07515517698866,0 -79.90334569575991,9.085041974525303,0 -79.90875922031908,9.096497230286486,0 -79.92195848385559,9.098066766135071,0</coordinates>
          </LinearRing>
        </outerBoundaryIs>
      </Polygon>
    </Placemark>
    <Placemark>
      <name>8766a205bffffff</name>
      <styleUrl>#h3_poly_style</styleUrl>
      <Polygon>
        <outerBoundaryIs>
          <LinearRing>
            <coordinates>-81.66618666646022,8.092677097061788,0 -81.67408052032661,8.082614792195333,0 -81.66869632373151,8.07103347714031,0 -81.65541779384534,8.069515447595489,0 -81.64752441055482,8.079578830609474,0 -81.65290908619718,8.091159164957578,0 -81.66618666646022,8.092677097061788,0</coordinates>
          </LinearRing>
        </outerBoundaryIs>
      </Polygon>
    </Placemark>
    <Placemark>
      <name>8766b5b51ffffff</name>
      <styleUrl>#h3_poly_style</styleUrl>
      <Polygon>
        <outerBoundaryIs>
          <LinearRing>
            <coordinates>-82.14845667038254,8.96579407084153,0 -82.15634854550953,8.955824989537142,0 -82.15099398839406,8.944361040181652,0 -82.13774704452838,8.942867131902554,0 -82.12985559345304,8.952837314817357,0 -82.1352106618178,8.964300304331442,0 -82.14845667038254,8.96579407084153,0</coordinates>
          </LinearRing>
        </outerBoundaryIs>
      </Polygon>
    </Placemark>
    <Placemark>
      <name>8766aed16ffffff</name>
      <styleUrl>#h3_poly_style</styleUrl>
      <Polygon>
        <outerBoundaryIs>
          <LinearRing>
            <coordinates>-80.2439142506601,7.465900598114083,0 -80.25175797584842,7.45580264749305,0 -80.2463242793466,7.44414030616753,0 -80.23304648097385,7.442576969990106,0 -80.22520335732088,7.452675953425489,0 -80.23063743012655,7.46433724017833,0 -80.2439142506601,7.465900598114083,0</coordinates>
          </LinearRing>
        </outerBoundaryIs>
      </Polygon>
    </Placemark>
    <Placemark>
      <name>8766b1c63ffffff</name>
      <styleUrl>#h3_poly_style</styleUrl>
      <Polygon>
        <outerBoundaryIs>
          <LinearRing>
            <coordinates>-82.89565682608938,8.110694863454787,0 -82.90359922766372,8.100604936392289,0 -82.8982542541658,8.089035015985512,0 -82.8849663107167,8.087555935966314,0 -82.87702426669088,8.097646970646908,0 -82.88236980818974,8.109215977651198,0 -82.89565682608938,8.110694863454787,0</coordinates>
          </LinearRing>
        </outerBoundaryIs>
      </Polygon>
    </Placemark>
    <Placemark>
      <name>8766a3d59ffffff</name>
      <styleUrl>#h3_poly_style</styleUrl>
      <Polygon>
        <outerBoundaryIs>
          <LinearRing>
            <coordinates>-80.95677015786642,7.945145342004787,0 -80.96463611454439,7.935084481605249,0 -80.95922923160678,7.923481799681115,0 -80.9459559640268,7.921940996582208,0 -80.93809054288702,7.932002915718316,0 -80.94349785341122,7.943604579162143,0 -80.95677015786642,7.945145342004787,0</coordinates>
          </LinearRing>
        </outerBoundaryIs>
      </Polygon>
    </Placemark>
    <Placemark>
      <name>8766a502dffffff</name>
      <styleUrl>#h3_poly_style</styleUrl>
      <Polygon>
        <outerBoundaryIs>
          <LinearRing>
            <coordinates>-79.62152253972341,9.094644428681685,0 -79.62929379597806,9.084768403637353,0 -79.62387363418964,9.073311597493548,0 -79.61068188896118,9.07173190952569,0 -79.60291128299158,9.08160897953112,0 -79.60833177159378,9.093064692503791,0 -79.62152253972341,9.094644428681685,0</coordinates>
          </LinearRing>
        </outerBoundaryIs>
      </Polygon>
    </Placemark>
    <Placemark>
      <name>8766aeda6ffffff</name>
      <styleUrl>#h3_poly_style</styleUrl>
      <Polygon>
        <outerBoundaryIs>
          <LinearRing>
            <coordinates>-80.30487037105956,7.462051522003342,0 -80.31271721370345,7.45195135241977,0 -80.30728497062478,7.440288494881582,0 -80.29400550370508,7.438726858088795,0 -80.28615925713633,7.448828061920574,0 -80.29159188103327,7.46048986825058,0 -80.30487037105956,7.462051522003342,0</coordinates>
          </LinearRing>
        </outerBoundaryIs>
      </Polygon>
    </Placemark>
    <Placemark>
      <name>8766a5131ffffff</name>
      <styleUrl>#h3_poly_style</styleUrl>
      <Polygon>
        <outerBoundaryIs>
          <LinearRing>
            <coordinates>-79.70278631444413,9.266297330717068,0 -79.71055751379603,9.256440740969172,0 -79.70514219301519,9.245006436602992,0 -79.69195534010659,9.243429810980512,0 -79.68418478318407,9.253287449968237,0 -79.68960043636959,9.264720665297935,0 -79.70278631444413,9.266297330717068,0</coordinates>
          </LinearRing>
        </outerBoundaryIs>
      </Polygon>
    </Placemark>
    <Placemark>
      <name>8766105b3ffffff</name>
      <styleUrl>#h3_poly_style</styleUrl>
      <Polygon>
        <outerBoundaryIs>
          <LinearRing>
            <coordinates>-78.35690648934168,8.940985019397843,0 -78.36461152767583,8.931134475438126,0 -78.35916291215301,8.919661419309467,0 -78.34600902372061,8.918040065428713,0 -78.33830474608372,8.927891622639036,0 -78.34375359581404,8.939363520455705,0 -78.35690648934168,8.940985019397843,0</coordinates>
          </LinearRing>
        </outerBoundaryIs>
      </Polygon>
    </Placemark>
    <Placemark>
      <name>8766b50e0ffffff</name>
      <styleUrl>#h3_poly_style</styleUrl>
      <Polygon>
        <outerBoundaryIs>
          <LinearRing>
            <coordinates>-82.67223885325113,8.79620458066299,0 -82.68015553101736,8.78620142996038,0 -82.67481482557642,8.774719552163111,0 -82.66155689248573,8.773241755789039,0 -82.65364059124474,8.783246018083432,0 -82.65898184619536,8.794726965084783,0 -82.67223885325113,8.79620458066299,0</coordinates>
          </LinearRing>
        </outerBoundaryIs>
      </Polygon>
    </Placemark>
    <Placemark>
      <name>8766a5a86ffffff</name>
      <styleUrl>#h3_poly_style</styleUrl>
      <Polygon>
        <outerBoundaryIs>
          <LinearRing>
            <coordinates>-79.44464428229439,9.0626148987791,0 -79.45240699212545,9.052740834747357,0 -79.44698233731629,9.041279994713182,0 -79.43379465840101,9.039694320987573,0 -79.42603261450343,9.049569425422986,0 -79.43145758321639,9.061029163143026,0 -79.44464428229439,9.0626148987791,0</coordinates>
          </LinearRing>
        </outerBoundaryIs>
      </Polygon>
    </Placemark>
    <Placemark>
      <name>8766107abffffff</name>
      <styleUrl>#h3_poly_style</styleUrl>
      <Polygon>
        <outerBoundaryIs>
          <LinearRing>
            <coordinates>-78.01680494691061,8.563535627458647,0 -78.02449922804564,8.553648759356292,0 -78.0190379892174,8.542130226642382,0 -78.00588225916178,8.54049973801514,0 -77.99818876964143,8.550387604953436,0 -78.00365021819424,8.561904961663911,0 -78.01680494691061,8.563535627458647,0</coordinates>
          </LinearRing>
        </outerBoundaryIs>
      </Polygon>
    </Placemark>
    <Placemark>
      <name>8766a2360ffffff</name>
      <styleUrl>#h3_poly_style</styleUrl>
      <Polygon>
        <outerBoundaryIs>
          <LinearRing>
            <coordinates>-81.35004574164637,8.034483651824367,0 -81.35792727580258,8.024422749427021,0 -81.35253289156518,8.012832588899277,0 -81.33925651665149,8.011304328294226,0 -81.33137548205707,8.021366300353058,0 -81.33677032243686,8.032955463296087,0 -81.35004574164637,8.034483651824367,0</coordinates>
          </LinearRing>
        </outerBoundaryIs>
      </Polygon>
    </Placemark>
    <Placemark>
      <name>8766a3b81ffffff</name>
      <styleUrl>#h3_poly_style</styleUrl>
      <Polygon>
        <outerBoundaryIs>
          <LinearRing>
            <coordinates>-80.53831901889731,7.720620021690682,0 -80.54617081388528,7.710544031141232,0 -80.54074896706427,7.698912788715253,0 -80.5274749274716,7.6973585767753585,0 -80.51962370659507,7.707435612035119,0 -80.52504595082152,7.719065814475059,0 -80.53831901889731,7.720620021690682,0</coordinates>
          </LinearRing>
        </outerBoundaryIs>
      </Polygon>
    </Placemark>
    <Placemark>
      <name>8766a3cb3ffffff</name>
      <styleUrl>#h3_poly_style</styleUrl>
      <Polygon>
        <outerBoundaryIs>
          <LinearRing>
            <coordinates>-81.28280605094298,7.916996953936043,0 -81.29068754127722,7.906923807056503,0 -81.28528922575231,7.895318560012735,0 -81.2720089679524,7.893787460297124,0 -81.26412798367143,7.903861673313703,0 -81.26952675075901,7.915465919850374,0 -81.28280605094298,7.916996953936043,0</coordinates>
          </LinearRing>
        </outerBoundaryIs>
      </Polygon>
    </Placemark>
    <Placemark>
      <name>8766a14b3ffffff</name>
      <styleUrl>#h3_poly_style</styleUrl>
      <Polygon>
        <outerBoundaryIs>
          <LinearRing>
            <coordinates>-80.42962183582274,7.971357316670644,0 -80.43746208981388,7.961314746530816,0 -80.43204178884316,7.949714552997704,0 -80.41878084473159,7.948157976803943,0 -80.41094117369991,7.958201593381696,0 -80.41636186344317,7.969800739666993,0 -80.42962183582274,7.971357316670644,0</coordinates>
          </LinearRing>
        </outerBoundaryIs>
      </Polygon>
    </Placemark>
    <Placemark>
      <name>8766b525dffffff</name>
      <styleUrl>#h3_poly_style</styleUrl>
      <Polygon>
        <outerBoundaryIs>
          <LinearRing>
            <coordinates>-82.31279540018085,8.428744085205263,0 -82.32070744951258,8.418705546706065,0 -82.31534884049644,8.40717190084794,0 -82.30207765687958,8.405677741178533,0 -82.29416601799701,8.415717378077751,0 -82.29952515190645,8.42725007617542,0 -82.31279540018085,8.428744085205263,0</coordinates>
          </LinearRing>
        </outerBoundaryIs>
      </Polygon>
    </Placemark>
    <Placemark>
      <name>8766b5301ffffff</name>
      <styleUrl>#h3_poly_style</styleUrl>
      <Polygon>
        <outerBoundaryIs>
          <LinearRing>
            <coordinates>-82.40151520592876,8.700592934904867,0 -82.40942387341373,8.690584934584901,0 -82.4040727486084,8.679087817246144,0 -82.39081242556772,8.677599644909934,0 -82.38290415968866,8.687608749345877,0 -82.38825581486978,8.699104921929907,0 -82.40151520592876,8.700592934904867,0</coordinates>
          </LinearRing>
        </outerBoundaryIs>
      </Polygon>
    </Placemark>
    <Placemark>
      <name>8766a5604ffffff</name>
      <styleUrl>#h3_poly_style</styleUrl>
      <Polygon>
        <outerBoundaryIs>
          <LinearRing>
            <coordinates>-79.88069132933404,8.746500593403162,0 -79.88848473857391,8.73657134076916,0 -79.88306446768706,8.725069311721652,0 -79.86985044059979,8.72349761447693,0 -79.86205766023093,8.733427912970578,0 -79.8674782777049,8.744928862806972,0 -79.88069132933404,8.746500593403162,0</coordinates>
          </LinearRing>
        </outerBoundaryIs>
      </Polygon>
    </Placemark>
    <Placemark>
      <name>8766104cdffffff</name>
      <styleUrl>#h3_poly_style</styleUrl>
      <Polygon>
        <outerBoundaryIs>
          <LinearRing>
            <coordinates>-78.14935183862582,8.634127313837352,0 -78.15705227767545,8.624244596613512,0 -78.15159456837587,8.612733981073912,0 -78.13843620027156,8.611107251899883,0 -78.13073654118277,8.620990972342355,0 -78.13619446986934,8.632500418719372,0 -78.14935183862582,8.634127313837352,0</coordinates>
          </LinearRing>
        </outerBoundaryIs>
      </Polygon>
    </Placemark>
    <Placemark>
      <name>8766a5071ffffff</name>
      <styleUrl>#h3_poly_style</styleUrl>
      <Polygon>
        <outerBoundaryIs>
          <LinearRing>
            <coordinates>-79.58899672436883,9.025888973675682,0 -79.5967679937824,9.016005195133904,0 -79.5913458998865,9.004539446880209,0 -79.5781522116333,9.002958571943353,0 -79.57038159565053,9.012843393698112,0 -79.57580401411842,9.024308047137684,0 -79.58899672436883,9.025888973675682,0</coordinates>
          </LinearRing>
        </outerBoundaryIs>
      </Polygon>
    </Placemark>
    <Placemark>
      <name>8766a072effffff</name>
      <styleUrl>#h3_poly_style</styleUrl>
      <Polygon>
        <outerBoundaryIs>
          <LinearRing>
            <coordinates>-80.85566282613281,8.480351705081016,0 -80.86351065575948,8.470358898169454,0 -80.85811027767035,8.458823974188672,0 -80.84486165084719,8.457282883726899,0 -80.83701436404279,8.46727675544997,0 -80.84241516086344,8.478810652769468,0 -80.85566282613281,8.480351705081016,0</coordinates>
          </LinearRing>
        </outerBoundaryIs>
      </Polygon>
    </Placemark>
    <Placemark>
      <name>8766a5121ffffff</name>
      <styleUrl>#h3_poly_style</styleUrl>
      <Polygon>
        <outerBoundaryIs>
          <LinearRing>
            <coordinates>-79.64227677500855,9.269841965765798,0 -79.65004472868046,9.25998792191554,0 -79.64462809640561,9.248554083667988,0 -79.63144318212262,9.246975381387658,0 -79.62367587617976,9.256830473138454,0 -79.6290928364198,9.268263219229098,0 -79.64227677500855,9.269841965765798,0</coordinates>
          </LinearRing>
        </outerBoundaryIs>
      </Polygon>
    </Placemark>
    <Placemark>
      <name>8766a0784ffffff</name>
      <styleUrl>#h3_poly_style</styleUrl>
      <Polygon>
        <outerBoundaryIs>
          <LinearRing>
            <coordinates>-81.04313810126337,8.425744226174048,0 -81.05099596982626,8.415739271833981,0 -81.04559973512059,8.40419792306742,0 -81.03234519888251,8.402662544943174,0 -81.02448785641877,8.412668567708113,0 -81.0298845237178,8.424208900116383,0 -81.04313810126337,8.425744226174048,0</coordinates>
          </LinearRing>
        </outerBoundaryIs>
      </Polygon>
    </Placemark>
    <Placemark>
      <name>8766a5068ffffff</name>
      <styleUrl>#h3_poly_style</styleUrl>
      <Polygon>
        <outerBoundaryIs>
          <LinearRing>
            <coordinates>-79.51218878406435,8.995047549553012,0 -79.51995677140398,8.985162432039235,0 -79.51453242574057,8.97369274150579,0 -79.50133977336695,8.97210926722705,0 -79.49357244633013,8.981995425717825,0 -79.49899711099245,8.993464017472261,0 -79.51218878406435,8.995047549553012,0</coordinates>
          </LinearRing>
        </outerBoundaryIs>
      </Polygon>
    </Placemark>
    <Placemark>
      <name>8766a0ac2ffffff</name>
      <styleUrl>#h3_poly_style</styleUrl>
      <Polygon>
        <outerBoundaryIs>
          <LinearRing>
            <coordinates>-80.34576782866561,8.540574341365314,0 -80.35358973176733,8.530604373285772,0 -80.34817716878759,8.519076131713646,0 -80.33494232112162,8.517518912267526,0 -80.32712100635477,8.527489934017993,0 -80.332533950544,8.53901712149589,0 -80.34576782866561,8.540574341365314,0</coordinates>
          </LinearRing>
        </outerBoundaryIs>
      </Polygon>
    </Placemark>
    <Placemark>
      <name>8766a0a31ffffff</name>
      <styleUrl>#h3_poly_style</styleUrl>
      <Polygon>
        <outerBoundaryIs>
          <LinearRing>
            <coordinates>-80.32409926576872,8.733809729044815,0 -80.33191525923662,8.723864636372511,0 -80.32650550703475,8.712361267371788,0 -80.3132793818412,8.710804046816484,0 -80.30546397791149,8.720750195561946,0 -80.31087410926283,8.732252508741857,0 -80.32409926576872,8.733809729044815,0</coordinates>
          </LinearRing>
        </outerBoundaryIs>
      </Polygon>
    </Placemark>
    <Placemark>
      <name>8766a506affffff</name>
      <styleUrl>#h3_poly_style</styleUrl>
      <Polygon>
        <outerBoundaryIs>
          <LinearRing>
            <coordinates>-79.53314944243782,8.986745272643528,0 -79.54091874649019,8.97685836633222,0 -79.53549472138141,8.965387578113596,0 -79.52230107129387,8.96380479385314,0 -79.51453242574057,8.97369274150579,0 -79.51995677140398,8.985162432039235,0 -79.53314944243782,8.986745272643528,0</coordinates>
          </LinearRing>
        </outerBoundaryIs>
      </Polygon>
    </Placemark>
    <Placemark>
      <name>87661051cffffff</name>
      <styleUrl>#h3_poly_style</styleUrl>
      <Polygon>
        <outerBoundaryIs>
          <LinearRing>
            <coordinates>-78.19685834625142,8.942815494598829,0 -78.20455394389147,8.932971249929029,0 -78.19910249266559,8.921499306500264,0 -78.18595522098995,8.919872774201249,0 -78.17826039771207,8.92971802842089,0 -78.1837120713804,8.941188805367892,0 -78.19685834625142,8.942815494598829,0</coordinates>
          </LinearRing>
        </outerBoundaryIs>
      </Polygon>
    </Placemark>
    <Placemark>
      <name>8766a3973ffffff</name>
      <styleUrl>#h3_poly_style</styleUrl>
      <Polygon>
        <outerBoundaryIs>
          <LinearRing>
            <coordinates>-80.56036326430296,8.06338380452162,0 -80.56820755068426,8.053348578317467,0 -80.56279219113978,8.041760022333616,0 -80.54953214667754,8.040207733135802,0 -80.54168843117321,8.050244010487532,0 -80.54710418887713,8.06183152583955,0 -80.56036326430296,8.06338380452162,0</coordinates>
          </LinearRing>
        </outerBoundaryIs>
      </Polygon>
    </Placemark>
    <Placemark>
      <name>8766a2053ffffff</name>
      <styleUrl>#h3_poly_style</styleUrl>
      <Polygon>
        <outerBoundaryIs>
          <LinearRing>
            <coordinates>-81.70099613005131,8.140498765045209,0 -81.70889026803748,8.130441270529763,0 -81.70350792444333,8.118866248589143,0 -81.69023096104875,8.117349700224283,0 -81.6823372903177,8.127408274456613,0 -81.68772011534885,8.138982317273328,0 -81.70099613005131,8.140498765045209,0</coordinates>
          </LinearRing>
        </outerBoundaryIs>
      </Polygon>
    </Placemark>
    <Placemark>
      <name>8766a2143ffffff</name>
      <styleUrl>#h3_poly_style</styleUrl>
      <Polygon>
        <outerBoundaryIs>
          <LinearRing>
            <coordinates>-81.62245981207917,8.295745871352628,0 -81.63034667578927,8.285709097007992,0 -81.62496467721026,8.27415358015863,0 -81.61169533930085,8.272635821967873,0 -81.60380894954201,8.282673676513866,0 -81.60919142336465,8.294228208986457,0 -81.62245981207917,8.295745871352628,0</coordinates>
          </LinearRing>
        </outerBoundaryIs>
      </Polygon>
    </Placemark>
    <Placemark>
      <name>8766a04e1ffffff</name>
      <styleUrl>#h3_poly_style</styleUrl>
      <Polygon>
        <outerBoundaryIs>
          <LinearRing>
            <coordinates>-81.13144018385746,8.534133871735637,0 -81.1392993502344,8.524139699295926,0 -81.1339074233381,8.512612674034179,0 -81.12065589094645,8.511080833278735,0 -81.1127972423273,8.521076077837265,0 -81.11818960796622,8.532602090975251,0 -81.13144018385746,8.534133871735637,0</coordinates>
          </LinearRing>
        </outerBoundaryIs>
      </Polygon>
    </Placemark>
    <Placemark>
      <name>8766104aeffffff</name>
      <styleUrl>#h3_poly_style</styleUrl>
      <Polygon>
        <outerBoundaryIs>
          <LinearRing>
            <coordinates>-78.29375609902834,8.781873199532232,0 -78.3014613938563,8.772004258474293,0 -78.29600884135627,8.760511349348077,0 -78.28285076385865,8.758888542929009,0 -78.27514623591573,8.768758493135227,0 -78.28059901821717,8.780250240589409,0 -78.29375609902834,8.781873199532232,0</coordinates>
          </LinearRing>
        </outerBoundaryIs>
      </Polygon>
    </Placemark>
    <Placemark>
      <name>8766a5888ffffff</name>
      <styleUrl>#h3_poly_style</styleUrl>
      <Polygon>
        <outerBoundaryIs>
          <LinearRing>
            <coordinates>-79.63522483617433,9.333671680053632,0 -79.64299082047367,9.323826187458875,0 -79.63757514495768,9.312400767680955,0 -79.62439315745777,9.310821932978243,0 -79.6166278212392,9.3206684741838,0 -79.62204382406901,9.332092801441343,0 -79.63522483617433,9.333671680053632,0</coordinates>
          </LinearRing>
        </outerBoundaryIs>
      </Polygon>
    </Placemark>
    <Placemark>
      <name>8766a56c3ffffff</name>
      <styleUrl>#h3_poly_style</styleUrl>
      <Polygon>
        <outerBoundaryIs>
          <LinearRing>
            <coordinates>-79.90206184390726,8.553419500605004,0 -79.90986117809031,8.543465179975474,0 -79.90443805058821,8.53193838928898,0 -79.89121523994103,8.530366996841583,0 -79.88341653351569,8.54032236084531,0 -79.88884000960562,8.551848073879837,0 -79.90206184390726,8.553419500605004,0</coordinates>
          </LinearRing>
        </outerBoundaryIs>
      </Polygon>
    </Placemark>
    <Placemark>
      <name>8766a570cffffff</name>
      <styleUrl>#h3_poly_style</styleUrl>
      <Polygon>
        <outerBoundaryIs>
          <LinearRing>
            <coordinates>-79.82920712986873,8.848856568073328,0 -79.83699533191233,8.838942019823433,0 -79.83157564035915,8.827453209655362,0 -79.81836740380865,8.825880029787488,0 -79.81057983477186,8.835795624231478,0 -79.81599986890578,8.847283352307448,0 -79.82920712986873,8.848856568073328,0</coordinates>
          </LinearRing>
        </outerBoundaryIs>
      </Polygon>
    </Placemark>
    <Placemark>
      <name>8766a572affffff</name>
      <styleUrl>#h3_poly_style</styleUrl>
      <Polygon>
        <outerBoundaryIs>
          <LinearRing>
            <coordinates>-79.82683895935564,8.870254350713218,0 -79.83462650372732,8.860342608379959,0 -79.82920712986873,8.848856568073328,0 -79.81599986890578,8.847283352307448,0 -79.80821295766293,8.85719614109786,0 -79.81363267388133,8.868681099155204,0 -79.82683895935564,8.870254350713218,0</coordinates>
          </LinearRing>
        </outerBoundaryIs>
      </Polygon>
    </Placemark>
    <Placemark>
      <name>8766b5724ffffff</name>
      <styleUrl>#h3_poly_style</styleUrl>
      <Polygon>
        <outerBoundaryIs>
          <LinearRing>
            <coordinates>-82.8179022697477,8.75797283857875,0 -82.82582538435963,8.74796153313024,0 -82.82048885009895,8.736476016342353,0 -82.8072286407632,8.735002727620742,0 -82.79930588937775,8.745015147549656,0 -82.80464298372785,8.756499741642829,0 -82.8179022697477,8.75797283857875,0</coordinates>
          </LinearRing>
        </outerBoundaryIs>
      </Polygon>
    </Placemark>
    <Placemark>
      <name>8766a5045ffffff</name>
      <styleUrl>#h3_poly_style</styleUrl>
      <Polygon>
        <outerBoundaryIs>
          <LinearRing>
            <coordinates>-79.55176583370748,8.999795491698217,0 -79.55953579456975,8.989909627353244,0 -79.55411241209406,8.978440516325497,0 -79.54091874649019,8.97685836633222,0 -79.53314944243782,8.986745272643528,0 -79.53857314680761,8.99821328694322,0 -79.55176583370748,8.999795491698217,0</coordinates>
          </LinearRing>
        </outerBoundaryIs>
      </Polygon>
    </Placemark>
    <Placemark>
      <name>8766a3b75ffffff</name>
      <styleUrl>#h3_poly_style</styleUrl>
      <Polygon>
        <outerBoundaryIs>
          <LinearRing>
            <coordinates>-80.29220563530508,7.757673701974269,0 -80.30004447884,7.747609317498182,0 -80.29461702362858,7.73598260643877,0 -80.28135034533535,7.734421333409244,0 -80.27351209789128,7.744486757245502,0 -80.27893993227183,7.756112414704665,0 -80.29220563530508,7.757673701974269,0</coordinates>
          </LinearRing>
        </outerBoundaryIs>
      </Polygon>
    </Placemark>
    <Placemark>
      <name>8766a5105ffffff</name>
      <styleUrl>#h3_poly_style</styleUrl>
      <Polygon>
        <outerBoundaryIs>
          <LinearRing>
            <coordinates>-79.66558259556368,9.240275188910053,0 -79.67335250836831,9.230416501288033,0 -79.66793588687396,9.218978769779959,0 -79.65474902246865,9.217400816803957,0 -79.64697975547017,9.227260552453652,0 -79.65239670669966,9.238697193011475,0 -79.66558259556368,9.240275188910053,0</coordinates>
          </LinearRing>
        </outerBoundaryIs>
      </Polygon>
    </Placemark>
    <Placemark>
      <name>8766a3420ffffff</name>
      <styleUrl>#h3_poly_style</styleUrl>
      <Polygon>
        <outerBoundaryIs>
          <LinearRing>
            <coordinates>-81.25406156545213,7.638735677092278,0 -81.26194874797922,7.628630288148142,0 -81.256544838292,7.6169901875202415,0 -81.24325329544448,7.615456475961831,0 -81.23536662248584,7.6255629256429405,0 -81.24077098242721,7.6372020260875555,0 -81.25406156545213,7.638735677092278,0</coordinates>
          </LinearRing>
        </outerBoundaryIs>
      </Polygon>
    </Placemark>
    <Placemark>
      <name>8766138f6ffffff</name>
      <styleUrl>#h3_poly_style</styleUrl>
      <Polygon>
        <outerBoundaryIs>
          <LinearRing>
            <coordinates>-77.76854253974277,8.065411476694829,0 -77.77623408645165,8.05546993498348,0 -77.77075997458918,8.0438922384755,0 -77.75759412358919,8.042257272404921,0 -77.74990339216363,8.052199797678531,0 -77.7553776960864,8.063776305445012,0 -77.76854253974277,8.065411476694829,0</coordinates>
          </LinearRing>
        </outerBoundaryIs>
      </Polygon>
    </Placemark>
    <Placemark>
      <name>8766b5914ffffff</name>
      <styleUrl>#h3_poly_style</styleUrl>
      <Polygon>
        <outerBoundaryIs>
          <LinearRing>
            <coordinates>-82.53687554340287,9.420887869015633,0 -82.54477117823714,9.410964906918492,0 -82.53943677458378,9.399566245434357,0 -82.5262061980988,9.3980914874778,0 -82.51831095065519,9.40801556520936,0 -82.52364589193408,9.419413285188885,0 -82.53687554340287,9.420887869015633,0</coordinates>
          </LinearRing>
        </outerBoundaryIs>
      </Polygon>
    </Placemark>
    <Placemark>
      <name>8766b52c6ffffff</name>
      <styleUrl>#h3_poly_style</styleUrl>
      <Polygon>
        <outerBoundaryIs>
          <LinearRing>
            <coordinates>-82.4746059348604,8.425066543498227,0 -82.482524432363,8.415023588323198,0 -82.47717093758723,8.40349080325676,0 -82.46389840834973,8.402001912233377,0 -82.4559803064477,8.41204596955196,0 -82.46133433780713,8.423577815677568,0 -82.4746059348604,8.425066543498227,0</coordinates>
          </LinearRing>
        </outerBoundaryIs>
      </Polygon>
    </Placemark>
    <Placemark>
      <name>8766b5228ffffff</name>
      <styleUrl>#h3_poly_style</styleUrl>
      <Polygon>
        <outerBoundaryIs>
          <LinearRing>
            <coordinates>-82.37707098487,8.567011599963045,0 -82.38498207510929,8.556988076237765,0 -82.37962788002663,8.545473099974014,0 -82.36636206526278,8.54398259257349,0 -82.35845137921571,8.554007218088302,0 -82.36380610336515,8.565521249142325,0 -82.37707098487,8.567011599963045,0</coordinates>
          </LinearRing>
        </outerBoundaryIs>
      </Polygon>
    </Placemark>
    <Placemark>
      <name>8766a3855ffffff</name>
      <styleUrl>#h3_poly_style</styleUrl>
      <Polygon>
        <outerBoundaryIs>
          <LinearRing>
            <coordinates>-80.5798044067107,7.890242227496047,0 -80.58765396006106,7.880185449810268,0 -80.58223611368366,7.868575262473076,0 -80.56896831354847,7.867022891452859,0 -80.56111932995624,7.877080717824065,0 -80.56653757636339,7.888689866480016,0 -80.5798044067107,7.890242227496047,0</coordinates>
          </LinearRing>
        </outerBoundaryIs>
      </Polygon>
    </Placemark>
    <Placemark>
      <name>8766b56f4ffffff</name>
      <styleUrl>#h3_poly_style</styleUrl>
      <Polygon>
        <outerBoundaryIs>
          <LinearRing>
            <coordinates>-82.91516986153832,8.45236860866394,0 -82.92310432486966,8.44231846842647,0 -82.91776583395549,8.430793400163267,0 -82.90449231117238,8.429319387225247,0 -82.89655820281021,8.439370640275213,0 -82.90189726188737,8.45089479337285,0 -82.91516986153832,8.45236860866394,0</coordinates>
          </LinearRing>
        </outerBoundaryIs>
      </Polygon>
    </Placemark>
    <Placemark>
      <name>8766b5953ffffff</name>
      <styleUrl>#h3_poly_style</styleUrl>
      <Polygon>
        <outerBoundaryIs>
          <LinearRing>
            <coordinates>-82.41200308248168,9.288031419561815,0 -82.41989725414913,9.27809521604832,0 -82.41455654985303,9.266677140620263,0 -82.40132114438525,9.265196216093422,0 -82.39342737185248,9.275133530991948,0 -82.39876860528034,9.286550658959639,0 -82.41200308248168,9.288031419561815,0</coordinates>
          </LinearRing>
        </outerBoundaryIs>
      </Polygon>
    </Placemark>
    <Placemark>
      <name>8766a0366ffffff</name>
      <styleUrl>#h3_poly_style</styleUrl>
      <Polygon>
        <outerBoundaryIs>
          <LinearRing>
            <coordinates>-80.3343462139185,8.462970533886123,0 -80.34216950041031,8.452991256766412,0 -80.33675530568244,8.44145306746181,0 -80.32351744352704,8.439895209669555,0 -80.31569474668315,8.449875538986934,0 -80.32110932197145,8.461412673851337,0 -80.3343462139185,8.462970533886123,0</coordinates>
          </LinearRing>
        </outerBoundaryIs>
      </Polygon>
    </Placemark>
    <Placemark>
      <name>8766a56e1ffffff</name>
      <styleUrl>#h3_poly_style</styleUrl>
      <Polygon>
        <outerBoundaryIs>
          <LinearRing>
            <coordinates>-79.85527945834993,8.613113821127628,0 -79.86307490019624,8.603168534073845,0 -79.85765171289201,8.59164938878176,0 -79.84443273835159,8.59007661076716,0 -79.83663792816469,8.600022941026777,0 -79.84206146048493,8.611541006053278,0 -79.85527945834993,8.613113821127628,0</coordinates>
          </LinearRing>
        </outerBoundaryIs>
      </Polygon>
    </Placemark>
    <Placemark>
      <name>8766b582affffff</name>
      <styleUrl>#h3_poly_style</styleUrl>
      <Polygon>
        <outerBoundaryIs>
          <LinearRing>
            <coordinates>-82.4568195572037,9.249757561583802,0 -82.46471644871089,9.239815430688324,0 -82.45937652227764,9.228392581658,0 -82.4461391714866,9.226912808353825,0 -82.43824267511734,9.2368560512294,0 -82.44358313402863,9.248277955355901,0 -82.4568195572037,9.249757561583802,0</coordinates>
          </LinearRing>
        </outerBoundaryIs>
      </Polygon>
    </Placemark>
    <Placemark>
      <name>8766a3d31ffffff</name>
      <styleUrl>#h3_poly_style</styleUrl>
      <Polygon>
        <outerBoundaryIs>
          <LinearRing>
            <coordinates>-81.09629982551625,8.136711918397378,0 -81.1041673828308,8.126670266984224,0 -81.09876762860365,8.115092156892524,0 -81.08549987939902,8.113556710152578,0 -81.07763284434343,8.123599426778469,0 -81.08303303585627,8.135176524875135,0 -81.09629982551625,8.136711918397378,0</coordinates>
          </LinearRing>
        </outerBoundaryIs>
      </Polygon>
    </Placemark>
    <Placemark>
      <name>876684834ffffff</name>
      <styleUrl>#h3_poly_style</styleUrl>
      <Polygon>
        <outerBoundaryIs>
          <LinearRing>
            <coordinates>-81.74016983884208,7.628435608962123,0 -81.74807852386503,7.618316591605514,0 -81.74268856887659,7.606677080780058,0 -81.72938944261578,7.605157560481668,0 -81.72148122278556,7.615277650225174,0 -81.72687166364433,7.626916187816489,0 -81.74016983884208,7.628435608962123,0</coordinates>
          </LinearRing>
        </outerBoundaryIs>
      </Polygon>
    </Placemark>
    <Placemark>
      <name>8766b520effffff</name>
      <styleUrl>#h3_poly_style</styleUrl>
      <Polygon>
        <outerBoundaryIs>
          <LinearRing>
            <coordinates>-82.42198558276527,8.52839837314497,0 -82.42989941257264,8.518369089039547,0 -82.42454599348343,8.50684941328338,0 -82.41127821177501,8.505359964079208,0 -82.403364782138,8.515390350504111,0 -82.40871873366386,8.526909083741444,0 -82.42198558276527,8.52839837314497,0</coordinates>
          </LinearRing>
        </outerBoundaryIs>
      </Polygon>
    </Placemark>
    <Placemark>
      <name>876613c8affffff</name>
      <styleUrl>#h3_poly_style</styleUrl>
      <Polygon>
        <outerBoundaryIs>
          <LinearRing>
            <coordinates>-78.25408590861049,8.016345736688711,0 -78.26180782475774,8.006380089755588,0 -78.25634114479863,7.994792571732298,0 -78.24315232032171,7.993171863985965,0 -78.23543117824809,8.003138505338658,0 -78.24089808620695,8.014724859996614,0 -78.25408590861049,8.016345736688711,0</coordinates>
          </LinearRing>
        </outerBoundaryIs>
      </Polygon>
    </Placemark>
    <Placemark>
      <name>8766a669effffff</name>
      <styleUrl>#h3_poly_style</styleUrl>
      <Polygon>
        <outerBoundaryIs>
          <LinearRing>
            <coordinates>-82.02075331919268,8.853586991477403,0 -82.0286428363761,8.843607508620375,0 -82.02328240261598,8.832127578608654,0 -82.01003194890382,8.830628097460346,0 -82.00214286773436,8.840608677574961,0 -82.00750380388862,8.852087641512435,0 -82.02075331919268,8.853586991477403,0</coordinates>
          </LinearRing>
        </outerBoundaryIs>
      </Polygon>
    </Placemark>
    <Placemark>
      <name>8766a14a3ffffff</name>
      <styleUrl>#h3_poly_style</styleUrl>
      <Polygon>
        <outerBoundaryIs>
          <LinearRing>
            <coordinates>-80.36874624526763,7.975168888270624,0 -80.37658342650735,7.965128583560722,0 -80.37116165071204,7.953528836585967,0 -80.35790230901856,7.951970444833345,0 -80.35006571618513,7.962011794573365,0 -80.35548787626178,7.973610490988316,0 -80.36874624526763,7.975168888270624,0</coordinates>
          </LinearRing>
        </outerBoundaryIs>
      </Polygon>
    </Placemark>
    <Placemark>
      <name>8766a3c5bffffff</name>
      <styleUrl>#h3_poly_style</styleUrl>
      <Polygon>
        <outerBoundaryIs>
          <LinearRing>
            <coordinates>-80.99514139932057,7.784848617957616,0 -81.00301314435194,7.774767505693889,0 -80.99760454801984,7.763144876808561,0 -80.98432377543666,7.761604375533569,0 -80.9764525630135,7.771686544754062,0 -80.98186159018687,7.783308158237824,0 -80.99514139932057,7.784848617957616,0</coordinates>
          </LinearRing>
        </outerBoundaryIs>
      </Polygon>
    </Placemark>
    <Placemark>
      <name>8766a0adaffffff</name>
      <styleUrl>#h3_poly_style</styleUrl>
      <Polygon>
        <outerBoundaryIs>
          <LinearRing>
            <coordinates>-80.37164675011552,8.489153514982425,0 -80.37947121075605,8.479176344196453,0 -80.37405840623002,8.467641545427266,0 -80.36082075745371,8.46608496994012,0 -80.3529968830296,8.476063194215657,0 -80.35841007079014,8.487596940440735,0 -80.37164675011552,8.489153514982425,0</coordinates>
          </LinearRing>
        </outerBoundaryIs>
      </Polygon>
    </Placemark>
    <Placemark>
      <name>8766b5a93ffffff</name>
      <styleUrl>#h3_poly_style</styleUrl>
      <Polygon>
        <outerBoundaryIs>
          <LinearRing>
            <coordinates>-82.4657009517087,8.838420429318571,0 -82.47360863165854,8.82842754647637,0 -82.46826192951546,8.8169493406651,0 -82.45500701252298,8.815464959781016,0 -82.44709972794358,8.825458949971951,0 -82.4524469646122,8.836936213625272,0 -82.4657009517087,8.838420429318571,0</coordinates>
          </LinearRing>
        </outerBoundaryIs>
      </Polygon>
    </Placemark>
    <Placemark>
      <name>8766a5153ffffff</name>
      <styleUrl>#h3_poly_style</styleUrl>
      <Polygon>
        <outerBoundaryIs>
          <LinearRing>
            <coordinates>-79.61917178307866,9.115971637478015,0 -79.62694238198183,9.106098447801138,0 -79.62152253972341,9.094644428681685,0 -79.60833177159378,9.093064692503791,0 -79.6005618230927,9.102938927392634,0 -79.60598199194764,9.114391853207886,0 -79.61917178307866,9.115971637478015,0</coordinates>
          </LinearRing>
        </outerBoundaryIs>
      </Polygon>
    </Placemark>
    <Placemark>
      <name>8766a14aaffffff</name>
      <styleUrl>#h3_poly_style</styleUrl>
      <Polygon>
        <outerBoundaryIs>
          <LinearRing>
            <coordinates>-80.35247983546691,7.940369051619757,0 -80.36031708774372,7.93032499978804,0 -80.35489430070213,7.918720911951071,0 -80.34163387783799,7.917161927167753,0 -80.33379721555674,7.927207023037177,0 -80.33922038576684,7.938810059604878,0 -80.35247983546691,7.940369051619757,0</coordinates>
          </LinearRing>
        </outerBoundaryIs>
      </Polygon>
    </Placemark>
    <Placemark>
      <name>8766104f1ffffff</name>
      <styleUrl>#h3_poly_style</styleUrl>
      <Polygon>
        <outerBoundaryIs>
          <LinearRing>
            <coordinates>-78.22156192134702,8.70802978985116,0 -78.22926480114735,8.698153953245832,0 -78.22380966208608,8.686652158933992,0 -78.2106514182593,8.68502736662471,0 -78.20294931188346,8.694904209428762,0 -78.20840467554173,8.706404838321527,0 -78.22156192134702,8.70802978985116,0</coordinates>
          </LinearRing>
        </outerBoundaryIs>
      </Polygon>
    </Placemark>
    <Placemark>
      <name>8766a56d8ffffff</name>
      <styleUrl>#h3_poly_style</styleUrl>
      <Polygon>
        <outerBoundaryIs>
          <LinearRing>
            <coordinates>-79.92546179023198,8.52355203131528,0 -79.93326306777371,8.513593204922138,0 -79.92783997316197,8.502062596868047,0 -79.91461525025902,8.50049189150148,0 -79.90681459852091,8.51045176135073,0 -79.91223804350781,8.52198129306777,0 -79.92546179023198,8.52355203131528,0</coordinates>
          </LinearRing>
        </outerBoundaryIs>
      </Polygon>
    </Placemark>
    <Placemark>
      <name>8766a2533ffffff</name>
      <styleUrl>#h3_poly_style</styleUrl>
      <Polygon>
        <outerBoundaryIs>
          <LinearRing>
            <coordinates>-82.2145428383013,8.406742043178667,0 -82.22245152288477,8.396703317895163,0 -82.21708943590627,8.3851660310065,0 -82.20381814610379,8.383668422278376,0 -82.1959098810385,8.39370824334737,0 -82.20127248588163,8.4052445772892,0 -82.2145428383013,8.406742043178667,0</coordinates>
          </LinearRing>
        </outerBoundaryIs>
      </Polygon>
    </Placemark>
    <Placemark>
      <name>8766a3d30ffffff</name>
      <styleUrl>#h3_poly_style</styleUrl>
      <Polygon>
        <outerBoundaryIs>
          <LinearRing>
            <coordinates>-81.114965844645,8.149822024267557,0 -81.12283392248406,8.139781438722276,0 -81.11743491107332,8.128205054580958,0 -81.1041673828308,8.126670266984224,0 -81.09629982551625,8.136711918397378,0 -81.10169927554254,8.148287291482719,0 -81.114965844645,8.149822024267557,0</coordinates>
          </LinearRing>
        </outerBoundaryIs>
      </Polygon>
    </Placemark>
    <Placemark>
      <name>8766a2aeaffffff</name>
      <styleUrl>#h3_poly_style</styleUrl>
      <Polygon>
        <outerBoundaryIs>
          <LinearRing>
            <coordinates>-81.31895130923405,8.129554643783736,0 -81.32682907293794,8.119506001797596,0 -81.32143543861153,8.107927788196724,0 -81.30816358661028,8.10639921638435,0 -81.30028632499089,8.116448928796848,0 -81.30568041291093,8.128026142536285,0 -81.31895130923405,8.129554643783736,0</coordinates>
          </LinearRing>
        </outerBoundaryIs>
      </Polygon>
    </Placemark>
    <Placemark>
      <name>8766b52d0ffffff</name>
      <styleUrl>#h3_poly_style</styleUrl>
      <Polygon>
        <outerBoundaryIs>
          <LinearRing>
            <coordinates>-82.51698866915396,8.407954756569767,0 -82.52490924332919,8.397908731004286,0 -82.51955682639202,8.386374071699608,0 -82.50628329520633,8.384886374398665,0 -82.49836311277878,8.394933502865427,0 -82.50371606941374,8.40646722565859,0 -82.51698866915396,8.407954756569767,0</coordinates>
          </LinearRing>
        </outerBoundaryIs>
      </Polygon>
    </Placemark>
    <Placemark>
      <name>8766a0a8affffff</name>
      <styleUrl>#h3_poly_style</styleUrl>
      <Polygon>
        <outerBoundaryIs>
          <LinearRing>
            <coordinates>-80.44140560148281,8.584476637358025,0 -80.44923107688722,8.574509191823305,0 -80.44382168822457,8.562986727047438,0 -80.43058643566617,8.561432756913003,0 -80.42276153988594,8.571401259046885,0 -80.42817131666493,8.582922674667078,0 -80.44140560148281,8.584476637358025,0</coordinates>
          </LinearRing>
        </outerBoundaryIs>
      </Polygon>
    </Placemark>
    <Placemark>
      <name>8766a06c6ffffff</name>
      <styleUrl>#h3_poly_style</styleUrl>
      <Polygon>
        <outerBoundaryIs>
          <LinearRing>
            <coordinates>-80.95086467585861,8.174596225140085,0 -80.95872460518964,8.164563254764245,0 -80.95332151705863,8.152989517029978,0 -80.9400580726908,8.151449769696269,0 -80.93219867864805,8.161483802407915,0 -80.93760219330785,8.173056520062719,0 -80.95086467585861,8.174596225140085,0</coordinates>
          </LinearRing>
        </outerBoundaryIs>
      </Polygon>
    </Placemark>
    <Placemark>
      <name>8766a006cffffff</name>
      <styleUrl>#h3_poly_style</styleUrl>
      <Polygon>
        <outerBoundaryIs>
          <LinearRing>
            <coordinates>-80.53945881959848,8.606860299862763,0 -80.54728847895095,8.596892639339943,0 -80.54188198431248,8.585373237103108,0 -80.5286454346995,8.583822539357957,0 -80.52081634611456,8.593791259128317,0 -80.52622323600002,8.605309617346121,0 -80.53945881959848,8.606860299862763,0</coordinates>
          </LinearRing>
        </outerBoundaryIs>
      </Polygon>
    </Placemark>
    <Placemark>
      <name>8766a2574ffffff</name>
      <styleUrl>#h3_poly_style</styleUrl>
      <Polygon>
        <outerBoundaryIs>
          <LinearRing>
            <coordinates>-82.07901230482499,8.35862801648072,0 -82.08691671895848,8.34858693781972,0 -82.08154958215101,8.337042391953045,0 -82.06827752262303,8.335539884666206,0 -82.06037354055555,8.345582055240486,0 -82.06574118557384,8.357125641120133,0 -82.07901230482499,8.35862801648072,0</coordinates>
          </LinearRing>
        </outerBoundaryIs>
      </Polygon>
    </Placemark>
    <Placemark>
      <name>8766a5028ffffff</name>
      <styleUrl>#h3_poly_style</styleUrl>
      <Polygon>
        <outerBoundaryIs>
          <LinearRing>
            <coordinates>-79.64248554345819,9.086347443330059,0 -79.65025810562479,9.076469630086196,0 -79.64483827220498,9.065011731862487,0 -79.63164554787828,9.06343273892279,0 -79.62387363418964,9.073311597493548,0 -79.62929379597806,9.084768403637353,0 -79.64248554345819,9.086347443330059,0</coordinates>
          </LinearRing>
        </outerBoundaryIs>
      </Polygon>
    </Placemark>
    <Placemark>
      <name>8766b4516ffffff</name>
      <styleUrl>#h3_poly_style</styleUrl>
      <Polygon>
        <outerBoundaryIs>
          <LinearRing>
            <coordinates>-84.07649497094823,9.653727035186733,0 -84.08443808222654,9.643795504655262,0 -84.07916138696986,9.632449531578045,0 -84.06594093436232,9.631035950816308,0 -84.05799806858103,9.640968633562839,0 -84.06327540954324,9.652313744764637,0 -84.07649497094823,9.653727035186733,0</coordinates>
          </LinearRing>
        </outerBoundaryIs>
      </Polygon>
    </Placemark>
    <Placemark>
      <name>8766a218cffffff</name>
      <styleUrl>#h3_poly_style</styleUrl>
      <Polygon>
        <outerBoundaryIs>
          <LinearRing>
            <coordinates>-81.86130936925302,8.322988814002624,0 -81.86920568366634,8.312949042084488,0 -81.86383127647788,8.301398426773135,0 -81.85056006196892,8.299888554895912,0 -81.84266419963404,8.309929413072563,0 -81.84803909935317,8.321479056802293,0 -81.86130936925302,8.322988814002624,0</coordinates>
          </LinearRing>
        </outerBoundaryIs>
      </Polygon>
    </Placemark>
    <Placemark>
      <name>8766a2a90ffffff</name>
      <styleUrl>#h3_poly_style</styleUrl>
      <Polygon>
        <outerBoundaryIs>
          <LinearRing>
            <coordinates>-81.55034983822604,8.221838493479744,0 -81.55823544796608,8.211794732828633,0 -81.55285006569697,8.200229346616982,0 -81.53957860309806,8.198708708836612,0 -81.53169347410352,8.208753546861892,0 -81.5370793265854,8.220317945231484,0 -81.55034983822604,8.221838493479744,0</coordinates>
          </LinearRing>
        </outerBoundaryIs>
      </Polygon>
    </Placemark>
    <Placemark>
      <name>8766a56c2ffffff</name>
      <styleUrl>#h3_poly_style</styleUrl>
      <Polygon>
        <outerBoundaryIs>
          <LinearRing>
            <coordinates>-79.92070644860316,8.566514351902379,0 -79.92850640883889,8.556561075294429,0 -79.92308394873416,8.545035951002484,0 -79.90986117809031,8.543465179975474,0 -79.90206184390726,8.553419500605004,0 -79.90748465394117,8.56494354819733,0 -79.92070644860316,8.566514351902379,0</coordinates>
          </LinearRing>
        </outerBoundaryIs>
      </Polygon>
    </Placemark>
    <Placemark>
      <name>8766b532effffff</name>
      <styleUrl>#h3_poly_style</styleUrl>
      <Polygon>
        <outerBoundaryIs>
          <LinearRing>
            <coordinates>-82.37779258664902,8.73060846334154,0 -82.38569956230548,8.720604700170249,0 -82.38034819413785,8.709111356765618,0 -82.3670893213743,8.707622722680215,0 -82.35918274942048,8.717627589804064,0 -82.36453464615307,8.729119986988854,0 -82.37779258664902,8.73060846334154,0</coordinates>
          </LinearRing>
        </outerBoundaryIs>
      </Polygon>
    </Placemark>
    <Placemark>
      <name>876613804ffffff</name>
      <styleUrl>#h3_poly_style</styleUrl>
      <Polygon>
        <outerBoundaryIs>
          <LinearRing>
            <coordinates>-77.6971397167842,8.176303482416612,0 -77.70482415244014,8.166378819234751,0 -77.69935083661217,8.15481519656764,0 -77.68619289810418,8.15317742956267,0 -77.67850928320118,8.163103076735224,0 -77.68398278568567,8.174665506907392,0 -77.6971397167842,8.176303482416612,0</coordinates>
          </LinearRing>
        </outerBoundaryIs>
      </Polygon>
    </Placemark>
    <Placemark>
      <name>8766b508effffff</name>
      <styleUrl>#h3_poly_style</styleUrl>
      <Polygon>
        <outerBoundaryIs>
          <LinearRing>
            <coordinates>-82.81273019073083,8.800949983185639,0 -82.82065202177546,8.790943986911746,0 -82.81531604997996,8.779464162215536,0 -82.80205768720145,8.777991256983883,0 -82.79413621975881,8.787998368148184,0 -82.79947275111911,8.799477269576814,0 -82.81273019073083,8.800949983185639,0</coordinates>
          </LinearRing>
        </outerBoundaryIs>
      </Polygon>
    </Placemark>
    <Placemark>
      <name>8766a5699ffffff</name>
      <styleUrl>#h3_poly_style</styleUrl>
      <Polygon>
        <outerBoundaryIs>
          <LinearRing>
            <coordinates>-80.03732987667186,8.602105458610067,0 -80.04513487320206,8.592152906541772,0 -80.0397158089686,8.580632333741846,0 -80.02649138941244,8.579065383592583,0 -80.01868700844682,8.589018982993704,0 -80.02410643109852,8.600538485167167,0 -80.03732987667186,8.602105458610067,0</coordinates>
          </LinearRing>
        </outerBoundaryIs>
      </Polygon>
    </Placemark>
    <Placemark>
      <name>8766b5372ffffff</name>
      <styleUrl>#h3_poly_style</styleUrl>
      <Polygon>
        <outerBoundaryIs>
          <LinearRing>
            <coordinates>-82.34567838056624,8.66163240178473,0 -82.3535858380149,8.651621090919008,0 -82.34823226412215,8.640118334332303,0 -82.3349707059225,8.638627836057625,0 -82.3270636552985,8.648640249234946,0 -82.33241775567468,8.660142058303853,0 -82.34567838056624,8.66163240178473,0</coordinates>
          </LinearRing>
        </outerBoundaryIs>
      </Polygon>
    </Placemark>
    <Placemark>
      <name>8766a0a9dffffff</name>
      <styleUrl>#h3_poly_style</styleUrl>
      <Polygon>
        <outerBoundaryIs>
          <LinearRing>
            <coordinates>-80.4600488428183,8.597549644326747,0 -80.46787489613112,8.587583256028308,0 -80.46246620807838,8.576062505697054,0 -80.44923107688722,8.574509191823305,0 -80.44140560148281,8.584476637358025,0 -80.44681467898616,8.595996339481017,0 -80.4600488428183,8.597549644326747,0</coordinates>
          </LinearRing>
        </outerBoundaryIs>
      </Polygon>
    </Placemark>
    <Placemark>
      <name>8766a59b1ffffff</name>
      <styleUrl>#h3_poly_style</styleUrl>
      <Polygon>
        <outerBoundaryIs>
          <LinearRing>
            <coordinates>-79.66983948373249,9.563774755215976,0 -79.67760150165661,9.55395816846626,0 -79.67219063502912,9.542563318504971,0 -79.65901742074932,9.540986145910278,0 -79.65125604690915,9.550803785088364,0 -79.65666724289483,9.5621975443922,0 -79.66983948373249,9.563774755215976,0</coordinates>
          </LinearRing>
        </outerBoundaryIs>
      </Polygon>
    </Placemark>
    <Placemark>
      <name>8766b1d70ffffff</name>
      <styleUrl>#h3_poly_style</styleUrl>
      <Polygon>
        <outerBoundaryIs>
          <LinearRing>
            <coordinates>-82.93594777838928,8.279615021553807,0 -82.943887383127,8.269543994813391,0 -82.9385466480197,8.257996458359376,0 -82.92526573751849,8.256520861197531,0 -82.91732648622316,8.266592998891745,0 -82.92266779161146,8.278139622716031,0 -82.93594777838928,8.279615021553807,0</coordinates>
          </LinearRing>
        </outerBoundaryIs>
      </Polygon>
    </Placemark>
    <Placemark>
      <name>8766a2002ffffff</name>
      <styleUrl>#h3_poly_style</styleUrl>
      <Polygon>
        <outerBoundaryIs>
          <LinearRing>
            <coordinates>-81.78923893747748,8.24913417348339,0 -81.79713408388007,8.239087400501274,0 -81.79175623904567,8.22752681779914,0 -81.77848275990829,8.226013983039735,0 -81.7705880723822,8.236061839482126,0 -81.77596640474017,8.247621447158926,0 -81.78923893747748,8.24913417348339,0</coordinates>
          </LinearRing>
        </outerBoundaryIs>
      </Polygon>
    </Placemark>
    <Placemark>
      <name>8766b5282ffffff</name>
      <styleUrl>#h3_poly_style</styleUrl>
      <Polygon>
        <outerBoundaryIs>
          <LinearRing>
            <coordinates>-82.60752359273141,8.494581801613606,0 -82.61544545499909,8.48454393812628,0 -82.6100974667949,8.473021456277133,0 -82.596827070031,8.471537770058612,0 -82.58890559097074,8.481576739743524,0 -82.59425412509195,8.493098289374993,0 -82.60752359273141,8.494581801613606,0</coordinates>
          </LinearRing>
        </outerBoundaryIs>
      </Polygon>
    </Placemark>
    <Placemark>
      <name>8766a516effffff</name>
      <styleUrl>#h3_poly_style</styleUrl>
      <Polygon>
        <outerBoundaryIs>
          <LinearRing>
            <coordinates>-79.51439935037851,9.157404752752045,0 -79.52216339196414,9.147540541265956,0 -79.51674193226343,9.13609199954295,0 -79.50355611177835,9.134508768003892,0 -79.49579272961105,9.144374022874835,0 -79.50121450813941,9.155821465861713,0 -79.51439935037851,9.157404752752045,0</coordinates>
          </LinearRing>
        </outerBoundaryIs>
      </Polygon>
    </Placemark>
    <Placemark>
      <name>8766a250cffffff</name>
      <styleUrl>#h3_poly_style</styleUrl>
      <Polygon>
        <outerBoundaryIs>
          <LinearRing>
            <coordinates>-82.14000386600033,8.35459135360728,0 -82.14791086205283,8.344548248915277,0 -82.14254555001023,8.333003616323829,0 -82.1292727288971,8.33150304500013,0 -82.12136615933518,8.341547242984982,0 -82.12673198401966,8.353090918931809,0 -82.14000386600033,8.35459135360728,0</coordinates>
          </LinearRing>
        </outerBoundaryIs>
      </Polygon>
    </Placemark>
    <Placemark>
      <name>8766a5cecffffff</name>
      <styleUrl>#h3_poly_style</styleUrl>
      <Polygon>
        <outerBoundaryIs>
          <LinearRing>
            <coordinates>-79.90061196310835,9.289892161410929,0 -79.90839277076064,9.28003188416349,0 -79.9029824396304,9.268600790820816,0 -79.88979095364114,9.267031053514321,0 -79.88201077090638,9.276892384856383,0 -79.8874214488718,9.288322399367226,0 -79.90061196310835,9.289892161410929,0</coordinates>
          </LinearRing>
        </outerBoundaryIs>
      </Polygon>
    </Placemark>
    <Placemark>
      <name>87661381effffff</name>
      <styleUrl>#h3_poly_style</styleUrl>
      <Polygon>
        <outerBoundaryIs>
          <LinearRing>
            <coordinates>-77.74325707988632,8.116732054685848,0 -77.75094581397316,8.106798017416786,0 -77.74547219312569,8.095226757007383,0 -77.73230964769229,8.093590723936426,0 -77.72462173076484,8.103525745156631,0 -77.73009554174337,8.115095815481475,0 -77.74325707988632,8.116732054685848,0</coordinates>
          </LinearRing>
        </outerBoundaryIs>
      </Polygon>
    </Placemark>
    <Placemark>
      <name>8766a3b55ffffff</name>
      <styleUrl>#h3_poly_style</styleUrl>
      <Polygon>
        <outerBoundaryIs>
          <LinearRing>
            <coordinates>-80.31813745160986,7.705777066747789,0 -80.32597887099371,7.695705669760341,0 -80.32055116781922,7.684072566163144,0 -80.30728166367518,7.6825119114139735,0 -80.29944083825255,7.692584347463506,0 -80.30486892263474,7.7042163991534,0 -80.31813745160986,7.705777066747789,0</coordinates>
          </LinearRing>
        </outerBoundaryIs>
      </Polygon>
    </Placemark>
    <Placemark>
      <name>8766a214bffffff</name>
      <styleUrl>#h3_poly_style</styleUrl>
      <Polygon>
        <outerBoundaryIs>
          <LinearRing>
            <coordinates>-81.5876593889475,8.24800098659392,0 -81.59554595496074,8.23795938261763,0 -81.59016211370637,8.226397542560772,0 -81.57689123320867,8.224878292393225,0 -81.5690051444624,8.23492097502763,0 -81.57438945856998,8.246481829109126,0 -81.5876593889475,8.24800098659392,0</coordinates>
          </LinearRing>
        </outerBoundaryIs>
      </Polygon>
    </Placemark>
    <Placemark>
      <name>8766a30a3ffffff</name>
      <styleUrl>#h3_poly_style</styleUrl>
      <Polygon>
        <outerBoundaryIs>
          <LinearRing>
            <coordinates>-80.97745748232462,7.584699052226056,0 -80.98533342235712,7.574594659088433,0 -80.97992089926578,7.562947201976031,0 -80.96663200567338,7.561405152992027,0 -80.95875660053257,7.571510599161485,0 -80.96416955371332,7.583157041228519,0 -80.97745748232462,7.584699052226056,0</coordinates>
          </LinearRing>
        </outerBoundaryIs>
      </Polygon>
    </Placemark>
    <Placemark>
      <name>8766b1921ffffff</name>
      <styleUrl>#h3_poly_style</styleUrl>
      <Polygon>
        <outerBoundaryIs>
          <LinearRing>
            <coordinates>-82.55937753652611,8.390834445902847,0 -82.56730017922091,8.38078535902839,0 -82.56194884634985,8.369248830350616,0 -82.54867432759706,8.367762322551423,0 -82.54075207279415,8.377812513084853,0 -82.54610394847666,8.389348107684755,0 -82.55937753652611,8.390834445902847,0</coordinates>
          </LinearRing>
        </outerBoundaryIs>
      </Polygon>
    </Placemark>
    <Placemark>
      <name>8766a5aacffffff</name>
      <styleUrl>#h3_poly_style</styleUrl>
      <Polygon>
        <outerBoundaryIs>
          <LinearRing>
            <coordinates>-79.36319749283179,9.074422727304308,0 -79.37095555354514,9.064553029102257,0 -79.36552933000358,9.053093827899753,0 -79.35234473747491,9.051505431391695,0 -79.34458734976953,9.061376168284387,0 -79.35001388121385,9.072834262958146,0 -79.36319749283179,9.074422727304308,0</coordinates>
          </LinearRing>
        </outerBoundaryIs>
      </Polygon>
    </Placemark>
    <Placemark>
      <name>8766a6592ffffff</name>
      <styleUrl>#h3_poly_style</styleUrl>
      <Polygon>
        <outerBoundaryIs>
          <LinearRing>
            <coordinates>-82.2827172477983,9.360053524480728,0 -82.29060449548638,9.350129740554577,0 -82.28526092664916,9.338720253141224,0 -82.27202959014515,9.337235504192522,0 -82.26414275320161,9.347160397360598,0 -82.26948684164515,9.358568930164227,0 -82.2827172477983,9.360053524480728,0</coordinates>
          </LinearRing>
        </outerBoundaryIs>
      </Polygon>
    </Placemark>
    <Placemark>
      <name>8766a3d70ffffff</name>
      <styleUrl>#h3_poly_style</styleUrl>
      <Polygon>
        <outerBoundaryIs>
          <LinearRing>
            <coordinates>-80.98428364396757,8.058001356988486,0 -80.99214804171433,8.04795332416505,0 -80.98674385322724,8.036364917671447,0 -80.97347483731949,8.034825561579574,0 -80.9656109722368,8.044874655661424,0 -80.97101559002034,8.056462044521691,0 -80.98428364396757,8.058001356988486,0</coordinates>
          </LinearRing>
        </outerBoundaryIs>
      </Polygon>
    </Placemark>
    <Placemark>
      <name>8766a3a23ffffff</name>
      <styleUrl>#h3_poly_style</styleUrl>
      <Polygon>
        <outerBoundaryIs>
          <LinearRing>
            <coordinates>-80.40259343726579,7.6717184234214955,0 -80.41043985615693,7.661640477575099,0 -80.40501369359669,7.650003178333712,0 -80.39174072424568,7.648444872001941,0 -80.38389489185826,7.658523858363514,0 -80.38932144193988,7.6701601104939545,0 -80.40259343726579,7.6717184234214955,0</coordinates>
          </LinearRing>
        </outerBoundaryIs>
      </Polygon>
    </Placemark>
    <Placemark>
      <name>8766b5ab1ffffff</name>
      <styleUrl>#h3_poly_style</styleUrl>
      <Polygon>
        <outerBoundaryIs>
          <LinearRing>
            <coordinates>-82.41826666049042,8.898347949795156,0 -82.42617097109677,8.888363578944356,0 -82.42082377382717,8.876892949285029,0 -82.40757173466837,8.875407635460599,0 -82.39966782362494,8.885393113306373,0 -82.40501555180354,8.896862797909117,0 -82.41826666049042,8.898347949795156,0</coordinates>
          </LinearRing>
        </outerBoundaryIs>
      </Polygon>
    </Placemark>
    <Placemark>
      <name>8766a3d45ffffff</name>
      <styleUrl>#h3_poly_style</styleUrl>
      <Polygon>
        <outerBoundaryIs>
          <LinearRing>
            <coordinates>-80.92826282828034,8.018614205684596,0 -80.93612562283319,8.008562991076007,0 -80.9307192317982,7.996969474629331,0 -80.91744962053743,7.9954281931918105,0 -80.90958736385016,8.005480467066493,0 -80.91499418018054,8.017072963058267,0 -80.92826282828034,8.018614205684596,0</coordinates>
          </LinearRing>
        </outerBoundaryIs>
      </Polygon>
    </Placemark>
    <Placemark>
      <name>8766b5284ffffff</name>
      <styleUrl>#h3_poly_style</styleUrl>
      <Polygon>
        <outerBoundaryIs>
          <LinearRing>
            <coordinates>-82.58376135005525,8.524687041055671,0 -82.59168154001557,8.514653353983684,0 -82.5863332906171,8.503134618810268,0 -82.5730643067811,8.501650504357539,0 -82.5651445021392,8.511685297475447,0 -82.57049329563993,8.523203098926025,0 -82.58376135005525,8.524687041055671,0</coordinates>
          </LinearRing>
        </outerBoundaryIs>
      </Polygon>
    </Placemark>
    <Placemark>
      <name>8766b5205ffffff</name>
      <styleUrl>#h3_poly_style</styleUrl>
      <Polygon>
        <outerBoundaryIs>
          <LinearRing>
            <coordinates>-82.41686583746223,8.571479891186176,0 -82.42477837625937,8.561455915508573,0 -82.41942553077993,8.549941867158891,0 -82.40615961420738,8.548452737501135,0 -82.39824747594004,8.558477815956211,0 -82.40360085334041,8.56999092121932,0 -82.41686583746223,8.571479891186176,0</coordinates>
          </LinearRing>
        </outerBoundaryIs>
      </Polygon>
    </Placemark>
    <Placemark>
      <name>8766a5570ffffff</name>
      <styleUrl>#h3_poly_style</styleUrl>
      <Polygon>
        <outerBoundaryIs>
          <LinearRing>
            <coordinates>-80.01501173485774,9.163154818314897,0 -80.02280153967548,9.153274341661625,0 -80.01739170636543,9.14182663613356,0 -80.00419171237063,9.14026048002619,0 -79.99640252287439,9.150142011682734,0 -80.00181271167922,9.161588644399014,0 -80.01501173485774,9.163154818314897,0</coordinates>
          </LinearRing>
        </outerBoundaryIs>
      </Polygon>
    </Placemark>
    <Placemark>
      <name>876616795ffffff</name>
      <styleUrl>#h3_poly_style</styleUrl>
      <Polygon>
        <outerBoundaryIs>
          <LinearRing>
            <coordinates>-79.02613271011775,9.227867397191964,0 -79.033868592586,9.21802969419313,0 -79.0284379546484,9.206591105533445,0 -79.01527115099643,9.204991343661161,0 -79.0075359702036,9.214830079816501,0 -79.01296689101792,9.226267544655242,0 -79.02613271011775,9.227867397191964,0</coordinates>
          </LinearRing>
        </outerBoundaryIs>
      </Polygon>
    </Placemark>
    <Placemark>
      <name>8766a5145ffffff</name>
      <styleUrl>#h3_poly_style</styleUrl>
      <Polygon>
        <outerBoundaryIs>
          <LinearRing>
            <coordinates>-79.53534923075904,9.149123125915738,0 -79.54311458748029,9.139257114901888,0 -79.53769344816047,9.127807475526813,0 -79.52450663136732,9.126224944779132,0 -79.51674193226343,9.13609199954295,0 -79.52216339196414,9.147540541265956,0 -79.53534923075904,9.149123125915738,0</coordinates>
          </LinearRing>
        </outerBoundaryIs>
      </Polygon>
    </Placemark>
    <Placemark>
      <name>8766a14deffffff</name>
      <styleUrl>#h3_poly_style</styleUrl>
      <Polygon>
        <outerBoundaryIs>
          <LinearRing>
            <coordinates>-80.3060740624478,7.814219217524865,0 -80.31391217976237,7.804161252133257,0 -80.3084860482486,7.792541515477621,0 -80.29522141898735,7.79098079731191,0 -80.28738389630557,7.801039803408293,0 -80.29281040787463,7.81265848691895,0 -80.3060740624478,7.814219217524865,0</coordinates>
          </LinearRing>
        </outerBoundaryIs>
      </Polygon>
    </Placemark>
    <Placemark>
      <name>8766a50ccffffff</name>
      <styleUrl>#h3_poly_style</styleUrl>
      <Polygon>
        <outerBoundaryIs>
          <LinearRing>
            <coordinates>-79.68229520564653,8.907182255371046,0 -79.6900743330955,8.897280065235947,0 -79.68465227621566,8.885798853013346,0 -79.6714507598444,8.884220920733954,0 -79.66367227811823,8.89412415450243,0 -79.6690946666681,8.905604276876856,0 -79.68229520564653,8.907182255371046,0</coordinates>
          </LinearRing>
        </outerBoundaryIs>
      </Polygon>
    </Placemark>
    <Placemark>
      <name>8766a5061ffffff</name>
      <styleUrl>#h3_poly_style</styleUrl>
      <Polygon>
        <outerBoundaryIs>
          <LinearRing>
            <coordinates>-79.52845989656419,9.029443844918646,0 -79.53622788450251,9.019562601258258,0 -79.53080450085372,9.008097362855233,0 -79.51761280877261,9.006514466031009,0 -79.50984547956367,9.016396751552161,0 -79.51526918333484,9.027860891998461,0 -79.52845989656419,9.029443844918646,0</coordinates>
          </LinearRing>
        </outerBoundaryIs>
      </Polygon>
    </Placemark>
    <Placemark>
      <name>8766b1d65ffffff</name>
      <styleUrl>#h3_poly_style</styleUrl>
      <Polygon>
        <outerBoundaryIs>
          <LinearRing>
            <coordinates>-82.85367458144115,8.292370183137567,0 -82.86161083107808,8.28230252968865,0 -82.85626754256735,8.270755850705688,0 -82.84298743971536,8.269277742335424,0 -82.8350515510879,8.279346504984565,0 -82.84039540392767,8.290892266726692,0 -82.85367458144115,8.292370183137567,0</coordinates>
          </LinearRing>
        </outerBoundaryIs>
      </Polygon>
    </Placemark>
    <Placemark>
      <name>8766b5932ffffff</name>
      <styleUrl>#h3_poly_style</styleUrl>
      <Polygon>
        <outerBoundaryIs>
          <LinearRing>
            <coordinates>-82.53431466960225,9.442203866857925,0 -82.5422096633669,9.432283630682196,0 -82.53687554340287,9.420887869015633,0 -82.52364589193408,9.419413285188885,0 -82.51575128574078,9.429334637163233,0 -82.52108594307317,9.44072945709154,0 -82.53431466960225,9.442203866857925,0</coordinates>
          </LinearRing>
        </outerBoundaryIs>
      </Polygon>
    </Placemark>
    <Placemark>
      <name>8766a560effffff</name>
      <styleUrl>#h3_poly_style</styleUrl>
      <Polygon>
        <outerBoundaryIs>
          <LinearRing>
            <coordinates>-79.86680169145554,8.690554346672076,0 -79.87459578815208,8.680618464495812,0 -79.86917421795658,8.669109241887858,0 -79.85595820499968,8.667536981242277,0 -79.84816473862921,8.677473908096818,0 -79.85358665451592,8.688982050876573,0 -79.86680169145554,8.690554346672076,0</coordinates>
          </LinearRing>
        </outerBoundaryIs>
      </Polygon>
    </Placemark>
    <Placemark>
      <name>8766b5645ffffff</name>
      <styleUrl>#h3_poly_style</styleUrl>
      <Polygon>
        <outerBoundaryIs>
          <LinearRing>
            <coordinates>-82.71349761052721,8.451785753997711,0 -82.72142458111249,8.441740254316965,0 -82.71607934580919,8.43021312959661,0 -82.70280658585708,8.42873243062315,0 -82.69487998883001,8.43877903840119,0 -82.70022577782183,8.450305236979842,0 -82.71349761052721,8.451785753997711,0</coordinates>
          </LinearRing>
        </outerBoundaryIs>
      </Polygon>
    </Placemark>
    <Placemark>
      <name>8766a56e2ffffff</name>
      <styleUrl>#h3_poly_style</styleUrl>
      <Polygon>
        <outerBoundaryIs>
          <LinearRing>
            <coordinates>-79.89493527072179,8.617829694630931,0 -79.90273262918672,8.607883712516236,0 -79.89731045403936,8.596365157286494,0 -79.88409057213293,8.594793662314077,0 -79.87629384179752,8.604740688644386,0 -79.88171636486506,8.616258165689118,0 -79.89493527072179,8.617829694630931,0</coordinates>
          </LinearRing>
        </outerBoundaryIs>
      </Polygon>
    </Placemark>
    <Placemark>
      <name>8766a3508ffffff</name>
      <styleUrl>#h3_poly_style</styleUrl>
      <Polygon>
        <outerBoundaryIs>
          <LinearRing>
            <coordinates>-81.22792271173171,7.690775719101956,0 -81.2358074154124,7.6806771637844955,0 -81.23040366240923,7.669043445810297,0 -81.21711475715817,7.667509285088322,0 -81.20923056525633,7.677608901405632,0 -81.21463476644779,7.689241617387415,0 -81.22792271173171,7.690775719101956,0</coordinates>
          </LinearRing>
        </outerBoundaryIs>
      </Polygon>
    </Placemark>
    <Placemark>
      <name>8766a065effffff</name>
      <styleUrl>#h3_poly_style</styleUrl>
      <Polygon>
        <outerBoundaryIs>
          <LinearRing>
            <coordinates>-80.82906146184601,8.182325335082561,0 -80.83691552767918,8.172296784661956,0 -80.83150928925508,8.160723715382385,0 -80.81824856704175,8.159180223174369,0 -80.81039504746641,8.169209833139535,0 -80.81580170346967,8.180781875714878,0 -80.82906146184601,8.182325335082561,0</coordinates>
          </LinearRing>
        </outerBoundaryIs>
      </Polygon>
    </Placemark>
    <Placemark>
      <name>8766a0a46ffffff</name>
      <styleUrl>#h3_poly_style</styleUrl>
      <Polygon>
        <outerBoundaryIs>
          <LinearRing>
            <coordinates>-80.19603304309065,8.620875479220047,0 -80.20384553109947,8.61092023738633,0 -80.19843064648879,8.599402155282528,0 -80.18520290346726,8.597840377248074,0 -80.17739101683853,8.607796670447419,0 -80.18280627147674,8.619313690269557,0 -80.19603304309065,8.620875479220047,0</coordinates>
          </LinearRing>
        </outerBoundaryIs>
      </Polygon>
    </Placemark>
    <Placemark>
      <name>8766106adffffff</name>
      <styleUrl>#h3_poly_style</styleUrl>
      <Polygon>
        <outerBoundaryIs>
          <LinearRing>
            <coordinates>-78.00935054039891,8.443292772176337,0 -78.01704734850335,8.433390637721851,0 -78.01158387163728,8.421857231240876,0 -77.99842337696143,8.420227135607867,0 -77.99072736171881,8.43013026656013,0 -77.99619104792207,8.441662496628725,0 -78.00935054039891,8.443292772176337,0</coordinates>
          </LinearRing>
        </outerBoundaryIs>
      </Polygon>
    </Placemark>
    <Placemark>
      <name>8766b5aebffffff</name>
      <styleUrl>#h3_poly_style</styleUrl>
      <Polygon>
        <outerBoundaryIs>
          <LinearRing>
            <coordinates>-82.21361231636865,8.75569725814642,0 -82.22151213627242,8.745700742864182,0 -82.21615600496386,8.734209341887075,0 -82.20289953673436,8.732715411319177,0 -82.19500013549735,8.742713027069662,0 -82.20035678344843,8.754203472849776,0 -82.21361231636865,8.75569725814642,0</coordinates>
          </LinearRing>
        </outerBoundaryIs>
      </Polygon>
    </Placemark>
    <Placemark>
      <name>8766a06d1ffffff</name>
      <styleUrl>#h3_poly_style</styleUrl>
      <Polygon>
        <outerBoundaryIs>
          <LinearRing>
            <coordinates>-80.9744463091633,8.144492991711383,0 -80.9823080833584,8.134455700785875,0 -80.97690511766066,8.122878209907897,0 -80.96363994905182,8.121339028543249,0 -80.95577870811624,8.131377381887994,0 -80.96118210215286,8.142953854123164,0 -80.9744463091633,8.144492991711383,0</coordinates>
          </LinearRing>
        </outerBoundaryIs>
      </Polygon>
    </Placemark>
    <Placemark>
      <name>8766b5293ffffff</name>
      <styleUrl>#h3_poly_style</styleUrl>
      <Polygon>
        <outerBoundaryIs>
          <LinearRing>
            <coordinates>-82.64990871532555,8.477469764910085,0 -82.65783262705342,8.467428840124562,0 -82.65248573534679,8.455904497480269,0 -82.63921438251127,8.45442200933716,0 -82.63129085013331,8.464464041080197,0 -82.63663829086593,8.475987453933982,0 -82.64990871532555,8.477469764910085,0</coordinates>
          </LinearRing>
        </outerBoundaryIs>
      </Polygon>
    </Placemark>
    <Placemark>
      <name>8766a5c08ffffff</name>
      <styleUrl>#h3_poly_style</styleUrl>
      <Polygon>
        <outerBoundaryIs>
          <LinearRing>
            <coordinates>-79.9120991993659,9.366721314192285,0 -79.91987866421546,9.356870614671736,0 -79.91446994442717,9.345449710940164,0 -79.90128141191455,9.343880584953197,0 -79.8935025706599,9.353732339852153,0 -79.89891163795166,9.365152165316367,0 -79.9120991993659,9.366721314192285,0</coordinates>
          </LinearRing>
        </outerBoundaryIs>
      </Polygon>
    </Placemark>
    <Placemark>
      <name>8766b560bffffff</name>
      <styleUrl>#h3_poly_style</styleUrl>
      <Polygon>
        <outerBoundaryIs>
          <LinearRing>
            <coordinates>-82.83294391425572,8.465089753818622,0 -82.84087501807237,8.45504303113183,0 -82.83553398225078,8.44351881385466,0 -82.82226128001824,8.442042238929512,0 -82.81433053872371,8.452090072680367,0 -82.81967213676485,8.463613370215379,0 -82.83294391425572,8.465089753818622,0</coordinates>
          </LinearRing>
        </outerBoundaryIs>
      </Polygon>
    </Placemark>
    <Placemark>
      <name>8766a2400ffffff</name>
      <styleUrl>#h3_poly_style</styleUrl>
      <Polygon>
        <outerBoundaryIs>
          <LinearRing>
            <coordinates>-82.19509223829768,8.229484603311212,0 -82.20300461856924,8.219425181184834,0 -82.1976388851693,8.20786473284107,0 -82.18436025407881,8.206364659323595,0 -82.17644829558579,8.21642517423478,0 -82.18181454602814,8.227984669809185,0 -82.19509223829768,8.229484603311212,0</coordinates>
          </LinearRing>
        </outerBoundaryIs>
      </Polygon>
    </Placemark>
    <Placemark>
      <name>8766b53b6ffffff</name>
      <styleUrl>#h3_poly_style</styleUrl>
      <Polygon>
        <outerBoundaryIs>
          <LinearRing>
            <coordinates>-82.62158525617824,8.714327075991394,0 -82.62950208587434,8.704315270686278,0 -82.62415831721104,8.692821989390984,0 -82.6108971723172,8.691341446308918,0 -82.60298072399797,8.701354361008134,0 -82.60832503882149,8.712846709320639,0 -82.62158525617824,8.714327075991394,0</coordinates>
          </LinearRing>
        </outerBoundaryIs>
      </Polygon>
    </Placemark>
    <Placemark>
      <name>8766b5203ffffff</name>
      <styleUrl>#h3_poly_style</styleUrl>
      <Polygon>
        <outerBoundaryIs>
          <LinearRing>
            <coordinates>-82.44060514377537,8.541403756859332,0 -82.44851937201068,8.531375575682967,0 -82.44316677346416,8.51985777100999,0 -82.42989941257264,8.518369089039547,0 -82.42198558276527,8.52839837314497,0 -82.42733871504637,8.53991523621928,0 -82.44060514377537,8.541403756859332,0</coordinates>
          </LinearRing>
        </outerBoundaryIs>
      </Polygon>
    </Placemark>
    <Placemark>
      <name>8766a506effffff</name>
      <styleUrl>#h3_poly_style</styleUrl>
      <Polygon>
        <outerBoundaryIs>
          <LinearRing>
            <coordinates>-79.53080450085372,9.008097362855233,0 -79.53857314680761,8.99821328694322,0 -79.53314944243782,8.986745272643528,0 -79.51995677140398,8.985162432039235,0 -79.51218878406435,8.995047549553012,0 -79.51761280877261,9.006514466031009,0 -79.53080450085372,9.008097362855233,0</coordinates>
          </LinearRing>
        </outerBoundaryIs>
      </Polygon>
    </Placemark>
    <Placemark>
      <name>8766a3184ffffff</name>
      <styleUrl>#h3_poly_style</styleUrl>
      <Polygon>
        <outerBoundaryIs>
          <LinearRing>
            <coordinates>-80.98137667171397,7.728268240467154,0 -80.98924919885675,7.718180765617753,0 -80.9838392525388,7.706551071574304,0 -80.97055634871431,7.705009868116873,0 -80.96268435561966,7.7150983986135415,0 -80.96809473192272,7.726727076865629,0 -80.98137667171397,7.728268240467154,0</coordinates>
          </LinearRing>
        </outerBoundaryIs>
      </Polygon>
    </Placemark>
    <Placemark>
      <name>8766a572effffff</name>
      <styleUrl>#h3_poly_style</styleUrl>
      <Polygon>
        <outerBoundaryIs>
          <LinearRing>
            <coordinates>-79.8244711287548,8.891646553677393,0 -79.83225801553648,8.881737619155915,0 -79.82683895935564,8.870254350713218,0 -79.81363267388133,8.868681099155204,0 -79.8058464203504,8.878591080395454,0 -79.81126581867024,8.890073266433168,0 -79.8244711287548,8.891646553677393,0</coordinates>
          </LinearRing>
        </outerBoundaryIs>
      </Polygon>
    </Placemark>
    <Placemark>
      <name>8766b5a76ffffff</name>
      <styleUrl>#h3_poly_style</styleUrl>
      <Polygon>
        <outerBoundaryIs>
          <LinearRing>
            <coordinates>-82.17721287544416,8.892994698455306,0 -82.18510775507232,8.883015914064336,0 -82.17975284294602,8.871542475615781,0 -82.16650253725454,8.87004877940909,0 -82.15860807925002,8.880028665170952,0 -82.16396350493913,8.8915011456989,0 -82.17721287544416,8.892994698455306,0</coordinates>
          </LinearRing>
        </outerBoundaryIs>
      </Polygon>
    </Placemark>
    <Placemark>
      <name>8766b5253ffffff</name>
      <styleUrl>#h3_poly_style</styleUrl>
      <Polygon>
        <outerBoundaryIs>
          <LinearRing>
            <coordinates>-82.37123333492765,8.44624522747608,0 -82.37914725137017,8.436207339618383,0 -82.37379080163473,8.424676458099315,0 -82.3605199060271,8.423184409073887,0 -82.35260639462521,8.433223396944156,0 -82.35796337341476,8.44475333375566,0 -82.37123333492765,8.44624522747608,0</coordinates>
          </LinearRing>
        </outerBoundaryIs>
      </Polygon>
    </Placemark>
    <Placemark>
      <name>8766a285affffff</name>
      <styleUrl>#h3_poly_style</styleUrl>
      <Polygon>
        <outerBoundaryIs>
          <LinearRing>
            <coordinates>-81.50173331251675,8.467673049214193,0 -81.50961061735124,8.457660378253534,0 -81.50422804989952,8.44612644273218,0 -81.49096771130166,8.444606169997598,0 -81.48309089087702,8.454619920835317,0 -81.4884739242643,8.466152864469057,0 -81.50173331251675,8.467673049214193,0</coordinates>
          </LinearRing>
        </outerBoundaryIs>
      </Polygon>
    </Placemark>
    <Placemark>
      <name>8766a5606ffffff</name>
      <styleUrl>#h3_poly_style</styleUrl>
      <Polygon>
        <outerBoundaryIs>
          <LinearRing>
            <coordinates>-79.90169872892518,8.738142402240495,0 -79.90949342321038,8.728211402757006,0 -79.90407350047197,8.716708295618881,0 -79.8908585349264,8.715137266012293,0 -79.88306446768706,8.725069311721652,0 -79.88848473857391,8.73657134076916,0 -79.90169872892518,8.738142402240495,0</coordinates>
          </LinearRing>
        </outerBoundaryIs>
      </Polygon>
    </Placemark>
    <Placemark>
      <name>8766a5059ffffff</name>
      <styleUrl>#h3_poly_style</styleUrl>
      <Polygon>
        <outerBoundaryIs>
          <LinearRing>
            <coordinates>-79.57977513086088,8.927400769777659,0 -79.58754837913912,8.917504642936864,0 -79.58212435914291,8.90602612130897,0 -79.56892676639566,8.90444482169414,0 -79.56115417277319,8.91434199007993,0 -79.56657851687008,8.925819416496719,0 -79.57977513086088,8.927400769777659,0</coordinates>
          </LinearRing>
        </outerBoundaryIs>
      </Polygon>
    </Placemark>
    <Placemark>
      <name>8766a1d99ffffff</name>
      <styleUrl>#h3_poly_style</styleUrl>
      <Polygon>
        <outerBoundaryIs>
          <LinearRing>
            <coordinates>-80.2013696481686,8.392787937786302,0 -80.20918811285419,8.38280405674053,0 -80.20376940124396,8.371256823787533,0 -80.19053185361214,8.369694533118142,0 -80.18271399071067,8.37967946209232,0 -80.18813307328155,8.3912256337616,0 -80.2013696481686,8.392787937786302,0</coordinates>
          </LinearRing>
        </outerBoundaryIs>
      </Polygon>
    </Placemark>
    <Placemark>
      <name>8766b531affffff</name>
      <styleUrl>#h3_poly_style</styleUrl>
      <Polygon>
        <outerBoundaryIs>
          <LinearRing>
            <coordinates>-82.46758785891095,8.653511941226752,0 -82.47550029920578,8.643496595655726,0 -82.47015048886095,8.631993825164027,0 -82.45688770255164,8.630507341059136,0 -82.4489756579232,8.640523791669674,0 -82.45432600356303,8.652025621272701,0 -82.46758785891095,8.653511941226752,0</coordinates>
          </LinearRing>
        </outerBoundaryIs>
      </Polygon>
    </Placemark>
    <Placemark>
      <name>8766a30c2ffffff</name>
      <styleUrl>#h3_poly_style</styleUrl>
      <Polygon>
        <outerBoundaryIs>
          <LinearRing>
            <coordinates>-80.89131595542706,7.453422176967039,0 -80.89919118034678,7.4433046289151,0 -80.89377405877623,7.431640920859897,0 -80.8804812878001,7.430095779681,0 -80.87260660603654,7.4402143762845405,0 -80.87802415171336,7.451877065461931,0 -80.89131595542706,7.453422176967039,0</coordinates>
          </LinearRing>
        </outerBoundaryIs>
      </Polygon>
    </Placemark>
    <Placemark>
      <name>8766a0b49ffffff</name>
      <styleUrl>#h3_poly_style</styleUrl>
      <Polygon>
        <outerBoundaryIs>
          <LinearRing>
            <coordinates>-80.10711282291678,8.697335897582972,0 -80.1149189498608,8.687393096549082,0 -80.10950322421915,8.675884791554958,0 -80.09628100793782,8.674320354732004,0 -80.08847548998565,8.684264206199424,0 -80.0938915789489,8.695771444011251,0 -80.10711282291678,8.697335897582972,0</coordinates>
          </LinearRing>
        </outerBoundaryIs>
      </Polygon>
    </Placemark>
    <Placemark>
      <name>8766a5708ffffff</name>
      <styleUrl>#h3_poly_style</styleUrl>
      <Polygon>
        <outerBoundaryIs>
          <LinearRing>
            <coordinates>-79.83157564035915,8.827453209655362,0 -79.83936450015665,8.817535857388167,0 -79.83394449089201,8.806044279365285,0 -79.8207352786551,8.80447113550123,0 -79.81294705174231,8.814389533698034,0 -79.81836740380865,8.825880029787488,0 -79.83157564035915,8.827453209655362,0</coordinates>
          </LinearRing>
        </outerBoundaryIs>
      </Polygon>
    </Placemark>
    <Placemark>
      <name>8766b53a8ffffff</name>
      <styleUrl>#h3_poly_style</styleUrl>
      <Polygon>
        <outerBoundaryIs>
          <LinearRing>
            <coordinates>-82.50737357474337,8.657968107611513,0 -82.51528744557217,8.647952313372794,0 -82.50993899595044,8.636450490202646,0 -82.49667613698162,8.634965399968273,0 -82.48876265815667,8.644982300228797,0 -82.49411164592208,8.656483184628568,0 -82.50737357474337,8.657968107611513,0</coordinates>
          </LinearRing>
        </outerBoundaryIs>
      </Polygon>
    </Placemark>
    <Placemark>
      <name>8766a16acffffff</name>
      <styleUrl>#h3_poly_style</styleUrl>
      <Polygon>
        <outerBoundaryIs>
          <LinearRing>
            <coordinates>-80.08413717048019,7.63421214173276,0 -80.09196870018178,7.624139047038318,0 -80.0865339891823,7.612497349854254,0 -80.07326738400421,7.610929811578382,0 -80.06543646950243,7.621003938290501,0 -80.07087154460106,7.6326445712170115,0 -80.08413717048019,7.63421214173276,0</coordinates>
          </LinearRing>
        </outerBoundaryIs>
      </Polygon>
    </Placemark>
    <Placemark>
      <name>8766a250dffffff</name>
      <styleUrl>#h3_poly_style</styleUrl>
      <Polygon>
        <outerBoundaryIs>
          <LinearRing>
            <coordinates>-82.12136615933518,8.341547242984982,0 -82.1292727288971,8.33150304500013,0 -82.1239066131972,8.31995658278467,0 -82.11063341622442,8.318455276055223,0 -82.10272727489627,8.328500566706994,0 -82.10809390193091,8.340046071352647,0 -82.12136615933518,8.341547242984982,0</coordinates>
          </LinearRing>
        </outerBoundaryIs>
      </Polygon>
    </Placemark>
    <Placemark>
      <name>8766a5aa5ffffff</name>
      <styleUrl>#h3_poly_style</styleUrl>
      <Polygon>
        <outerBoundaryIs>
          <LinearRing>
            <coordinates>-79.37947424263473,9.108787548024713,0 -79.38723231652716,9.098921734293226,0 -79.3818070468763,9.08746698323617,0 -79.36862339393316,9.085879151568001,0 -79.36086599147689,9.095746004869007,0 -79.36629157015666,9.107199650232094,0 -79.37947424263473,9.108787548024713,0</coordinates>
          </LinearRing>
        </outerBoundaryIs>
      </Polygon>
    </Placemark>
    <Placemark>
      <name>8766a569effffff</name>
      <styleUrl>#h3_poly_style</styleUrl>
      <Polygon>
        <outerBoundaryIs>
          <LinearRing>
            <coordinates>-80.0746134064637,8.628271455096678,0 -80.08241962900124,8.618320999619467,0 -80.07700191702104,8.606803794506353,0 -80.06377762103286,8.60523811354973,0 -80.0559720106453,8.61518961764301,0 -80.06139008372169,8.626705754032274,0 -80.0746134064637,8.628271455096678,0</coordinates>
          </LinearRing>
        </outerBoundaryIs>
      </Polygon>
    </Placemark>
    <Placemark>
      <name>8766b5a9dffffff</name>
      <styleUrl>#h3_poly_style</styleUrl>
      <Polygon>
        <outerBoundaryIs>
          <LinearRing>
            <coordinates>-82.40733658648657,8.821002503322052,0 -82.4152424306094,8.811008978461901,0 -82.4098935566296,8.799527919431394,0 -82.39663830776703,8.798041330373032,0 -82.38873286440683,8.808035961016882,0 -82.3940822687724,8.81951607486309,0 -82.40733658648657,8.821002503322052,0</coordinates>
          </LinearRing>
        </outerBoundaryIs>
      </Polygon>
    </Placemark>
    <Placemark>
      <name>8766b574affffff</name>
      <styleUrl>#h3_poly_style</styleUrl>
      <Polygon>
        <outerBoundaryIs>
          <LinearRing>
            <coordinates>-82.70317427547431,8.538021773002281,0 -82.71109867116681,8.527986810118666,0 -82.70575456845644,8.516470948385297,0 -82.69248551703711,8.514990976800275,0 -82.6845614956468,8.525027048690344,0 -82.68990615099891,8.536541983083483,0 -82.70317427547431,8.538021773002281,0</coordinates>
          </LinearRing>
        </outerBoundaryIs>
      </Polygon>
    </Placemark>
    <Placemark>
      <name>8766a53b4ffffff</name>
      <styleUrl>#h3_poly_style</styleUrl>
      <Polygon>
        <outerBoundaryIs>
          <LinearRing>
            <coordinates>-79.62171912496477,8.910767385985608,0 -79.62949499365683,8.900867701726535,0 -79.62407162653356,8.8893869929778,0 -79.6108720631308,8.887807061458608,0 -79.6030968454772,8.897707787992067,0 -79.60852053981561,8.909187403730993,0 -79.62171912496477,8.910767385985608,0</coordinates>
          </LinearRing>
        </outerBoundaryIs>
      </Polygon>
    </Placemark>
    <Placemark>
      <name>8766b5666ffffff</name>
      <styleUrl>#h3_poly_style</styleUrl>
      <Polygon>
        <outerBoundaryIs>
          <LinearRing>
            <coordinates>-82.72694912253394,8.507912719055488,0 -82.73487517771787,8.497873592692217,0 -82.72953134632354,8.486353986309604,0 -82.71626090491412,8.48487443204319,0 -82.70833522191593,8.494914667568342,0 -82.71367960776662,8.506433348122274,0 -82.72694912253394,8.507912719055488,0</coordinates>
          </LinearRing>
        </outerBoundaryIs>
      </Polygon>
    </Placemark>
    <Placemark>
      <name>8766a561effffff</name>
      <styleUrl>#h3_poly_style</styleUrl>
      <Polygon>
        <outerBoundaryIs>
          <LinearRing>
            <coordinates>-79.92746149874753,8.686902390289909,0 -79.93525879212142,8.676964068385892,0 -79.92983858529607,8.665454368082726,0 -79.91662073456776,8.663884066268068,0 -79.90882406616471,8.673823434221674,0 -79.91424462314536,8.685332057897504,0 -79.92746149874753,8.686902390289909,0</coordinates>
          </LinearRing>
        </outerBoundaryIs>
      </Polygon>
    </Placemark>
    <Placemark>
      <name>8766a502effffff</name>
      <styleUrl>#h3_poly_style</styleUrl>
      <Polygon>
        <outerBoundaryIs>
          <LinearRing>
            <coordinates>-79.6610968045055,9.099380943917058,0 -79.66887001345981,9.089504176617027,0 -79.66345082905816,9.078047974159952,0 -79.65025810562479,9.076469630086196,0 -79.64248554345819,9.086347443330059,0 -79.64790505756561,9.097802554663836,0 -79.6610968045055,9.099380943917058,0</coordinates>
          </LinearRing>
        </outerBoundaryIs>
      </Polygon>
    </Placemark>
    <Placemark>
      <name>8766a3513ffffff</name>
      <styleUrl>#h3_poly_style</styleUrl>
      <Polygon>
        <outerBoundaryIs>
          <LinearRing>
            <coordinates>-81.32634334510409,7.713132569292797,0 -81.33423189273293,7.703034060941746,0 -81.32883131098396,7.69140343741024,0 -81.3155417258878,7.689872318902962,0 -81.30765368100424,7.699971891029641,0 -81.31305471809276,7.711601517829122,0 -81.32634334510409,7.713132569292797,0</coordinates>
          </LinearRing>
        </outerBoundaryIs>
      </Polygon>
    </Placemark>
    <Placemark>
      <name>8766a3985ffffff</name>
      <styleUrl>#h3_poly_style</styleUrl>
      <Polygon>
        <outerBoundaryIs>
          <LinearRing>
            <coordinates>-80.78039259906596,8.078125802725646,0 -80.78824699147461,8.068085987052527,0 -80.78283765640624,8.056499638861238,0 -80.76957351426718,8.054954135091648,0 -80.76171967287102,8.064995007451255,0 -80.76712942222423,8.076580326841345,0 -80.78039259906596,8.078125802725646,0</coordinates>
          </LinearRing>
        </outerBoundaryIs>
      </Polygon>
    </Placemark>
    <Placemark>
      <name>8766a1d0bffffff</name>
      <styleUrl>#h3_poly_style</styleUrl>
      <Polygon>
        <outerBoundaryIs>
          <LinearRing>
            <coordinates>-80.01434865012055,8.446976034048939,0 -80.02215636467658,8.437004779087475,0 -80.01673405443479,8.42546440306788,0 -80.00350367217749,8.423896353374772,0 -79.99569657584095,8.433868652682506,0 -80.00111924316744,8.445407957293398,0 -80.01434865012055,8.446976034048939,0</coordinates>
          </LinearRing>
        </outerBoundaryIs>
      </Polygon>
    </Placemark>
    <Placemark>
      <name>8766b5318ffffff</name>
      <styleUrl>#h3_poly_style</styleUrl>
      <Polygon>
        <outerBoundaryIs>
          <LinearRing>
            <coordinates>-82.44641460382915,8.662039409913987,0 -82.45432600356303,8.652025621272701,0 -82.4489756579232,8.640523791669674,0 -82.43571337843369,8.639036692722263,0 -82.4278023762871,8.64905158602208,0 -82.43315325566806,8.660552473538134,0 -82.44641460382915,8.662039409913987,0</coordinates>
          </LinearRing>
        </outerBoundaryIs>
      </Polygon>
    </Placemark>
    <Placemark>
      <name>8766104ecffffff</name>
      <styleUrl>#h3_poly_style</styleUrl>
      <Polygon>
        <outerBoundaryIs>
          <LinearRing>
            <coordinates>-78.14262560875953,8.69827397513825,0 -78.15032405943339,8.688399842861086,0 -78.14486735888212,8.676897314759563,0 -78.1317119884876,8.675270088391038,0 -78.12401431802633,8.68514522483842,0 -78.12947123737914,8.69664658346326,0 -78.14262560875953,8.69827397513825,0</coordinates>
          </LinearRing>
        </outerBoundaryIs>
      </Polygon>
    </Placemark>
    <Placemark>
      <name>8766a5040ffffff</name>
      <styleUrl>#h3_poly_style</styleUrl>
      <Polygon>
        <outerBoundaryIs>
          <LinearRing>
            <coordinates>-79.5727294728954,8.991491140904794,0 -79.58050074682785,8.981603490087577,0 -79.57507768780211,8.970133283426568,0 -79.56188303102209,8.968551823177226,0 -79.55411241209406,8.978440516325497,0 -79.55953579456975,8.989909627353244,0 -79.5727294728954,8.991491140904794,0</coordinates>
          </LinearRing>
        </outerBoundaryIs>
      </Polygon>
    </Placemark>
    <Placemark>
      <name>8766b509dffffff</name>
      <styleUrl>#h3_poly_style</styleUrl>
      <Polygon>
        <outerBoundaryIs>
          <LinearRing>
            <coordinates>-82.83390990562575,8.79241608185626,0 -82.8418327400931,8.782408545232332,0 -82.83649732940982,8.770927798467007,0 -82.8232385227734,8.769455510317576,0 -82.81531604997996,8.779464162215536,0 -82.82065202177546,8.790943986911746,0 -82.83390990562575,8.79241608185626,0</coordinates>
          </LinearRing>
        </outerBoundaryIs>
      </Polygon>
    </Placemark>
    <Placemark>
      <name>8766b5242ffffff</name>
      <styleUrl>#h3_poly_style</styleUrl>
      <Polygon>
        <outerBoundaryIs>
          <LinearRing>
            <coordinates>-82.32886925968234,8.463331965787507,0 -82.33678107121189,8.453297176202323,0 -82.33142356492618,8.44176818530745,0 -82.31815372079734,8.440274931051178,0 -82.31024231815162,8.450310819891504,0 -82.31560035037538,8.4618388636618,0 -82.32886925968234,8.463331965787507,0</coordinates>
          </LinearRing>
        </outerBoundaryIs>
      </Polygon>
    </Placemark>
    <Placemark>
      <name>876610630ffffff</name>
      <styleUrl>#h3_poly_style</styleUrl>
      <Polygon>
        <outerBoundaryIs>
          <LinearRing>
            <coordinates>-77.97957229155747,8.537237573251314,0 -77.98726498781198,8.52734870815324,0 -77.98180265468613,8.515827170049764,0 -77.96864741792025,8.514195674952713,0 -77.96095551658233,8.524085537533267,0 -77.966418056726,8.535605897709766,0 -77.97957229155747,8.537237573251314,0</coordinates>
          </LinearRing>
        </outerBoundaryIs>
      </Polygon>
    </Placemark>
    <Placemark>
      <name>8766a568affffff</name>
      <styleUrl>#h3_poly_style</styleUrl>
      <Polygon>
        <outerBoundaryIs>
          <LinearRing>
            <coordinates>-80.01630270819781,8.610489309259647,0 -80.02410643109852,8.600538485167167,0 -80.01868700844682,8.589018982993704,0 -80.00546350566582,8.587451376628323,0 -79.99766040016327,8.597403247687064,0 -80.00308017966937,8.608921678101074,0 -80.01630270819781,8.610489309259647,0</coordinates>
          </LinearRing>
        </outerBoundaryIs>
      </Polygon>
    </Placemark>
    <Placemark>
      <name>8766b5a54ffffff</name>
      <styleUrl>#h3_poly_style</styleUrl>
      <Polygon>
        <outerBoundaryIs>
          <LinearRing>
            <coordinates>-82.18229316688895,8.850084716967737,0 -82.19018933804307,8.840100542031301,0 -82.18483384733807,8.82862142651621,0 -82.17158167103388,8.827127443281501,0 -82.16368592115538,8.837112719166871,0 -82.16904192593111,8.848590877268292,0 -82.18229316688895,8.850084716967737,0</coordinates>
          </LinearRing>
        </outerBoundaryIs>
      </Polygon>
    </Placemark>
    <Placemark>
      <name>8766a0a66ffffff</name>
      <styleUrl>#h3_poly_style</styleUrl>
      <Polygon>
        <outerBoundaryIs>
          <LinearRing>
            <coordinates>-80.17020412219266,8.672191704641566,0 -80.1780140369813,8.66224372629462,0 -80.17259941068204,8.650732226541294,0 -80.15937450120927,8.649169768876446,0 -80.15156518990104,8.659118798760469,0 -80.15698018421087,8.670629234726498,0 -80.17020412219266,8.672191704641566,0</coordinates>
          </LinearRing>
        </outerBoundaryIs>
      </Polygon>
    </Placemark>
    <Placemark>
      <name>8766b529affffff</name>
      <styleUrl>#h3_poly_style</styleUrl>
      <Polygon>
        <outerBoundaryIs>
          <LinearRing>
            <coordinates>-82.63386665757136,8.442895784669188,0 -82.64179083437892,8.432851118577918,0 -82.63644282522615,8.421322084153145,0 -82.6231700908975,8.419838646153138,0 -82.61524629500015,8.429884418360103,0 -82.62059485214607,8.441412522376742,0 -82.63386665757136,8.442895784669188,0</coordinates>
          </LinearRing>
        </outerBoundaryIs>
      </Polygon>
    </Placemark>
    <Placemark>
      <name>8766a02f6ffffff</name>
      <styleUrl>#h3_poly_style</styleUrl>
      <Polygon>
        <outerBoundaryIs>
          <LinearRing>
            <coordinates>-80.55960809717621,8.249294306769508,0 -80.56744769196234,8.239281819887312,0 -80.56203552666132,8.227716722315684,0 -80.54878336856602,8.226165153117847,0 -80.54094434404703,8.23617869417431,0 -80.54635690697982,8.247742750204244,0 -80.55960809717621,8.249294306769508,0</coordinates>
          </LinearRing>
        </outerBoundaryIs>
      </Polygon>
    </Placemark>
    <Placemark>
      <name>8766a58d2ffffff</name>
      <styleUrl>#h3_poly_style</styleUrl>
      <Polygon>
        <outerBoundaryIs>
          <LinearRing>
            <coordinates>-79.62132618713407,9.278115462602916,0 -79.6290928364198,9.268263219229098,0 -79.62367587617976,9.256830473138454,0 -79.61049193986992,9.255251063618925,0 -79.60272594011712,9.26510435452662,0 -79.6081432267703,9.276536007380285,0 -79.62132618713407,9.278115462602916,0</coordinates>
          </LinearRing>
        </outerBoundaryIs>
      </Polygon>
    </Placemark>
    <Placemark>
      <name>8766b52c1ffffff</name>
      <styleUrl>#h3_poly_style</styleUrl>
      <Polygon>
        <outerBoundaryIs>
          <LinearRing>
            <coordinates>-82.4373534303481,8.399022771711506,0 -82.44527113490503,8.388977612865558,0 -82.43991599483232,8.377441104151991,0 -82.42664261584112,8.375950694992564,0 -82.418725310374,8.38599695474858,0 -82.42408098443265,8.397532522681598,0 -82.4373534303481,8.399022771711506,0</coordinates>
          </LinearRing>
        </outerBoundaryIs>
      </Polygon>
    </Placemark>
    <Placemark>
      <name>8766a3942ffffff</name>
      <styleUrl>#h3_poly_style</styleUrl>
      <Polygon>
        <outerBoundaryIs>
          <LinearRing>
            <coordinates>-80.54411607793513,8.02861750604284,0 -80.5519604516708,8.01857852770451,0 -80.54654407187577,8.006985591027398,0 -80.53328292091491,8.00543267397677,0 -80.52543911964356,8.015472702489259,0 -80.5308558964916,8.027064597828492,0 -80.54411607793513,8.02861750604284,0</coordinates>
          </LinearRing>
        </outerBoundaryIs>
      </Polygon>
    </Placemark>
    <Placemark>
      <name>8766a0a54ffffff</name>
      <styleUrl>#h3_poly_style</styleUrl>
      <Polygon>
        <outerBoundaryIs>
          <LinearRing>
            <coordinates>-80.23571496070915,8.62555824227291,0 -80.24352930339579,8.615602336579135,0 -80.23811547702857,8.60408489177607,0 -80.22488693467159,8.60252441281427,0 -80.21707318981291,8.61248137088042,0 -80.2224873891087,8.623997755489464,0 -80.23571496070915,8.62555824227291,0</coordinates>
          </LinearRing>
        </outerBoundaryIs>
      </Polygon>
    </Placemark>
    <Placemark>
      <name>8766b5075ffffff</name>
      <styleUrl>#h3_poly_style</styleUrl>
      <Polygon>
        <outerBoundaryIs>
          <LinearRing>
            <coordinates>-82.56382275126278,8.860269743527011,0 -82.57173366832986,8.850277052579216,0 -82.56639051520611,8.838802687113052,0 -82.55313590313912,8.837321949548484,0 -82.54522537239147,8.847315750377524,0 -82.55056906701759,8.858789178815762,0 -82.56382275126278,8.860269743527011,0</coordinates>
          </LinearRing>
        </outerBoundaryIs>
      </Polygon>
    </Placemark>
    <Placemark>
      <name>8766a5a93ffffff</name>
      <styleUrl>#h3_poly_style</styleUrl>
      <Polygon>
        <outerBoundaryIs>
          <LinearRing>
            <coordinates>-79.48888877506319,9.024693654969841,0 -79.49665478569234,9.014813161794603,0 -79.49123044220099,9.003347344230763,0 -79.47803977048098,9.001763119809791,0 -79.4702744220714,9.011644653858111,0 -79.47569908279073,9.023109371416492,0 -79.48888877506319,9.024693654969841,0</coordinates>
          </LinearRing>
        </outerBoundaryIs>
      </Polygon>
    </Placemark>
    <Placemark>
      <name>8766a5991ffffff</name>
      <styleUrl>#h3_poly_style</styleUrl>
      <Polygon>
        <outerBoundaryIs>
          <LinearRing>
            <coordinates>-79.69548060791605,9.51310026990499,0 -79.70324523398199,9.50327613410153,0 -79.69783406259589,9.491874535736503,0 -79.68465793343239,9.490298162510557,0 -79.67689394941283,9.500123350672169,0 -79.68230545214011,9.511523859660748,0 -79.69548060791605,9.51310026990499,0</coordinates>
          </LinearRing>
        </outerBoundaryIs>
      </Polygon>
    </Placemark>
    <Placemark>
      <name>8766a2540ffffff</name>
      <styleUrl>#h3_poly_style</styleUrl>
      <Polygon>
        <outerBoundaryIs>
          <LinearRing>
            <coordinates>-82.04680359328151,8.289345192228991,0 -82.05470843944828,8.279296627343056,0 -82.04933911957545,8.267742873927972,0 -82.03606444705889,8.266238646604533,0 -82.02816003609941,8.27628830164263,0 -82.03352986207273,8.287841093784236,0 -82.04680359328151,8.289345192228991,0</coordinates>
          </LinearRing>
        </outerBoundaryIs>
      </Polygon>
    </Placemark>
    <Placemark>
      <name>8766b5259ffffff</name>
      <styleUrl>#h3_poly_style</styleUrl>
      <Polygon>
        <outerBoundaryIs>
          <LinearRing>
            <coordinates>-82.31534884049644,8.40717190084794,0 -82.32326153658637,8.397130714803295,0 -82.31790263916372,8.385594271000583,0 -82.30463052012523,8.384099960644335,0 -82.2967182343068,8.394142244848588,0 -82.30207765687958,8.405677741178533,0 -82.31534884049644,8.40717190084794,0</coordinates>
          </LinearRing>
        </outerBoundaryIs>
      </Polygon>
    </Placemark>
    <Placemark>
      <name>8766b56c0ffffff</name>
      <styleUrl>#h3_poly_style</styleUrl>
      <Polygon>
        <outerBoundaryIs>
          <LinearRing>
            <coordinates>-82.88313269373637,8.383202087647485,0 -82.89106773107946,8.373144488756749,0 -82.88572698121374,8.361609998855926,0 -82.87245062751407,8.360134024132734,0 -82.86451594825343,8.370192734159204,0 -82.86985726423508,8.38172630769568,0 -82.88313269373637,8.383202087647485,0</coordinates>
          </LinearRing>
        </outerBoundaryIs>
      </Polygon>
    </Placemark>
    <Placemark>
      <name>8766a5146ffffff</name>
      <styleUrl>#h3_poly_style</styleUrl>
      <Polygon>
        <outerBoundaryIs>
          <LinearRing>
            <coordinates>-79.57490876101116,9.153868178357987,0 -79.58267608516167,9.144001414488276,0 -79.57725591121091,9.132552372308162,0 -79.5640680894667,9.130971189568063,0 -79.5563014194442,9.140838998167693,0 -79.56172191666664,9.15228694473849,0 -79.57490876101116,9.153868178357987,0</coordinates>
          </LinearRing>
        </outerBoundaryIs>
      </Polygon>
    </Placemark>
    <Placemark>
      <name>8766a56c4ffffff</name>
      <styleUrl>#h3_poly_style</styleUrl>
      <Polygon>
        <outerBoundaryIs>
          <LinearRing>
            <coordinates>-79.89731045403936,8.596365157286494,0 -79.90510847099507,8.586416393714421,0 -79.89968597841275,8.574895091275742,0 -79.88646512035801,8.573323630375556,0 -79.87866773140794,8.583273437884207,0 -79.88409057213293,8.594793662314077,0 -79.89731045403936,8.596365157286494,0</coordinates>
          </LinearRing>
        </outerBoundaryIs>
      </Polygon>
    </Placemark>
    <Placemark>
      <name>8766a510dffffff</name>
      <styleUrl>#h3_poly_style</styleUrl>
      <Polygon>
        <outerBoundaryIs>
          <LinearRing>
            <coordinates>-79.63072696848728,9.192941614841,0 -79.63849624489592,9.183077988837946,0 -79.63307800786268,9.171634044597877,0 -79.61989016676812,9.170054819058517,0 -79.61212153942431,9.179919491628821,0 -79.61754010373897,9.19136234313151,0 -79.63072696848728,9.192941614841,0</coordinates>
          </LinearRing>
        </outerBoundaryIs>
      </Polygon>
    </Placemark>
    <Placemark>
      <name>8766a514affffff</name>
      <styleUrl>#h3_poly_style</styleUrl>
      <Polygon>
        <outerBoundaryIs>
          <LinearRing>
            <coordinates>-79.54238289429503,9.085159290785061,0 -79.5501502237227,9.07528476016227,0 -79.5447281231579,9.063826764009193,0 -79.53153837176507,9.062244395705228,0 -79.52377169960917,9.072119969322115,0 -79.5291941212029,9.083576868210331,0 -79.54238289429503,9.085159290785061,0</coordinates>
          </LinearRing>
        </outerBoundaryIs>
      </Polygon>
    </Placemark>
    <Placemark>
      <name>8766b52e1ffffff</name>
      <styleUrl>#h3_poly_style</styleUrl>
      <Polygon>
        <outerBoundaryIs>
          <LinearRing>
            <coordinates>-82.41104343145902,8.450718183798257,0 -82.41895879868837,8.440679851192938,0 -82.41360369883328,8.429149886587037,0 -82.40033269946163,8.42765919709105,0 -82.39241773360644,8.437698630703267,0 -82.39777336537328,8.449227652732475,0 -82.41104343145902,8.450718183798257,0</coordinates>
          </LinearRing>
        </outerBoundaryIs>
      </Polygon>
    </Placemark>
    <Placemark>
      <name>8766b1924ffffff</name>
      <styleUrl>#h3_poly_style</styleUrl>
      <Polygon>
        <outerBoundaryIs>
          <LinearRing>
            <coordinates>-82.5754295652884,8.425430947853085,0 -82.58335194914767,8.415385598902793,0 -82.57800173067446,8.403853744226112,0 -82.56472858411908,8.402368171884765,0 -82.55680658658945,8.412414625345388,0 -82.56215734891022,8.423945546563084,0 -82.5754295652884,8.425430947853085,0</coordinates>
          </LinearRing>
        </outerBoundaryIs>
      </Polygon>
    </Placemark>
    <Placemark>
      <name>8766b53a6ffffff</name>
      <styleUrl>#h3_poly_style</styleUrl>
      <Polygon>
        <outerBoundaryIs>
          <LinearRing>
            <coordinates>-82.56063006488885,8.718412601410282,0 -82.56854445740818,8.708402790031839,0 -82.56319877025342,8.696909476549145,0 -82.54993814843965,8.695426910666695,0 -82.54202414288459,8.705437830079351,0 -82.54737037180472,8.71693020726625,0 -82.56063006488885,8.718412601410282,0</coordinates>
          </LinearRing>
        </outerBoundaryIs>
      </Polygon>
    </Placemark>
    <Placemark>
      <name>8766a2cf4ffffff</name>
      <styleUrl>#h3_poly_style</styleUrl>
      <Polygon>
        <outerBoundaryIs>
          <LinearRing>
            <coordinates>-82.06126135517903,8.509574777485026,0 -82.0691612313583,8.499552329314454,0 -82.06379613505347,8.488027334810239,0 -82.05053065575798,8.48652575033021,0 -82.04263121285133,8.49654929212298,0 -82.04799681559187,8.508073324705514,0 -82.06126135517903,8.509574777485026,0</coordinates>
          </LinearRing>
        </outerBoundaryIs>
      </Polygon>
    </Placemark>
    <Placemark>
      <name>876610594ffffff</name>
      <styleUrl>#h3_poly_style</styleUrl>
      <Polygon>
        <outerBoundaryIs>
          <LinearRing>
            <coordinates>-78.37776560746535,8.932755270481255,0 -78.38547206606874,8.922902865722158,0 -78.38002368629908,8.911428652340451,0 -78.36686861180482,8.909808000946834,0 -78.35916291215301,8.919661419309467,0 -78.36461152767583,8.931134475438126,0 -78.37776560746535,8.932755270481255,0</coordinates>
          </LinearRing>
        </outerBoundaryIs>
      </Polygon>
    </Placemark>
    <Placemark>
      <name>8766a0aaeffffff</name>
      <styleUrl>#h3_poly_style</styleUrl>
      <Polygon>
        <outerBoundaryIs>
          <LinearRing>
            <coordinates>-80.41310575966803,8.657316773571766,0 -80.42092802998097,8.647359303868429,0 -80.41551918732785,8.63584618294305,0 -80.40228768812602,8.634291582562215,0 -80.39446599969526,8.64425010929306,0 -80.39987522820942,8.655762179328537,0 -80.41310575966803,8.657316773571766,0</coordinates>
          </LinearRing>
        </outerBoundaryIs>
      </Polygon>
    </Placemark>
    <Placemark>
      <name>8766b5468ffffff</name>
      <styleUrl>#h3_poly_style</styleUrl>
      <Polygon>
        <outerBoundaryIs>
          <LinearRing>
            <coordinates>-82.91604983370543,8.779751532601086,0 -82.92397602029683,8.769740505465062,0 -82.91864314944429,8.758258930018199,0 -82.90538352458991,8.756789299185387,0 -82.89745769214309,8.766801443333582,0 -82.90279113003261,8.77828210122435,0 -82.91604983370543,8.779751532601086,0</coordinates>
          </LinearRing>
        </outerBoundaryIs>
      </Polygon>
    </Placemark>
    <Placemark>
      <name>8766b5306ffffff</name>
      <styleUrl>#h3_poly_style</styleUrl>
      <Polygon>
        <outerBoundaryIs>
          <LinearRing>
            <coordinates>-82.43873359274183,8.726553305986267,0 -82.44664305822047,8.716547515694971,0 -82.44129357130355,8.705054171156698,0 -82.42803408556576,8.703567559751505,0 -82.42012501821429,8.713574455356223,0 -82.42547503809894,8.725066856980126,0 -82.43873359274183,8.726553305986267,0</coordinates>
          </LinearRing>
        </outerBoundaryIs>
      </Polygon>
    </Placemark>
    <Placemark>
      <name>8766b5b18ffffff</name>
      <styleUrl>#h3_poly_style</styleUrl>
      <Polygon>
        <outerBoundaryIs>
          <LinearRing>
            <coordinates>-82.26258289849564,9.022063232395235,0 -82.27047792610406,9.01209806770047,0 -82.26512790892764,9.0006426343454,0 -82.2518823444816,8.999153319667387,0 -82.24398773035199,9.00911958927897,0 -82.24933826681597,9.020574068580983,0 -82.26258289849564,9.022063232395235,0</coordinates>
          </LinearRing>
        </outerBoundaryIs>
      </Polygon>
    </Placemark>
    <Placemark>
      <name>8766b5908ffffff</name>
      <styleUrl>#h3_poly_style</styleUrl>
      <Polygon>
        <outerBoundaryIs>
          <LinearRing>
            <coordinates>-82.44404008987172,9.356498421983265,0 -82.45193377046827,9.346569887261946,0 -82.4465952691487,9.335161467967348,0 -82.43336255566435,9.33368252941478,0 -82.42546927110114,9.343612176991176,0 -82.43080830361673,9.35501965019199,0 -82.44404008987172,9.356498421983265,0</coordinates>
          </LinearRing>
        </outerBoundaryIs>
      </Polygon>
    </Placemark>
    <Placemark>
      <name>8766a394effffff</name>
      <styleUrl>#h3_poly_style</styleUrl>
      <Polygon>
        <outerBoundaryIs>
          <LinearRing>
            <coordinates>-80.5067613201772,8.002325616731943,0 -80.5146045472575,7.992284538717183,0 -80.50918675184936,7.98068827225718,0 -80.49592533461185,7.979134126990261,0 -80.48808268344919,7.9891762538342945,0 -80.4935008732292,8.000771477066708,0 -80.5067613201772,8.002325616731943,0</coordinates>
          </LinearRing>
        </outerBoundaryIs>
      </Polygon>
    </Placemark>
    <Placemark>
      <name>8766a0b63ffffff</name>
      <styleUrl>#h3_poly_style</styleUrl>
      <Polygon>
        <outerBoundaryIs>
          <LinearRing>
            <coordinates>-80.13720837201723,8.787775755597746,0 -80.14501374104923,8.777843406422388,0 -80.1396003184459,8.76634680712712,0 -80.12638116111866,8.764783622771239,0 -80.11857639805164,8.774717024438232,0 -80.12399018597307,8.786212557923994,0 -80.13720837201723,8.787775755597746,0</coordinates>
          </LinearRing>
        </outerBoundaryIs>
      </Polygon>
    </Placemark>
    <Placemark>
      <name>8766a5020ffffff</name>
      <styleUrl>#h3_poly_style</styleUrl>
      <Polygon>
        <outerBoundaryIs>
          <LinearRing>
            <coordinates>-79.67735243190741,9.133736694154186,0 -79.68512562887878,9.123863807688979,0 -79.67970741343817,9.112412094311978,0 -79.66651566983013,9.110834357661007,0 -79.65874311807437,9.120708290934097,0 -79.66416166433943,9.13215891401005,0 -79.67735243190741,9.133736694154186,0</coordinates>
          </LinearRing>
        </outerBoundaryIs>
      </Polygon>
    </Placemark>
    <Placemark>
      <name>8766a28c2ffffff</name>
      <styleUrl>#h3_poly_style</styleUrl>
      <Polygon>
        <outerBoundaryIs>
          <LinearRing>
            <coordinates>-81.62357673772996,8.459788930191394,0 -81.63145951556517,8.449771989873739,0 -81.62608037076382,8.438237690657191,0 -81.61281797292415,8.436721316967972,0 -81.60493566844158,8.446739339919727,0 -81.61031528806994,8.458272653863673,0 -81.62357673772996,8.459788930191394,0</coordinates>
          </LinearRing>
        </outerBoundaryIs>
      </Polygon>
    </Placemark>
    <Placemark>
      <name>8766b5774ffffff</name>
      <styleUrl>#h3_poly_style</styleUrl>
      <Polygon>
        <outerBoundaryIs>
          <LinearRing>
            <coordinates>-82.7486727356342,8.663102360496776,0 -82.75659567223956,8.653081301487715,0 -82.75125521310663,8.641582447519493,0 -82.73799126152917,8.640105578254863,0 -82.73006869474168,8.650127748950606,0 -82.7354097093396,8.661625677148198,0 -82.7486727356342,8.663102360496776,0</coordinates>
          </LinearRing>
        </outerBoundaryIs>
      </Polygon>
    </Placemark>
    <Placemark>
      <name>8766b1d41ffffff</name>
      <styleUrl>#h3_poly_style</styleUrl>
      <Polygon>
        <outerBoundaryIs>
          <LinearRing>
            <coordinates>-82.88267512242734,8.218913424208113,0 -82.89061430515068,8.208836466105161,0 -82.88527073848111,8.197280483289934,0 -82.87198742203574,8.195802373542683,0 -82.86404859781314,8.205880440500408,0 -82.86939273115964,8.217435508273264,0 -82.88267512242734,8.218913424208113,0</coordinates>
          </LinearRing>
        </outerBoundaryIs>
      </Polygon>
    </Placemark>
    <Placemark>
      <name>8766a5a12ffffff</name>
      <styleUrl>#h3_poly_style</styleUrl>
      <Polygon>
        <outerBoundaryIs>
          <LinearRing>
            <coordinates>-79.36086599147689,9.095746004869007,0 -79.36862339393316,9.085879151568001,0 -79.36319749283179,9.074422727304308,0 -79.35001388121385,9.072834262958146,0 -79.34225715187678,9.0827021552082,0 -79.34768336066752,9.094157472819022,0 -79.36086599147689,9.095746004869007,0</coordinates>
          </LinearRing>
        </outerBoundaryIs>
      </Polygon>
    </Placemark>
    <Placemark>
      <name>8766b5aceffffff</name>
      <styleUrl>#h3_poly_style</styleUrl>
      <Polygon>
        <outerBoundaryIs>
          <LinearRing>
            <coordinates>-82.25592572084503,8.738688334469071,0 -82.26382766435913,8.728688658588732,0 -82.25847257099997,8.717195350777928,0 -82.24521501399997,8.715702671600065,0 -82.23731348532695,8.725703448710414,0 -82.2426690984382,8.737195803698118,0 -82.25592572084503,8.738688334469071,0</coordinates>
          </LinearRing>
        </outerBoundaryIs>
      </Polygon>
    </Placemark>
    <Placemark>
      <name>8766a5b6bffffff</name>
      <styleUrl>#h3_poly_style</styleUrl>
      <Polygon>
        <outerBoundaryIs>
          <LinearRing>
            <coordinates>-79.07486728636356,9.147524168169229,0 -79.08260786014213,9.137674200234564,0 -79.07717681635407,9.126225037307517,0 -79.06400491181722,9.124626963653679,0 -79.05626503584743,9.13447796468991,0 -79.06169636623585,9.145926006245528,0 -79.07486728636356,9.147524168169229,0</coordinates>
          </LinearRing>
        </outerBoundaryIs>
      </Polygon>
    </Placemark>
    <Placemark>
      <name>8766b50f2ffffff</name>
      <styleUrl>#h3_poly_style</styleUrl>
      <Polygon>
        <outerBoundaryIs>
          <LinearRing>
            <coordinates>-82.75436245223958,8.783576371211375,0 -82.76228254501676,8.773569689111625,0 -82.75694433513249,8.762086944007688,0 -82.74368547665279,8.760611807219659,0 -82.73576575288489,8.770619602650093,0 -82.74110451821365,8.78210142146162,0 -82.75436245223958,8.783576371211375,0</coordinates>
          </LinearRing>
        </outerBoundaryIs>
      </Polygon>
    </Placemark>
    <Placemark>
      <name>8766b5315ffffff</name>
      <styleUrl>#h3_poly_style</styleUrl>
      <Polygon>
        <outerBoundaryIs>
          <LinearRing>
            <coordinates>-82.45990212115017,8.718033343548944,0 -82.46781262751686,8.708025990766412,0 -82.46246367512062,8.69653170450779,0 -82.44920368146252,8.695045712679217,0 -82.44129357130355,8.705054171156698,0 -82.44664305822047,8.716547515694971,0 -82.45990212115017,8.718033343548944,0</coordinates>
          </LinearRing>
        </outerBoundaryIs>
      </Polygon>
    </Placemark>
    <Placemark>
      <name>8766a5573ffffff</name>
      <styleUrl>#h3_poly_style</styleUrl>
      <Polygon>
        <outerBoundaryIs>
          <LinearRing>
            <coordinates>-80.01739170636543,9.14182663613356,0 -80.0251821669188,9.131943337690904,0 -80.01977201865407,9.120492828420252,0 -80.00657105374582,9.118926690213803,0 -79.99878120838805,9.12881104342145,0 -80.00419171237063,9.14026048002619,0 -80.01739170636543,9.14182663613356,0</coordinates>
          </LinearRing>
        </outerBoundaryIs>
      </Polygon>
    </Placemark>
    <Placemark>
      <name>8766a5600ffffff</name>
      <styleUrl>#h3_poly_style</styleUrl>
      <Polygon>
        <outerBoundaryIs>
          <LinearRing>
            <coordinates>-79.88306446768706,8.725069311721652,0 -79.8908585349264,8.715137266012293,0 -79.88543794670441,8.703632477511311,0 -79.87222294406045,8.70206081372115,0 -79.86442950556872,8.711993905019757,0 -79.86985044059979,8.72349761447693,0 -79.88306446768706,8.725069311721652,0</coordinates>
          </LinearRing>
        </outerBoundaryIs>
      </Polygon>
    </Placemark>
    <Placemark>
      <name>8766b5093ffffff</name>
      <styleUrl>#h3_poly_style</styleUrl>
      <Polygon>
        <outerBoundaryIs>
          <LinearRing>
            <coordinates>-82.89227454639641,8.809776244825004,0 -82.90019909650825,8.79976940317884,0 -82.89486593878794,8.788291595159505,0 -82.88160766535528,8.78682154775446,0 -82.87368347150782,8.796829506231155,0 -82.87901719445526,8.808306395204534,0 -82.89227454639641,8.809776244825004,0</coordinates>
          </LinearRing>
        </outerBoundaryIs>
      </Polygon>
    </Placemark>
    <Placemark>
      <name>8766b562dffffff</name>
      <styleUrl>#h3_poly_style</styleUrl>
      <Polygon>
        <outerBoundaryIs>
          <LinearRing>
            <coordinates>-82.78278298657713,8.546890791838013,0 -82.79071014785168,8.536854996591705,0 -82.78536883540208,8.525341079007266,0 -82.77209980297661,8.523863879677982,0 -82.76417300865464,8.533900785900727,0 -82.76951487943101,8.545413780399922,0 -82.78278298657713,8.546890791838013,0</coordinates>
          </LinearRing>
        </outerBoundaryIs>
      </Polygon>
    </Placemark>
    <Placemark>
      <name>8766a0a18ffffff</name>
      <styleUrl>#h3_poly_style</styleUrl>
      <Polygon>
        <outerBoundaryIs>
          <LinearRing>
            <coordinates>-80.33372629542997,8.647982636923215,0 -80.34154491459951,8.638026468845062,0 -80.3361339133118,8.626512024933463,0 -80.32290391241573,8.62495480412052,0 -80.31508588225039,8.634912027218624,0 -80.32049726360229,8.646425416062002,0 -80.33372629542997,8.647982636923215,0</coordinates>
          </LinearRing>
        </outerBoundaryIs>
      </Polygon>
    </Placemark>
    <Placemark>
      <name>8766a5a00ffffff</name>
      <styleUrl>#h3_poly_style</styleUrl>
      <Polygon>
        <outerBoundaryIs>
          <LinearRing>
            <coordinates>-79.2794503005708,9.107525381786592,0 -79.2872030248583,9.097662918975342,0 -79.28177557902418,9.086208150381884,0 -79.26859510684058,9.084616955418559,0 -79.26084306273019,9.094480455468632,0 -79.26627081025566,9.10593411320785,0 -79.2794503005708,9.107525381786592,0</coordinates>
          </LinearRing>
        </outerBoundaryIs>
      </Polygon>
    </Placemark>
    <Placemark>
      <name>8766b5a72ffffff</name>
      <styleUrl>#h3_poly_style</styleUrl>
      <Polygon>
        <outerBoundaryIs>
          <LinearRing>
            <coordinates>-82.17975284294602,8.871542475615781,0 -82.18764836830091,8.861560994940566,0 -82.18229316688895,8.850084716967737,0 -82.16904192593111,8.848590877268292,0 -82.16114682202587,8.85857345910414,0 -82.16650253725454,8.87004877940909,0 -82.17975284294602,8.871542475615781,0</coordinates>
          </LinearRing>
        </outerBoundaryIs>
      </Polygon>
    </Placemark>
    <Placemark>
      <name>8766a500dffffff</name>
      <styleUrl>#h3_poly_style</styleUrl>
      <Polygon>
        <outerBoundaryIs>
          <LinearRing>
            <coordinates>-79.64719133902071,9.043670403533085,0 -79.65496521606758,9.033786928269981,0 -79.64954474397035,9.022323462155622,0 -79.63635006565035,9.020744563071233,0 -79.62857683684612,9.030629083155109,0 -79.6339976377474,9.042091457462833,0 -79.64719133902071,9.043670403533085,0</coordinates>
          </LinearRing>
        </outerBoundaryIs>
      </Polygon>
    </Placemark>
    <Placemark>
      <name>8766a2b42ffffff</name>
      <styleUrl>#h3_poly_style</styleUrl>
      <Polygon>
        <outerBoundaryIs>
          <LinearRing>
            <coordinates>-81.21456364851296,8.336351385251163,0 -81.22243154368176,8.326330659447006,0 -81.21703852376737,8.314778461601264,0 -81.20377716293517,8.313247996180685,0 -81.19590977865282,8.323269793121773,0 -81.20130324393968,8.33482098428851,0 -81.21456364851296,8.336351385251163,0</coordinates>
          </LinearRing>
        </outerBoundaryIs>
      </Polygon>
    </Placemark>
    <Placemark>
      <name>8766b5028ffffff</name>
      <styleUrl>#h3_poly_style</styleUrl>
      <Polygon>
        <outerBoundaryIs>
          <LinearRing>
            <coordinates>-82.61960727249772,8.899115421664238,0 -82.62751933809692,8.889126063876997,0 -82.62217866951869,8.877657443144603,0 -82.60892538959591,8.87617911440186,0 -82.60101370510317,8.886169583827673,0 -82.60635491905319,8.897637270282878,0 -82.61960727249772,8.899115421664238,0</coordinates>
          </LinearRing>
        </outerBoundaryIs>
      </Polygon>
    </Placemark>
    <Placemark>
      <name>87679b662ffffff</name>
      <styleUrl>#h3_poly_style</styleUrl>
      <Polygon>
        <outerBoundaryIs>
          <LinearRing>
            <coordinates>-82.6034252775366,9.536243117231614,0 -82.61132052383292,9.526332808664245,0 -82.60599026458297,9.514950723928884,0 -82.59276421668078,9.513479886222672,0 -82.58486935140901,9.523391313101481,0 -82.59020015264358,9.53477245930007,0 -82.6034252775366,9.536243117231614,0</coordinates>
          </LinearRing>
        </outerBoundaryIs>
      </Polygon>
    </Placemark>
    <Placemark>
      <name>8766a56daffffff</name>
      <styleUrl>#h3_poly_style</styleUrl>
      <Polygon>
        <outerBoundaryIs>
          <LinearRing>
            <coordinates>-79.94648774713734,8.515163289882503,0 -79.95429030742737,8.505202735365767,0 -79.94886756475564,8.49367105211008,0 -79.93564190947946,8.492100998529823,0 -79.92783997316197,8.502062596868047,0 -79.93326306777371,8.513593204922138,0 -79.94648774713734,8.515163289882503,0</coordinates>
          </LinearRing>
        </outerBoundaryIs>
      </Polygon>
    </Placemark>
    <Placemark>
      <name>8766b5643ffffff</name>
      <styleUrl>#h3_poly_style</styleUrl>
      <Polygon>
        <outerBoundaryIs>
          <LinearRing>
            <coordinates>-82.73728018208234,8.421645105738206,0 -82.74520881197559,8.411595458667229,0 -82.73986384901559,8.400064598718613,0 -82.72658970028262,8.398584310383727,0 -82.71866144182887,8.408635065700684,0 -82.72400696029352,8.420165001030744,0 -82.73728018208234,8.421645105738206,0</coordinates>
          </LinearRing>
        </outerBoundaryIs>
      </Polygon>
    </Placemark>
    <Placemark>
      <name>8766a3d2dffffff</name>
      <styleUrl>#h3_poly_style</styleUrl>
      <Polygon>
        <outerBoundaryIs>
          <LinearRing>
            <coordinates>-80.99803347504535,8.114376804521834,0 -81.00589709208886,8.104335200939914,0 -81.00049425086209,8.09275396074415,0 -80.98722736206479,8.091215341275747,0 -80.97936427625002,8.101258007358641,0 -80.98476754762655,8.1128382303537,0 -80.99803347504535,8.114376804521834,0</coordinates>
          </LinearRing>
        </outerBoundaryIs>
      </Polygon>
    </Placemark>
    <Placemark>
      <name>8766b56c8ffffff</name>
      <styleUrl>#h3_poly_style</styleUrl>
      <Polygon>
        <outerBoundaryIs>
          <LinearRing>
            <coordinates>-82.84848974473142,8.335582615999488,0 -82.85642470749444,8.32552018232321,0 -82.85108198218421,8.313979106317952,0 -82.83780372993468,8.312501381786875,0 -82.82986912855988,8.322564925138279,0 -82.83521241767124,8.33410508326861,0 -82.84848974473142,8.335582615999488,0</coordinates>
          </LinearRing>
        </outerBoundaryIs>
      </Polygon>
    </Placemark>
    <Placemark>
      <name>8766a50eeffffff</name>
      <styleUrl>#h3_poly_style</styleUrl>
      <Polygon>
        <outerBoundaryIs>
          <LinearRing>
            <coordinates>-79.67758208056202,8.949932291534166,0 -79.68535989221299,8.940035737865356,0 -79.67993847378366,8.928560069500648,0 -79.66673891209813,8.926982044906543,0 -79.65896174640713,8.936879642732167,0 -79.66438349606943,8.948354220955036,0 -79.67758208056202,8.949932291534166,0</coordinates>
          </LinearRing>
        </outerBoundaryIs>
      </Polygon>
    </Placemark>
    <Placemark>
      <name>8766a2066ffffff</name>
      <styleUrl>#h3_poly_style</styleUrl>
      <Polygon>
        <outerBoundaryIs>
          <LinearRing>
            <coordinates>-81.62997547015766,8.230952692925005,0 -81.63786428895133,8.220907913716532,0 -81.6324813981051,8.209344105315083,0 -81.6192092121006,8.207826059630154,0 -81.61132086676935,8.217871918244331,0 -81.61670423360324,8.229434743074874,0 -81.62997547015766,8.230952692925005,0</coordinates>
          </LinearRing>
        </outerBoundaryIs>
      </Polygon>
    </Placemark>
    <Placemark>
      <name>8766a039affffff</name>
      <styleUrl>#h3_poly_style</styleUrl>
      <Polygon>
        <outerBoundaryIs>
          <LinearRing>
            <coordinates>-80.66670355534482,8.371044599522925,0 -80.67454522283256,8.36104389732396,0 -80.6691379481324,8.349494484352808,0 -80.6558886003908,8.34794680984951,0 -80.64804749311034,8.357948570704348,0 -80.65345517298815,8.369496947355115,0 -80.66670355534482,8.371044599522925,0</coordinates>
          </LinearRing>
        </outerBoundaryIs>
      </Polygon>
    </Placemark>
    <Placemark>
      <name>8766104c9ffffff</name>
      <styleUrl>#h3_poly_style</styleUrl>
      <Polygon>
        <outerBoundaryIs>
          <LinearRing>
            <coordinates>-78.15159456837587,8.612733981073912,0 -78.15929567039305,8.602848405884265,0 -78.15383762479738,8.59133509864282,0 -78.14067825723397,8.589708535625054,0 -78.13297793509355,8.599595113713322,0 -78.13843620027156,8.611107251899883,0 -78.15159456837587,8.612733981073912,0</coordinates>
          </LinearRing>
        </outerBoundaryIs>
      </Polygon>
    </Placemark>
    <Placemark>
      <name>8766a5135ffffff</name>
      <styleUrl>#h3_poly_style</styleUrl>
      <Polygon>
        <outerBoundaryIs>
          <LinearRing>
            <coordinates>-79.70043077395643,9.287582573336717,0 -79.70820131695874,9.277728829296995,0 -79.70278631444413,9.266297330717068,0 -79.68960043636959,9.264720665297935,0 -79.68183053591537,9.274575458814468,0 -79.68724587061651,9.28600586823266,0 -79.70043077395643,9.287582573336717,0</coordinates>
          </LinearRing>
        </outerBoundaryIs>
      </Polygon>
    </Placemark>
    <Placemark>
      <name>8766a2cf6ffffff</name>
      <styleUrl>#h3_poly_style</styleUrl>
      <Polygon>
        <outerBoundaryIs>
          <LinearRing>
            <coordinates>-82.08242634428194,8.5010531686527,0 -82.0903272998809,8.491029146695086,0 -82.08496271157168,8.479503191467288,0 -82.0716966592922,8.47800221885238,0 -82.06379613505347,8.488027334810239,0 -82.0691612313583,8.499552329314454,0 -82.08242634428194,8.5010531686527,0</coordinates>
          </LinearRing>
        </outerBoundaryIs>
      </Polygon>
    </Placemark>
    <Placemark>
      <name>8766b52d4ffffff</name>
      <styleUrl>#h3_poly_style</styleUrl>
      <Polygon>
        <outerBoundaryIs>
          <LinearRing>
            <coordinates>-82.5144208715062,8.429530000948372,0 -82.52234080029332,8.419486612581885,0 -82.51698866915396,8.407954756569767,0 -82.50371606941374,8.40646722565859,0 -82.49579653255635,8.41651171716278,0 -82.50114920313405,8.428042636367186,0 -82.5144208715062,8.429530000948372,0</coordinates>
          </LinearRing>
        </outerBoundaryIs>
      </Polygon>
    </Placemark>
    <Placemark>
      <name>8766a5123ffffff</name>
      <styleUrl>#h3_poly_style</styleUrl>
      <Polygon>
        <outerBoundaryIs>
          <LinearRing>
            <coordinates>-79.66322964210293,9.261565960622454,0 -79.670998898321,9.25171011823328,0 -79.66558259556368,9.240275188910053,0 -79.65239670669966,9.238697193011475,0 -79.64462809640561,9.248554083667988,0 -79.65004472868046,9.25998792191554,0 -79.66322964210293,9.261565960622454,0</coordinates>
          </LinearRing>
        </outerBoundaryIs>
      </Polygon>
    </Placemark>
    <Placemark>
      <name>8766b570dffffff</name>
      <styleUrl>#h3_poly_style</styleUrl>
      <Polygon>
        <outerBoundaryIs>
          <LinearRing>
            <coordinates>-82.79104703524483,8.646010245229634,0 -82.79897199113645,8.63598611970766,0 -82.79363264758439,8.624485417816508,0 -82.78036778920102,8.623009764728799,0 -82.77244319926857,8.633035002701577,0 -82.77778310138615,8.644534781234691,0 -82.79104703524483,8.646010245229634,0</coordinates>
          </LinearRing>
        </outerBoundaryIs>
      </Polygon>
    </Placemark>
    <Placemark>
      <name>8766a1d72ffffff</name>
      <styleUrl>#h3_poly_style</styleUrl>
      <Polygon>
        <outerBoundaryIs>
          <LinearRing>
            <coordinates>-79.97227916184119,8.463776585154276,0 -79.98008432046318,8.45380876939878,0 -79.97466129761807,8.442270537338308,0 -79.96143276182364,8.44070119468111,0 -79.95362822509068,8.450670054051978,0 -79.95905160188848,8.462207212421482,0 -79.97227916184119,8.463776585154276,0</coordinates>
          </LinearRing>
        </outerBoundaryIs>
      </Polygon>
    </Placemark>
    <Placemark>
      <name>8766a5643ffffff</name>
      <styleUrl>#h3_poly_style</styleUrl>
      <Polygon>
        <outerBoundaryIs>
          <LinearRing>
            <coordinates>-79.75496964753494,8.612037274324086,0 -79.76275993675318,8.602095133704086,0 -79.75733440197463,8.590575910306669,0 -79.74411823996043,8.58899991303805,0 -79.73632859127548,8.598943094478072,0 -79.74175446369776,8.610461232326017,0 -79.75496964753494,8.612037274324086,0</coordinates>
          </LinearRing>
        </outerBoundaryIs>
      </Polygon>
    </Placemark>
    <Placemark>
      <name>8766a5c73ffffff</name>
      <styleUrl>#h3_poly_style</styleUrl>
      <Polygon>
        <outerBoundaryIs>
          <LinearRing>
            <coordinates>-79.85394067332118,9.349021437723088,0 -79.86171760676257,9.339170417804764,0 -79.85630721635052,9.327747113849293,0 -79.84311954883712,9.326175911030218,0 -79.83534324418716,9.336027984764792,0 -79.84075397788791,9.347450207459596,0 -79.85394067332118,9.349021437723088,0</coordinates>
          </LinearRing>
        </outerBoundaryIs>
      </Polygon>
    </Placemark>
    <Placemark>
      <name>8766a3d01ffffff</name>
      <styleUrl>#h3_poly_style</styleUrl>
      <Polygon>
        <outerBoundaryIs>
          <LinearRing>
            <coordinates>-81.06143017944912,8.088859219678438,0 -81.06929734599427,8.078812757130345,0 -81.06389580464727,8.067228472495632,0 -81.05062666151265,8.065691663970988,0 -81.04276002054445,8.075739190129617,0 -81.04816199675653,8.087322461146368,0 -81.06143017944912,8.088859219678438,0</coordinates>
          </LinearRing>
        </outerBoundaryIs>
      </Polygon>
    </Placemark>
    <Placemark>
      <name>8766a5681ffffff</name>
      <styleUrl>#h3_poly_style</styleUrl>
      <Polygon>
        <outerBoundaryIs>
          <LinearRing>
            <coordinates>-80.01153513345052,8.653413369130982,0 -80.01933754046574,8.64346810151659,0 -80.0139187498875,8.631954105971529,0 -80.00069719551394,8.630386450115052,0 -79.99289540614986,8.640332765244894,0 -79.99831455313416,8.65184568867194,0 -80.01153513345052,8.653413369130982,0</coordinates>
          </LinearRing>
        </outerBoundaryIs>
      </Polygon>
    </Placemark>
    <Placemark>
      <name>8766a288bffffff</name>
      <styleUrl>#h3_poly_style</styleUrl>
      <Polygon>
        <outerBoundaryIs>
          <LinearRing>
            <coordinates>-81.70063886694929,8.490422390316366,0 -81.70852417110869,8.48040710051934,0 -81.70314782947868,8.468877228571385,0 -81.68988570297682,8.467363627643477,0 -81.68200086506117,8.477380002327083,0 -81.68737768702763,8.488908892988164,0 -81.70063886694929,8.490422390316366,0</coordinates>
          </LinearRing>
        </outerBoundaryIs>
      </Polygon>
    </Placemark>
    <Placemark>
      <name>8766b5709ffffff</name>
      <styleUrl>#h3_poly_style</styleUrl>
      <Polygon>
        <outerBoundaryIs>
          <LinearRing>
            <coordinates>-82.79363264758439,8.624485417816508,0 -82.80155824601906,8.614458649601739,0 -82.79621862067296,8.602955116140762,0 -82.78295283769005,8.601479273881548,0 -82.775027605027,8.611507154331417,0 -82.78036778920102,8.623009764728799,0 -82.79363264758439,8.624485417816508,0</coordinates>
          </LinearRing>
        </outerBoundaryIs>
      </Polygon>
    </Placemark>
    <Placemark>
      <name>8766b52ecffffff</name>
      <styleUrl>#h3_poly_style</styleUrl>
      <Polygon>
        <outerBoundaryIs>
          <LinearRing>
            <coordinates>-82.39241773360644,8.437698630703267,0 -82.40033269946163,8.42765919709105,0 -82.3949767803382,8.416127372074543,0 -82.38170536437201,8.414635924095824,0 -82.37379080163473,8.424676458099315,0 -82.37914725137017,8.436207339618383,0 -82.39241773360644,8.437698630703267,0</coordinates>
          </LinearRing>
        </outerBoundaryIs>
      </Polygon>
    </Placemark>
    <Placemark>
      <name>8766a3d85ffffff</name>
      <styleUrl>#h3_poly_style</styleUrl>
      <Polygon>
        <outerBoundaryIs>
          <LinearRing>
            <coordinates>-81.20694639860925,8.050884285292586,0 -81.21482112374096,8.04082923056759,0 -81.20942297349256,8.029240613446705,0 -81.19614965210785,8.027708056476996,0 -81.18827543948638,8.037764177692784,0 -81.19367403536181,8.049351789329796,0 -81.20694639860925,8.050884285292586,0</coordinates>
          </LinearRing>
        </outerBoundaryIs>
      </Polygon>
    </Placemark>
    <Placemark>
      <name>8766a2a4effffff</name>
      <styleUrl>#h3_poly_style</styleUrl>
      <Polygon>
        <outerBoundaryIs>
          <LinearRing>
            <coordinates>-81.19456880086425,8.159021527681295,0 -81.2024402523671,8.148979847539197,0 -81.19704361707608,8.137404908970487,0 -81.18377508549057,8.135872657275925,0 -81.17590414726689,8.145915405334991,0 -81.18130122697241,8.157489337114002,0 -81.19456880086425,8.159021527681295,0</coordinates>
          </LinearRing>
        </outerBoundaryIs>
      </Polygon>
    </Placemark>
    <Placemark>
      <name>8766a3a9dffffff</name>
      <styleUrl>#h3_poly_style</styleUrl>
      <Polygon>
        <outerBoundaryIs>
          <LinearRing>
            <coordinates>-80.57890709821551,7.538269098696651,0 -80.58676540388213,7.528170192826423,0 -80.58134146355118,7.51651657602284,0 -80.56805881631456,7.5149629016908674,0 -80.56020108176513,7.525062849977736,0 -80.56562542295617,7.536715430130175,0 -80.57890709821551,7.538269098696651,0</coordinates>
          </LinearRing>
        </outerBoundaryIs>
      </Polygon>
    </Placemark>
    <Placemark>
      <name>8766a5a10ffffff</name>
      <styleUrl>#h3_poly_style</styleUrl>
      <Polygon>
        <outerBoundaryIs>
          <LinearRing>
            <coordinates>-79.33992728961523,9.104022518598937,0 -79.34768336066752,9.094157472819022,0 -79.34225715187678,9.0827021552082,0 -79.32907456552648,9.081112991075837,0 -79.32131916938694,9.090979075441528,0 -79.32674568431413,9.102433285317707,0 -79.33992728961523,9.104022518598937,0</coordinates>
          </LinearRing>
        </outerBoundaryIs>
      </Polygon>
    </Placemark>
    <Placemark>
      <name>8766a06f4ffffff</name>
      <styleUrl>#h3_poly_style</styleUrl>
      <Polygon>
        <outerBoundaryIs>
          <LinearRing>
            <coordinates>-80.96461457477999,8.23089782697441,0 -80.97247372667262,8.220871311479526,0 -80.96707198356624,8.209304770379612,0 -80.95381066080776,8.207765764348162,0 -80.94595204276871,8.217793343399732,0 -80.95135421325774,8.229358864871115,0 -80.96461457477999,8.23089782697441,0</coordinates>
          </LinearRing>
        </outerBoundaryIs>
      </Polygon>
    </Placemark>
    <Placemark>
      <name>8766a0adcffffff</name>
      <styleUrl>#h3_poly_style</styleUrl>
      <Polygon>
        <outerBoundaryIs>
          <LinearRing>
            <coordinates>-80.34817716878759,8.519076131713646,0 -80.35599972891649,8.50910340957663,0 -80.35058685355378,8.497572414644482,0 -80.33735103624825,8.496015195696563,0 -80.3295290643201,8.505988971230364,0 -80.33494232112162,8.517518912267526,0 -80.34817716878759,8.519076131713646,0</coordinates>
          </LinearRing>
        </outerBoundaryIs>
      </Polygon>
    </Placemark>
    <Placemark>
      <name>8766a031dffffff</name>
      <styleUrl>#h3_poly_style</styleUrl>
      <Polygon>
        <outerBoundaryIs>
          <LinearRing>
            <coordinates>-80.47697765460144,8.447023976616068,0 -80.4848083036469,8.437038354330298,0 -80.4793974387932,8.425498310133714,0 -80.46615553345019,8.423944934949503,0 -80.45832546135519,8.433931612567978,0 -80.46373671727717,8.445470609988687,0 -80.47697765460144,8.447023976616068,0</coordinates>
          </LinearRing>
        </outerBoundaryIs>
      </Polygon>
    </Placemark>
    <Placemark>
      <name>8766a5c64ffffff</name>
      <styleUrl>#h3_poly_style</styleUrl>
      <Polygon>
        <outerBoundaryIs>
          <LinearRing>
            <coordinates>-79.78869901191459,9.395107942190883,0 -79.79647143107282,9.38526515370582,0 -79.7910603325026,9.373847915334128,0 -79.77787647598883,9.372274550030076,0 -79.77010469117602,9.382118391452432,0 -79.7755161281606,9.393534545199715,0 -79.78869901191459,9.395107942190883,0</coordinates>
          </LinearRing>
        </outerBoundaryIs>
      </Polygon>
    </Placemark>
    <Placemark>
      <name>8766a1481ffffff</name>
      <styleUrl>#h3_poly_style</styleUrl>
      <Polygon>
        <outerBoundaryIs>
          <LinearRing>
            <coordinates>-80.37357740222035,7.931883385934549,0 -80.38141590215677,7.921837678514032,0 -80.37599349985837,7.910232540591992,0 -80.36273221250306,7.908674160127954,0 -80.35489430070213,7.918720911951071,0 -80.36031708774372,7.93032499978804,0 -80.37357740222035,7.931883385934549,0</coordinates>
          </LinearRing>
        </outerBoundaryIs>
      </Polygon>
    </Placemark>
    <Placemark>
      <name>8766a5aa2ffffff</name>
      <styleUrl>#h3_poly_style</styleUrl>
      <Polygon>
        <outerBoundaryIs>
          <LinearRing>
            <coordinates>-79.42136011678319,9.09222780884221,0 -79.42912084442275,9.08235838659641,0 -79.42369619748942,9.070901427400816,0 -79.41051051040999,9.069314993941266,0 -79.40275045061468,9.079185456484053,0 -79.40817540968347,9.09064131215233,0 -79.42136011678319,9.09222780884221,0</coordinates>
          </LinearRing>
        </outerBoundaryIs>
      </Polygon>
    </Placemark>
    <Placemark>
      <name>8766b591effffff</name>
      <styleUrl>#h3_poly_style</styleUrl>
      <Polygon>
        <outerBoundaryIs>
          <LinearRing>
            <coordinates>-82.52343135244203,9.365360553294638,0 -82.53132788259799,9.355431029871399,0 -82.52599208944368,9.344024620966842,0 -82.51275922890632,9.342548677361616,0 -82.50486308750848,9.352479315530214,0 -82.51019941751782,9.363884782484709,0 -82.52343135244203,9.365360553294638,0</coordinates>
          </LinearRing>
        </outerBoundaryIs>
      </Polygon>
    </Placemark>
    <Placemark>
      <name>8766a0b48ffffff</name>
      <styleUrl>#h3_poly_style</styleUrl>
      <Polygon>
        <outerBoundaryIs>
          <LinearRing>
            <coordinates>-80.12574940721089,8.710405245540082,0 -80.13355614143963,8.700463495574724,0 -80.12814109528095,8.688956887986237,0 -80.1149189498608,8.687393096549082,0 -80.10711282291678,8.697335897582972,0 -80.11252823373417,8.708841438940237,0 -80.12574940721089,8.710405245540082,0</coordinates>
          </LinearRing>
        </outerBoundaryIs>
      </Polygon>
    </Placemark>
    <Placemark>
      <name>8766a506bffffff</name>
      <styleUrl>#h3_poly_style</styleUrl>
      <Polygon>
        <outerBoundaryIs>
          <LinearRing>
            <coordinates>-79.51453242574057,8.97369274150579,0 -79.52230107129387,8.96380479385314,0 -79.51687640465725,8.952332331244625,0 -79.50368277288081,8.950748914893051,0 -79.49591478751553,8.960637903260917,0 -79.50133977336695,8.97210926722705,0 -79.51453242574057,8.97369274150579,0</coordinates>
          </LinearRing>
        </outerBoundaryIs>
      </Polygon>
    </Placemark>
    <Placemark>
      <name>8766a5569ffffff</name>
      <styleUrl>#h3_poly_style</styleUrl>
      <Polygon>
        <outerBoundaryIs>
          <LinearRing>
            <coordinates>-79.90097378928945,9.106381205624848,0 -79.90875922031908,9.096497230286486,0 -79.90334569575991,9.085041974525303,0 -79.89014639252679,9.08347177273964,0 -79.88236158712292,9.093356799663864,0 -79.88777545895421,9.104810976744973,0 -79.90097378928945,9.106381205624848,0</coordinates>
          </LinearRing>
        </outerBoundaryIs>
      </Polygon>
    </Placemark>
    <Placemark>
      <name>8766a20a0ffffff</name>
      <styleUrl>#h3_poly_style</styleUrl>
      <Polygon>
        <outerBoundaryIs>
          <LinearRing>
            <coordinates>-81.89004813402894,8.249663101718117,0 -81.89794749887041,8.239613784901831,0 -81.89257270342198,8.228053880490886,0 -81.87929804790588,8.226544262372668,0 -81.87139913272748,8.236594665047347,0 -81.8767744230254,8.248153599915948,0 -81.89004813402894,8.249663101718117,0</coordinates>
          </LinearRing>
        </outerBoundaryIs>
      </Polygon>
    </Placemark>
    <Placemark>
      <name>8766a2ad2ffffff</name>
      <styleUrl>#h3_poly_style</styleUrl>
      <Polygon>
        <outerBoundaryIs>
          <LinearRing>
            <coordinates>-81.44088863997715,8.12166583687117,0 -81.44877199246228,8.111612956073671,0 -81.4433817126964,8.100034252858848,0 -81.43010761754341,8.098509423559552,0 -81.42222475607993,8.108563377574315,0 -81.42761549837044,8.120141087610588,0 -81.44088863997715,8.12166583687117,0</coordinates>
          </LinearRing>
        </outerBoundaryIs>
      </Polygon>
    </Placemark>
    <Placemark>
      <name>8766b52f1ffffff</name>
      <styleUrl>#h3_poly_style</styleUrl>
      <Polygon>
        <outerBoundaryIs>
          <LinearRing>
            <coordinates>-82.47204129142608,8.446636838882064,0 -82.47995914331976,8.436596524681159,0 -82.4746059348604,8.425066543498227,0 -82.46133433780713,8.423577815677568,0 -82.45341688169505,8.433619232258048,0 -82.45877062647924,8.445148274206828,0 -82.47204129142608,8.446636838882064,0</coordinates>
          </LinearRing>
        </outerBoundaryIs>
      </Polygon>
    </Placemark>
    <Placemark>
      <name>8766a1d2dffffff</name>
      <styleUrl>#h3_poly_style</styleUrl>
      <Polygon>
        <outerBoundaryIs>
          <LinearRing>
            <coordinates>-79.96513480578713,8.528261694839824,0 -79.97293798834309,8.518302184793722,0 -79.96751591599109,8.50677216795338,0 -79.95429030742737,8.505202735365767,0 -79.94648774713734,8.515163289882503,0 -79.95191017277068,8.526692232473076,0 -79.96513480578713,8.528261694839824,0</coordinates>
          </LinearRing>
        </outerBoundaryIs>
      </Polygon>
    </Placemark>
    <Placemark>
      <name>8766a0b6bffffff</name>
      <styleUrl>#h3_poly_style</styleUrl>
      <Polygon>
        <outerBoundaryIs>
          <LinearRing>
            <coordinates>-80.10233304756518,8.74022147306787,0 -80.11013786006278,8.730284235100802,0 -80.10472276405388,8.718781459410408,0 -80.09150249230252,8.717216989179022,0 -80.08369828905363,8.727155278112516,0 -80.08911374793347,8.738656986265973,0 -80.10233304756518,8.74022147306787,0</coordinates>
          </LinearRing>
        </outerBoundaryIs>
      </Polygon>
    </Placemark>
    <Placemark>
      <name>8766a5cd3ffffff</name>
      <styleUrl>#h3_poly_style</styleUrl>
      <Polygon>
        <outerBoundaryIs>
          <LinearRing>
            <coordinates>-80.02647849398632,9.240107588218264,0 -80.03426694608576,9.230236644328908,0 -80.02885872859123,9.218799100882121,0 -80.01566170246775,9.21723357356715,0 -80.00787386437074,9.2271055737685,0 -80.01328243802277,9.238542044928277,0 -80.02647849398632,9.240107588218264,0</coordinates>
          </LinearRing>
        </outerBoundaryIs>
      </Polygon>
    </Placemark>
    <Placemark>
      <name>8766a5026ffffff</name>
      <styleUrl>#h3_poly_style</styleUrl>
      <Polygon>
        <outerBoundaryIs>
          <LinearRing>
            <coordinates>-79.69596109032283,9.146762738856111,0 -79.70373493081951,9.136890899812162,0 -79.69831736636361,9.125440889576542,0 -79.68512562887878,9.123863807688979,0 -79.67735243190741,9.133736694154186,0 -79.68277032852397,9.145185615045214,0 -79.69596109032283,9.146762738856111,0</coordinates>
          </LinearRing>
        </outerBoundaryIs>
      </Polygon>
    </Placemark>
    <Placemark>
      <name>8766a0addffffff</name>
      <styleUrl>#h3_poly_style</styleUrl>
      <Polygon>
        <outerBoundaryIs>
          <LinearRing>
            <coordinates>-80.3295290643201,8.505988971230364,0 -80.33735103624825,8.496015195696563,0 -80.33193746681953,8.484482503165765,0 -80.31870154498549,8.482924640964523,0 -80.31088016297294,8.492899469251286,0 -80.3162941125037,8.504431106938785,0 -80.3295290643201,8.505988971230364,0</coordinates>
          </LinearRing>
        </outerBoundaryIs>
      </Polygon>
    </Placemark>
    <Placemark>
      <name>8766b5385ffffff</name>
      <styleUrl>#h3_poly_style</styleUrl>
      <Polygon>
        <outerBoundaryIs>
          <LinearRing>
            <coordinates>-82.54715948541838,8.662420078904358,0 -82.55507477916264,8.652403839603421,0 -82.54972769543545,8.640902969449687,0 -82.53646477659865,8.639419275175165,0 -82.52854987119451,8.649436621479492,0 -82.53389749591251,8.660936554981149,0 -82.54715948541838,8.662420078904358,0</coordinates>
          </LinearRing>
        </outerBoundaryIs>
      </Polygon>
    </Placemark>
    <Placemark>
      <name>8766a3ba1ffffff</name>
      <styleUrl>#h3_poly_style</styleUrl>
      <Polygon>
        <outerBoundaryIs>
          <LinearRing>
            <coordinates>-80.51233979857874,7.772533247030748,0 -80.52018904062616,7.762464235596372,0 -80.5147674203181,7.750839390392544,0 -80.50149616222409,7.749284598274476,0 -80.49364749643667,7.759354654704132,0 -80.49906951210521,7.770978458207432,0 -80.51233979857874,7.772533247030748,0</coordinates>
          </LinearRing>
        </outerBoundaryIs>
      </Polygon>
    </Placemark>
    <Placemark>
      <name>8766a5a95ffffff</name>
      <styleUrl>#h3_poly_style</styleUrl>
      <Polygon>
        <outerBoundaryIs>
          <LinearRing>
            <coordinates>-79.46559469981969,9.054325873416094,0 -79.47335873192563,9.044450011554279,0 -79.46793439257452,9.032988070293579,0 -79.45474570528806,9.031403092083652,0 -79.44698233731629,9.041279994713182,0 -79.45240699212545,9.052740834747357,0 -79.46559469981969,9.054325873416094,0</coordinates>
          </LinearRing>
        </outerBoundaryIs>
      </Polygon>
    </Placemark>
    <Placemark>
      <name>8766a16d6ffffff</name>
      <styleUrl>#h3_poly_style</styleUrl>
      <Polygon>
        <outerBoundaryIs>
          <LinearRing>
            <coordinates>-80.09612471129071,7.525584863319857,0 -80.10395955139602,7.515498367938871,0 -80.09852325397269,7.503843433953072,0 -80.0852517508287,7.502276058309608,0 -80.07741752527566,7.512363583978467,0 -80.08285418793605,7.524017454959035,0 -80.09612471129071,7.525584863319857,0</coordinates>
          </LinearRing>
        </outerBoundaryIs>
      </Polygon>
    </Placemark>
    <Placemark>
      <name>8766a14d1ffffff</name>
      <styleUrl>#h3_poly_style</styleUrl>
      <Polygon>
        <outerBoundaryIs>
          <LinearRing>
            <coordinates>-80.30366242253106,7.835891546854159,0 -80.31149987967476,7.8258362741631595,0 -80.3060740624478,7.814219217524865,0 -80.29281040787463,7.81265848691895,0 -80.28497354549778,7.822714800638914,0 -80.29039974254975,7.834330803889179,0 -80.30366242253106,7.835891546854159,0</coordinates>
          </LinearRing>
        </outerBoundaryIs>
      </Polygon>
    </Placemark>
    <Placemark>
      <name>8766b52f6ffffff</name>
      <styleUrl>#h3_poly_style</styleUrl>
      <Polygon>
        <outerBoundaryIs>
          <LinearRing>
            <coordinates>-82.50928635472083,8.472664151482547,0 -82.51720499294545,8.462626043881126,0 -82.51185343338356,8.451099800646233,0 -82.49858269630204,8.449612602335245,0 -82.49066445037089,8.45965181354276,0 -82.49601654885251,8.471177119381942,0 -82.50928635472083,8.472664151482547,0</coordinates>
          </LinearRing>
        </outerBoundaryIs>
      </Polygon>
    </Placemark>
    <Placemark>
      <name>8766a570bffffff</name>
      <styleUrl>#h3_poly_style</styleUrl>
      <Polygon>
        <outerBoundaryIs>
          <LinearRing>
            <coordinates>-79.83394449089201,8.806044279365285,0 -79.84173400852539,8.796124124984317,0 -79.83631368153246,8.784629781117417,0 -79.82310349351026,8.783056673362973,0 -79.81531460863943,8.792977873407635,0 -79.8207352786551,8.80447113550123,0 -79.83394449089201,8.806044279365285,0</coordinates>
          </LinearRing>
        </outerBoundaryIs>
      </Polygon>
    </Placemark>
    <Placemark>
      <name>8766a5725ffffff</name>
      <styleUrl>#h3_poly_style</styleUrl>
      <Polygon>
        <outerBoundaryIs>
          <LinearRing>
            <coordinates>-79.81973648702942,8.9344142050298,0 -79.82752205887698,8.924510891800532,0 -79.82210363800108,8.91303317307657,0 -79.80889930320738,8.911459850252076,0 -79.80111436485426,8.92136421071904,0 -79.80653312742773,8.932840846731041,0 -79.81973648702942,8.9344142050298,0</coordinates>
          </LinearRing>
        </outerBoundaryIs>
      </Polygon>
    </Placemark>
    <Placemark>
      <name>8766a5162ffffff</name>
      <styleUrl>#h3_poly_style</styleUrl>
      <Polygon>
        <outerBoundaryIs>
          <LinearRing>
            <coordinates>-79.55161072572773,9.183459189514926,0 -79.55937608109198,9.173597066640077,0 -79.55395590401461,9.16215191138792,0 -79.54077004969973,9.1605699757922,0 -79.5330053503817,9.170433143279215,0 -79.53842584896123,9.181877201711018,0 -79.55161072572773,9.183459189514926,0</coordinates>
          </LinearRing>
        </outerBoundaryIs>
      </Polygon>
    </Placemark>
    <Placemark>
      <name>8766104a8ffffff</name>
      <styleUrl>#h3_poly_style</styleUrl>
      <Polygon>
        <outerBoundaryIs>
          <LinearRing>
            <coordinates>-78.27514623591573,8.768758493135227,0 -78.28285076385865,8.758888542929009,0 -78.27739764686629,8.747394084062895,0 -78.26423977311123,8.745770738015294,0 -78.2565360137102,8.755641696712035,0 -78.26198935915416,8.767134992943275,0 -78.27514623591573,8.768758493135227,0</coordinates>
          </LinearRing>
        </outerBoundaryIs>
      </Polygon>
    </Placemark>
    <Placemark>
      <name>8766a3d29ffffff</name>
      <styleUrl>#h3_poly_style</styleUrl>
      <Polygon>
        <outerBoundaryIs>
          <LinearRing>
            <coordinates>-81.00049425086209,8.09275396074415,0 -81.00835852368326,8.082709672448129,0 -81.002955377005,8.071125702527628,0 -80.98968752673878,8.069587037795552,0 -80.98182378499708,8.079632388302919,0 -80.98722736206479,8.091215341275747,0 -81.00049425086209,8.09275396074415,0</coordinates>
          </LinearRing>
        </outerBoundaryIs>
      </Polygon>
    </Placemark>
    <Placemark>
      <name>876613ca5ffffff</name>
      <styleUrl>#h3_poly_style</styleUrl>
      <Polygon>
        <outerBoundaryIs>
          <LinearRing>
            <coordinates>-78.22191469412414,8.132357989702447,0 -78.22963184492097,8.122408195825903,0 -78.2241666203666,8.110835034972395,0 -78.21098401919107,8.109212833180509,0 -78.20326764465358,8.119163622905585,0 -78.20873309466204,8.130735618552785,0 -78.22191469412414,8.132357989702447,0</coordinates>
          </LinearRing>
        </outerBoundaryIs>
      </Polygon>
    </Placemark>
    <Placemark>
      <name>8766b5322ffffff</name>
      <styleUrl>#h3_poly_style</styleUrl>
      <Polygon>
        <outerBoundaryIs>
          <LinearRing>
            <coordinates>-82.41500857108939,8.75656220499866,0 -82.42291634893495,8.746560651524772,0 -82.41756661553617,8.735071082550055,0 -82.40430857276021,8.733584011355601,0 -82.39640119513989,8.743586669976526,0 -82.40175145969593,8.755075294572537,0 -82.41500857108939,8.75656220499866,0</coordinates>
          </LinearRing>
        </outerBoundaryIs>
      </Polygon>
    </Placemark>
    <Placemark>
      <name>8766a16f0ffffff</name>
      <styleUrl>#h3_poly_style</styleUrl>
      <Polygon>
        <outerBoundaryIs>
          <LinearRing>
            <coordinates>-80.051523817133,7.564348203872326,0 -80.05935543914332,7.5542676804908915,0 -80.05391873059803,7.542617517075851,0 -80.04065003781469,7.541048942653421,0 -80.03281903419472,7.551130495950156,0 -80.03825610458969,7.562779593710658,0 -80.051523817133,7.564348203872326,0</coordinates>
          </LinearRing>
        </outerBoundaryIs>
      </Polygon>
    </Placemark>
    <Placemark>
      <name>8766b5272ffffff</name>
      <styleUrl>#h3_poly_style</styleUrl>
      <Polygon>
        <outerBoundaryIs>
          <LinearRing>
            <coordinates>-82.36356308619669,8.510918809729375,0 -82.37147506418626,8.500888872971366,0 -82.36611947727387,8.489366407455327,0 -82.35285138371455,8.487874824191698,0 -82.34493981130178,8.497905861667492,0 -82.35029592649619,8.509427381617547,0 -82.36356308619669,8.510918809729375,0</coordinates>
          </LinearRing>
        </outerBoundaryIs>
      </Polygon>
    </Placemark>
    <Placemark>
      <name>876684918ffffff</name>
      <styleUrl>#h3_poly_style</styleUrl>
      <Polygon>
        <outerBoundaryIs>
          <LinearRing>
            <coordinates>-81.71644732869386,7.658784389381453,0 -81.72435424102144,7.648669508780245,0 -81.71896409760309,7.637033674104248,0 -81.70566655743414,7.635513694754956,0 -81.69776011238262,7.645629647680519,0 -81.70315073984499,7.657264507567594,0 -81.71644732869386,7.658784389381453,0</coordinates>
          </LinearRing>
        </outerBoundaryIs>
      </Polygon>
    </Placemark>
    <Placemark>
      <name>8766a50c0ffffff</name>
      <styleUrl>#h3_poly_style</styleUrl>
      <Polygon>
        <outerBoundaryIs>
          <LinearRing>
            <coordinates>-79.71953908453087,8.933291493661734,0 -79.72731949834285,8.923391392676061,0 -79.72189874705164,8.911913547334178,0 -79.70869724722819,8.910336890874532,0 -79.70091747575054,8.920238036748321,0 -79.7063385613896,8.931714794153095,0 -79.71953908453087,8.933291493661734,0</coordinates>
          </LinearRing>
        </outerBoundaryIs>
      </Polygon>
    </Placemark>
    <Placemark>
      <name>8766a3d64ffffff</name>
      <styleUrl>#h3_poly_style</styleUrl>
      <Polygon>
        <outerBoundaryIs>
          <LinearRing>
            <coordinates>-80.9208957173412,8.083515973227318,0 -80.92875654277661,8.073472809257678,0 -80.92335107111761,8.061887459248,0 -80.91008434906666,8.060346294368617,0 -80.90222406193996,8.070390518489036,0 -80.90762995817816,8.08197484728376,0 -80.9208957173412,8.083515973227318,0</coordinates>
          </LinearRing>
        </outerBoundaryIs>
      </Polygon>
    </Placemark>
    <Placemark>
      <name>8766a50d5ffffff</name>
      <styleUrl>#h3_poly_style</styleUrl>
      <Polygon>
        <outerBoundaryIs>
          <LinearRing>
            <coordinates>-79.75914255462888,8.938018937623363,0 -79.76692490556943,8.928118111832653,0 -79.76150514596958,8.916640868250843,0 -79.74830269781283,8.915065536296575,0 -79.74052098569696,8.924967407967177,0 -79.74594108254068,8.93644356567113,0 -79.75914255462888,8.938018937623363,0</coordinates>
          </LinearRing>
        </outerBoundaryIs>
      </Polygon>
    </Placemark>
    <Placemark>
      <name>8766a2055ffffff</name>
      <styleUrl>#h3_poly_style</styleUrl>
      <Polygon>
        <outerBoundaryIs>
          <LinearRing>
            <coordinates>-81.67731725755907,8.170662789658039,0 -81.6852096245787,8.160609525508127,0 -81.67982709651108,8.14903823753082,0 -81.66655172142677,8.147521194251746,0 -81.65865982373325,8.157575538016603,0 -81.66404283142076,8.16914584538224,0 -81.67731725755907,8.170662789658039,0</coordinates>
          </LinearRing>
        </outerBoundaryIs>
      </Polygon>
    </Placemark>
    <Placemark>
      <name>8766a3c23ffffff</name>
      <styleUrl>#h3_poly_style</styleUrl>
      <Polygon>
        <outerBoundaryIs>
          <LinearRing>
            <coordinates>-81.07376181439811,7.980651444333406,0 -81.08163225952416,7.970591606705657,0 -81.07622919440419,7.958993698821284,0 -81.06295524771133,7.957456640825514,0 -81.0550853274076,7.96751754059892,0 -81.06048882859663,7.979114436166378,0 -81.07376181439811,7.980651444333406,0</coordinates>
          </LinearRing>
        </outerBoundaryIs>
      </Polygon>
    </Placemark>
    <Placemark>
      <name>8766b5b53ffffff</name>
      <styleUrl>#h3_poly_style</styleUrl>
      <Polygon>
        <outerBoundaryIs>
          <LinearRing>
            <coordinates>-82.16959511093498,8.957318112197765,0 -82.17748805381757,8.947347428755986,0 -82.17213400950367,8.935882520730406,0 -82.15888650913165,8.934389254747051,0 -82.15099398839406,8.944361040181652,0 -82.15634854550953,8.955824989537142,0 -82.16959511093498,8.957318112197765,0</coordinates>
          </LinearRing>
        </outerBoundaryIs>
      </Polygon>
    </Placemark>
    <Placemark>
      <name>8766b50edffffff</name>
      <styleUrl>#h3_poly_style</styleUrl>
      <Polygon>
        <outerBoundaryIs>
          <LinearRing>
            <coordinates>-82.61644021260125,8.757320758145015,0 -82.62435575557302,8.747314274438764,0 -82.61901255466329,8.735826666934662,0 -82.60575326476737,8.734346476606406,0 -82.59783810353981,8.744354070130553,0 -82.60318185008987,8.755840744090408,0 -82.61644021260125,8.757320758145015,0</coordinates>
          </LinearRing>
        </outerBoundaryIs>
      </Polygon>
    </Placemark>
    <Placemark>
      <name>8766a06a5ffffff</name>
      <styleUrl>#h3_poly_style</styleUrl>
      <Polygon>
        <outerBoundaryIs>
          <LinearRing>
            <coordinates>-81.01567519217133,8.313349969882381,0 -81.02353462545094,8.303332050830953,0 -81.01813569828329,8.291776189176616,0 -81.00487690656468,8.290239263808274,0 -80.99701800224486,8.300258248919011,0 -81.00241736030729,8.311813093283163,0 -81.01567519217133,8.313349969882381,0</coordinates>
          </LinearRing>
        </outerBoundaryIs>
      </Polygon>
    </Placemark>
    <Placemark>
      <name>8766a5a83ffffff</name>
      <styleUrl>#h3_poly_style</styleUrl>
      <Polygon>
        <outerBoundaryIs>
          <LinearRing>
            <coordinates>-79.42836936789004,9.028231806709305,0 -79.43613207004151,9.01835386393479,0 -79.43070645771414,9.006888575068668,0 -79.41751783008527,9.005302332082621,0 -79.40975579543999,9.015181314378259,0 -79.41518172054603,9.026645500101733,0 -79.42836936789004,9.028231806709305,0</coordinates>
          </LinearRing>
        </outerBoundaryIs>
      </Polygon>
    </Placemark>
    <Placemark>
      <name>8766162d0ffffff</name>
      <styleUrl>#h3_poly_style</styleUrl>
      <Polygon>
        <outerBoundaryIs>
          <LinearRing>
            <coordinates>-78.51024096426413,9.003043748991388,0 -78.51795334977847,8.993195582555398,0 -78.51250865454145,8.981729709636502,0 -78.49935132804161,8.980113153539715,0 -78.49163968977662,8.989962337789821,0 -78.49708463039379,9.001427060296812,0 -78.51024096426413,9.003043748991388,0</coordinates>
          </LinearRing>
        </outerBoundaryIs>
      </Polygon>
    </Placemark>
    <Placemark>
      <name>8766a1d76ffffff</name>
      <styleUrl>#h3_poly_style</styleUrl>
      <Polygon>
        <outerBoundaryIs>
          <LinearRing>
            <coordinates>-79.96989736798731,8.485277130043473,0 -79.97770186783889,8.475312080883048,0 -79.97227916184119,8.463776585154276,0 -79.95905160188848,8.462207212421482,0 -79.95124772405164,8.472173305483803,0 -79.9566707837782,8.483707727333858,0 -79.96989736798731,8.485277130043473,0</coordinates>
          </LinearRing>
        </outerBoundaryIs>
      </Polygon>
    </Placemark>
    <Placemark>
      <name>8766b5335ffffff</name>
      <styleUrl>#h3_poly_style</styleUrl>
      <Polygon>
        <outerBoundaryIs>
          <LinearRing>
            <coordinates>-82.43361471069534,8.76953506370257,0 -82.44152288702756,8.759534615971322,0 -82.43617397256078,8.748046938189379,0 -82.42291634893495,8.746560651524772,0 -82.41500857108939,8.75656220499866,0 -82.4203580180087,8.768048939321954,0 -82.43361471069534,8.76953506370257,0</coordinates>
          </LinearRing>
        </outerBoundaryIs>
      </Polygon>
    </Placemark>
    <Placemark>
      <name>8766a659cffffff</name>
      <styleUrl>#h3_poly_style</styleUrl>
      <Polygon>
        <outerBoundaryIs>
          <LinearRing>
            <coordinates>-82.22445049946896,9.342702655795971,0 -82.23233586618464,9.332778278713658,0 -82.2269901674884,9.321365887238718,0 -82.21375858622689,9.319878830378554,0 -82.20587363561302,9.329804315193103,0 -82.21121984978632,9.341215749065041,0 -82.22445049946896,9.342702655795971,0</coordinates>
          </LinearRing>
        </outerBoundaryIs>
      </Polygon>
    </Placemark>
    <Placemark>
      <name>8766a3930ffffff</name>
      <styleUrl>#h3_poly_style</styleUrl>
      <Polygon>
        <outerBoundaryIs>
          <LinearRing>
            <coordinates>-80.68862560163349,8.176896992139111,0 -80.69647317877735,8.166871848066343,0 -80.69106312320538,8.155297796768062,0 -80.67780508282299,8.15374992374995,0 -80.66995806460955,8.163776123916644,0 -80.6753685274713,8.175349140955927,0 -80.68862560163349,8.176896992139111,0</coordinates>
          </LinearRing>
        </outerBoundaryIs>
      </Polygon>
    </Placemark>
    <Placemark>
      <name>8766b1c64ffffff</name>
      <styleUrl>#h3_poly_style</styleUrl>
      <Polygon>
        <outerBoundaryIs>
          <LinearRing>
            <coordinates>-82.89046305747618,8.153998436005391,0 -82.89840417130091,8.143913689946835,0 -82.89305976054791,8.132349338234285,0 -82.87977366812339,8.130870646565729,0 -82.87183291222836,8.140956500741517,0 -82.8771778904524,8.152519938391249,0 -82.89046305747618,8.153998436005391,0</coordinates>
          </LinearRing>
        </outerBoundaryIs>
      </Polygon>
    </Placemark>
    <Placemark>
      <name>8766a5a82ffffff</name>
      <styleUrl>#h3_poly_style</styleUrl>
      <Polygon>
        <outerBoundaryIs>
          <LinearRing>
            <coordinates>-79.44698233731629,9.041279994713182,0 -79.45474570528806,9.031403092083652,0 -79.4493207288956,9.019939475620848,0 -79.43613207004151,9.01835386393479,0 -79.42836936789004,9.028231806709305,0 -79.43379465840101,9.039694320987573,0 -79.44698233731629,9.041279994713182,0</coordinates>
          </LinearRing>
        </outerBoundaryIs>
      </Polygon>
    </Placemark>
    <Placemark>
      <name>8766b5241ffffff</name>
      <styleUrl>#h3_poly_style</styleUrl>
      <Polygon>
        <outerBoundaryIs>
          <LinearRing>
            <coordinates>-82.28906265991291,8.458851297402589,0 -82.29697300514054,8.448816961453952,0 -82.29161415988747,8.437287063654713,0 -82.27834444595315,8.435792450987332,0 -82.27043451327242,8.445827885196426,0 -82.2757938816035,8.457356833741754,0 -82.28906265991291,8.458851297402589,0</coordinates>
          </LinearRing>
        </outerBoundaryIs>
      </Polygon>
    </Placemark>
    <Placemark>
      <name>8766a512effffff</name>
      <styleUrl>#h3_poly_style</styleUrl>
      <Polygon>
        <outerBoundaryIs>
          <LinearRing>
            <coordinates>-79.64462809640561,9.248554083667988,0 -79.65239670669966,9.238697193011475,0 -79.64697975547017,9.227260552453652,0 -79.63379386539303,9.225681894545216,0 -79.62602590271064,9.235539832862665,0 -79.63144318212262,9.246975381387658,0 -79.64462809640561,9.248554083667988,0</coordinates>
          </LinearRing>
        </outerBoundaryIs>
      </Polygon>
    </Placemark>
    <Placemark>
      <name>8766b5210ffffff</name>
      <styleUrl>#h3_poly_style</styleUrl>
      <Polygon>
        <outerBoundaryIs>
          <LinearRing>
            <coordinates>-82.49902163336559,8.558866982889802,0 -82.50693769132037,8.548839462169655,0 -82.50158727484036,8.537324469139966,0 -82.48832026214701,8.535837935311426,0 -82.48040459721207,8.545866560556707,0 -82.48575555157565,8.55738061503222,0 -82.49902163336559,8.558866982889802,0</coordinates>
          </LinearRing>
        </outerBoundaryIs>
      </Polygon>
    </Placemark>
    <Placemark>
      <name>8766a232bffffff</name>
      <styleUrl>#h3_poly_style</styleUrl>
      <Polygon>
        <outerBoundaryIs>
          <LinearRing>
            <coordinates>-81.44836891833499,8.056754869107623,0 -81.45625423119647,8.046694004342939,0 -81.45086305138574,8.035107077915702,0 -81.43758609507347,8.03358200855461,0 -81.429701272756,8.043643945692867,0 -81.43509291582922,8.055229879758087,0 -81.44836891833499,8.056754869107623,0</coordinates>
          </LinearRing>
        </outerBoundaryIs>
      </Polygon>
    </Placemark>
    <Placemark>
      <name>8766a2ae5ffffff</name>
      <styleUrl>#h3_poly_style</styleUrl>
      <Polygon>
        <outerBoundaryIs>
          <LinearRing>
            <coordinates>-81.31150103561185,8.194402703175475,0 -81.31937683770148,8.18436208467265,0 -81.31398410779987,8.172792105512913,0 -81.30071512256984,8.17126374544506,0 -81.29283982303343,8.181305435210705,0 -81.29823300579675,8.192874413722333,0 -81.31150103561185,8.194402703175475,0</coordinates>
          </LinearRing>
        </outerBoundaryIs>
      </Polygon>
    </Placemark>
    <Placemark>
      <name>8766b56cbffffff</name>
      <styleUrl>#h3_poly_style</styleUrl>
      <Polygon>
        <outerBoundaryIs>
          <LinearRing>
            <coordinates>-82.85108198218421,8.313979106317952,0 -82.85901758834927,8.303914061673986,0 -82.85367458144115,8.292370183137567,0 -82.84039540392767,8.290892266726692,0 -82.8324601589615,8.300958420809076,0 -82.83780372993468,8.312501381786875,0 -82.85108198218421,8.313979106317952,0</coordinates>
          </LinearRing>
        </outerBoundaryIs>
      </Polygon>
    </Placemark>
    <Placemark>
      <name>8766a5b18ffffff</name>
      <styleUrl>#h3_poly_style</styleUrl>
      <Polygon>
        <outerBoundaryIs>
          <LinearRing>
            <coordinates>-79.28875398548738,9.205769770834427,0 -79.29650475575338,9.195919762420283,0 -79.2910792283711,9.184477790120559,0 -79.27790262816983,9.182886936559653,0 -79.27015253683857,9.192737983852059,0 -79.27557836640354,9.204178845791546,0 -79.28875398548738,9.205769770834427,0</coordinates>
          </LinearRing>
        </outerBoundaryIs>
      </Polygon>
    </Placemark>
    <Placemark>
      <name>8766a1d93ffffff</name>
      <styleUrl>#h3_poly_style</styleUrl>
      <Polygon>
        <outerBoundaryIs>
          <LinearRing>
            <coordinates>-80.25733198388171,8.43209952686128,0 -80.2651522436343,8.422118793514406,0 -80.25973559525669,8.41057659686728,0 -80.24649831177216,8.409016191957106,0 -80.23867864866084,8.418997975188107,0 -80.24409567201751,8.430539113398543,0 -80.25733198388171,8.43209952686128,0</coordinates>
          </LinearRing>
        </outerBoundaryIs>
      </Polygon>
    </Placemark>
    <Placemark>
      <name>8766a5064ffffff</name>
      <styleUrl>#h3_poly_style</styleUrl>
      <Polygon>
        <outerBoundaryIs>
          <LinearRing>
            <coordinates>-79.5447281231579,9.063826764009193,0 -79.55249611031996,9.053949397187875,0 -79.54707368930431,9.042488619361844,0 -79.53388295950997,9.040906305451454,0 -79.5261156295043,9.050784715012073,0 -79.53153837176507,9.062244395705228,0 -79.5447281231579,9.063826764009193,0</coordinates>
          </LinearRing>
        </outerBoundaryIs>
      </Polygon>
    </Placemark>
    <Placemark>
      <name>8766b5084ffffff</name>
      <styleUrl>#h3_poly_style</styleUrl>
      <Polygon>
        <outerBoundaryIs>
          <LinearRing>
            <coordinates>-82.82614979760133,8.856847888374768,0 -82.8340707075952,8.846848325431392,0 -82.82873613978632,8.835376130860414,0 -82.81548010128515,8.833904422077552,0 -82.80755955352916,8.843905100899484,0 -82.8128946816631,8.855376372548603,0 -82.82614979760133,8.856847888374768,0</coordinates>
          </LinearRing>
        </outerBoundaryIs>
      </Polygon>
    </Placemark>
    <Placemark>
      <name>8766b5676ffffff</name>
      <styleUrl>#h3_poly_style</styleUrl>
      <Polygon>
        <outerBoundaryIs>
          <LinearRing>
            <coordinates>-82.7879550451562,8.503785910428347,0 -82.79588349252163,8.49374484922187,0 -82.79054161590449,8.48222529026482,0 -82.77727073269527,8.480747714921005,0 -82.76934265190725,8.49078988665663,0 -82.77468508737635,8.50230852313048,0 -82.7879550451562,8.503785910428347,0</coordinates>
          </LinearRing>
        </outerBoundaryIs>
      </Polygon>
    </Placemark>
    <Placemark>
      <name>8766b1922ffffff</name>
      <styleUrl>#h3_poly_style</styleUrl>
      <Polygon>
        <outerBoundaryIs>
          <LinearRing>
            <coordinates>-82.599198391606,8.395290738667198,0 -82.60712244971693,8.385241229203844,0 -82.60177249189582,8.37370563812016,0 -82.58849792992429,8.372220488367459,0 -82.58057425603039,8.38227110248462,0 -82.58592475951556,8.393805761626462,0 -82.599198391606,8.395290738667198,0</coordinates>
          </LinearRing>
        </outerBoundaryIs>
      </Polygon>
    </Placemark>
    <Placemark>
      <name>8766a588bffffff</name>
      <styleUrl>#h3_poly_style</styleUrl>
      <Polygon>
        <outerBoundaryIs>
          <LinearRing>
            <coordinates>-79.63757514495768,9.312400767680955,0 -79.64534178563227,9.302552422865745,0 -79.63992579121418,9.29112419501229,0 -79.62674282821979,9.28954540433478,0 -79.61897683550882,9.299394797525462,0 -79.62439315745777,9.310821932978243,0 -79.63757514495768,9.312400767680955,0</coordinates>
          </LinearRing>
        </outerBoundaryIs>
      </Polygon>
    </Placemark>
    <Placemark>
      <name>8766a56e3ffffff</name>
      <styleUrl>#h3_poly_style</styleUrl>
      <Polygon>
        <outerBoundaryIs>
          <LinearRing>
            <coordinates>-79.87629384179752,8.604740688644386,0 -79.88409057213293,8.594793662314077,0 -79.87866773140794,8.583273437884207,0 -79.86544781339435,8.581701318880297,0 -79.85765171289201,8.59164938878176,0 -79.86307490019624,8.603168534073845,0 -79.87629384179752,8.604740688644386,0</coordinates>
          </LinearRing>
        </outerBoundaryIs>
      </Polygon>
    </Placemark>
    <Placemark>
      <name>8766a668bffffff</name>
      <styleUrl>#h3_poly_style</styleUrl>
      <Polygon>
        <outerBoundaryIs>
          <LinearRing>
            <coordinates>-81.94378083087996,8.823123667928204,0 -81.9516679461092,8.813142501422774,0 -81.94630463501318,8.80165795091444,0 -81.9330537113874,8.800155536875687,0 -81.92516703927674,8.810137798464718,0 -81.93053084729866,8.821621378941968,0 -81.94378083087996,8.823123667928204,0</coordinates>
          </LinearRing>
        </outerBoundaryIs>
      </Polygon>
    </Placemark>
    <Placemark>
      <name>8766a14dcffffff</name>
      <styleUrl>#h3_poly_style</styleUrl>
      <Polygon>
        <outerBoundaryIs>
          <LinearRing>
            <coordinates>-80.28497354549778,7.822714800638914,0 -80.29281040787463,7.81265848691895,0 -80.28738389630557,7.801039803408293,0 -80.27412014350321,7.799478487905399,0 -80.26628387761846,7.80953584196642,0 -80.27171076766642,7.821153471142861,0 -80.28497354549778,7.822714800638914,0</coordinates>
          </LinearRing>
        </outerBoundaryIs>
      </Polygon>
    </Placemark>
    <Placemark>
      <name>8766b5281ffffff</name>
      <styleUrl>#h3_poly_style</styleUrl>
      <Polygon>
        <outerBoundaryIs>
          <LinearRing>
            <coordinates>-82.56771522829757,8.490129888155726,0 -82.57563567763732,8.480092452902843,0 -82.57028631416512,8.468569023998601,0 -82.55701595791062,8.467083964620667,0 -82.54909589544992,8.477122505081558,0 -82.55444580198954,8.488644999638455,0 -82.56771522829757,8.490129888155726,0</coordinates>
          </LinearRing>
        </outerBoundaryIs>
      </Polygon>
    </Placemark>
    <Placemark>
      <name>8766a5130ffffff</name>
      <styleUrl>#h3_poly_style</styleUrl>
      <Polygon>
        <outerBoundaryIs>
          <LinearRing>
            <coordinates>-79.72138718545753,9.279304826249724,0 -79.72915902555009,9.269449286346047,0 -79.72374435677439,9.258016699686335,0 -79.71055751379603,9.256440740969172,0 -79.70278631444413,9.266297330717068,0 -79.70820131695874,9.277728829296995,0 -79.72138718545753,9.279304826249724,0</coordinates>
          </LinearRing>
        </outerBoundaryIs>
      </Polygon>
    </Placemark>
    <Placemark>
      <name>8766a231dffffff</name>
      <styleUrl>#h3_poly_style</styleUrl>
      <Polygon>
        <outerBoundaryIs>
          <LinearRing>
            <coordinates>-81.51186035092503,8.03113893508757,0 -81.51974908459377,8.021073324091635,0 -81.51435930399568,8.00948342784087,0 -81.50108032137608,8.007960131254372,0 -81.49319207254719,8.01802681573878,0 -81.4985823211204,8.029615723259914,0 -81.51186035092503,8.03113893508757,0</coordinates>
          </LinearRing>
        </outerBoundaryIs>
      </Polygon>
    </Placemark>
    <Placemark>
      <name>8766b5314ffffff</name>
      <styleUrl>#h3_poly_style</styleUrl>
      <Polygon>
        <outerBoundaryIs>
          <LinearRing>
            <coordinates>-82.47850942492771,8.731009839953769,0 -82.4864203257626,8.721003593463477,0 -82.48107219515205,8.709511198505801,0 -82.46781262751686,8.708025990766412,0 -82.45990212115017,8.718033343548944,0 -82.46525078757608,8.729524797705569,0 -82.47850942492771,8.731009839953769,0</coordinates>
          </LinearRing>
        </outerBoundaryIs>
      </Polygon>
    </Placemark>
    <Placemark>
      <name>8766b5256ffffff</name>
      <styleUrl>#h3_poly_style</styleUrl>
      <Polygon>
        <outerBoundaryIs>
          <LinearRing>
            <coordinates>-82.3873007163544,8.480824795678684,0 -82.39521439005041,8.470790656943203,0 -82.38985904563359,8.459264439962162,0 -82.37658949704876,8.45777330571881,0 -82.36867622682912,8.46780854531755,0 -82.37403210134252,8.479333818224543,0 -82.3873007163544,8.480824795678684,0</coordinates>
          </LinearRing>
        </outerBoundaryIs>
      </Polygon>
    </Placemark>
    <Placemark>
      <name>8766a032dffffff</name>
      <styleUrl>#h3_poly_style</styleUrl>
      <Polygon>
        <outerBoundaryIs>
          <LinearRing>
            <coordinates>-80.39029581127623,8.50224149119773,0 -80.39812085641725,8.492265374545564,0 -80.39270874863024,8.480732275270933,0 -80.37947121075605,8.479176344196453,0 -80.37164675011552,8.489153514982425,0 -80.37705924247344,8.500685562660793,0 -80.39029581127623,8.50224149119773,0</coordinates>
          </LinearRing>
        </outerBoundaryIs>
      </Polygon>
    </Placemark>
    <Placemark>
      <name>8766b5249ffffff</name>
      <styleUrl>#h3_poly_style</styleUrl>
      <Polygon>
        <outerBoundaryIs>
          <LinearRing>
            <coordinates>-82.2543542084378,8.411231739290272,0 -82.26226437397413,8.401192556385967,0 -82.2569036165953,8.389656161894788,0 -82.2436321725758,8.388159901052559,0 -82.2357224228955,8.398200180740702,0 -82.24108370100286,8.409735624416983,0 -82.2543542084378,8.411231739290272,0</coordinates>
          </LinearRing>
        </outerBoundaryIs>
      </Polygon>
    </Placemark>
    <Placemark>
      <name>8766a5692ffffff</name>
      <styleUrl>#h3_poly_style</styleUrl>
      <Polygon>
        <outerBoundaryIs>
          <LinearRing>
            <coordinates>-80.11189396802625,8.65442814530409,0 -80.11970140974088,8.644479788977739,0 -80.11428505440338,8.632965962816495,0 -80.10106089320448,8.631401559758267,0 -80.09325406022452,8.641350965979468,0 -80.09867077933458,8.652863725318985,0 -80.11189396802625,8.65442814530409,0</coordinates>
          </LinearRing>
        </outerBoundaryIs>
      </Polygon>
    </Placemark>
    <Placemark>
      <name>8766a28d3ffffff</name>
      <styleUrl>#h3_poly_style</styleUrl>
      <Polygon>
        <outerBoundaryIs>
          <LinearRing>
            <coordinates>-81.66586825522774,8.442784145285097,0 -81.67375327584149,8.432764002637223,0 -81.66837508538565,8.421227736444797,0 -81.65511139598522,8.419712595729505,0 -81.64722684492484,8.429733821762833,0 -81.65260551333536,8.44126910506258,0 -81.66586825522774,8.442784145285097,0</coordinates>
          </LinearRing>
        </outerBoundaryIs>
      </Polygon>
    </Placemark>
    <Placemark>
      <name>8766a5b9dffffff</name>
      <styleUrl>#h3_poly_style</styleUrl>
      <Polygon>
        <outerBoundaryIs>
          <LinearRing>
            <coordinates>-79.41435389186266,9.156173192066978,0 -79.42211264573943,9.146312306821407,0 -79.41668896403462,9.134863694955074,0 -79.40350621658921,9.133277072196027,0 -79.39574813089402,9.143138998501634,0 -79.40117212409183,9.154586506469201,0 -79.41435389186266,9.156173192066978,0</coordinates>
          </LinearRing>
        </outerBoundaryIs>
      </Polygon>
    </Placemark>
    <Placemark>
      <name>8766b5625ffffff</name>
      <styleUrl>#h3_poly_style</styleUrl>
      <Polygon>
        <outerBoundaryIs>
          <LinearRing>
            <coordinates>-82.81741109232917,8.594400944683473,0 -82.82533833971219,8.584370009791458,0 -82.8199989932082,8.572862725228022,0 -82.80673183830585,8.571387297036653,0 -82.79880495457549,8.581419344328205,0 -82.80414486172053,8.592925707334757,0 -82.81741109232917,8.594400944683473,0</coordinates>
          </LinearRing>
        </outerBoundaryIs>
      </Polygon>
    </Placemark>
    <Placemark>
      <name>8766a0a43ffffff</name>
      <styleUrl>#h3_poly_style</styleUrl>
      <Polygon>
        <outerBoundaryIs>
          <LinearRing>
            <coordinates>-80.1797873346363,8.586320600459816,0 -80.18759987870675,8.576361539566346,0 -80.18218399566754,8.56483900786305,0 -80.16895519926649,8.563276600051047,0 -80.16114325815596,8.573236711397211,0 -80.16655951011197,8.584758180056882,0 -80.1797873346363,8.586320600459816,0</coordinates>
          </LinearRing>
        </outerBoundaryIs>
      </Polygon>
    </Placemark>
    <Placemark>
      <name>8766a3532ffffff</name>
      <styleUrl>#h3_poly_style</styleUrl>
      <Polygon>
        <outerBoundaryIs>
          <LinearRing>
            <coordinates>-81.31888156789556,7.778287950627873,0 -81.32676814882211,7.768197347894628,0 -81.32136847362584,7.756574830300863,0 -81.30808176252003,7.755043912980781,0 -81.30019568480984,7.765135580413261,0 -81.3055958146105,7.776757100407789,0 -81.31888156789556,7.778287950627873,0</coordinates>
          </LinearRing>
        </outerBoundaryIs>
      </Polygon>
    </Placemark>
    <Placemark>
      <name>8766b500dffffff</name>
      <styleUrl>#h3_poly_style</styleUrl>
      <Polygon>
        <outerBoundaryIs>
          <LinearRing>
            <coordinates>-82.62475042568485,8.856193938708696,0 -82.63266377679446,8.846199234210566,0 -82.62732254106106,8.83472491237785,0 -82.61406740795326,8.833246228701666,0 -82.60615443758316,8.843242044434833,0 -82.61149621920764,8.854715432534348,0 -82.62475042568485,8.856193938708696,0</coordinates>
          </LinearRing>
        </outerBoundaryIs>
      </Polygon>
    </Placemark>
    <Placemark>
      <name>8766b5901ffffff</name>
      <styleUrl>#h3_poly_style</styleUrl>
      <Polygon>
        <outerBoundaryIs>
          <LinearRing>
            <coordinates>-82.46005363696891,9.390710163513974,0 -82.46794707008,9.380785467462665,0 -82.46260967098866,9.369381887869224,0 -82.4493783061874,9.367903949662665,0 -82.44148526756011,9.377829759296395,0 -82.44682319887822,9.389232393480995,0 -82.46005363696891,9.390710163513974,0</coordinates>
          </LinearRing>
        </outerBoundaryIs>
      </Polygon>
    </Placemark>
    <Placemark>
      <name>8766a25a4ffffff</name>
      <styleUrl>#h3_poly_style</styleUrl>
      <Polygon>
        <outerBoundaryIs>
          <LinearRing>
            <coordinates>-82.2967182343068,8.394142244848588,0 -82.30463052012523,8.384099960644335,0 -82.29927080888211,8.372561668152473,0 -82.2859982875971,8.371066608189267,0 -82.27808641379393,8.381109989933282,0 -82.28344664888465,8.392647334030016,0 -82.2967182343068,8.394142244848588,0</coordinates>
          </LinearRing>
        </outerBoundaryIs>
      </Polygon>
    </Placemark>
    <Placemark>
      <name>8766a30ccffffff</name>
      <styleUrl>#h3_poly_style</styleUrl>
      <Polygon>
        <outerBoundaryIs>
          <LinearRing>
            <coordinates>-80.83273123149209,7.435576119224705,0 -80.84060416227466,7.425458056627961,0 -80.83518515560924,7.413792095163143,0 -80.82189279794301,7.412245218228887,0 -80.81402041569017,7.422364327607432,0 -80.81943984219423,7.4340292670857115,0 -80.83273123149209,7.435576119224705,0</coordinates>
          </LinearRing>
        </outerBoundaryIs>
      </Polygon>
    </Placemark>
    <Placemark>
      <name>8766a2b33ffffff</name>
      <styleUrl>#h3_poly_style</styleUrl>
      <Polygon>
        <outerBoundaryIs>
          <LinearRing>
            <coordinates>-81.36127421842242,8.462460693955022,0 -81.36914548589215,8.452451258717304,0 -81.36375878880226,8.440915952929924,0 -81.35050036815,8.439391081747203,0 -81.34262959785933,8.449401593473842,0 -81.34801675066576,8.460935899834444,0 -81.36127421842242,8.462460693955022,0</coordinates>
          </LinearRing>
        </outerBoundaryIs>
      </Polygon>
    </Placemark>
    <Placemark>
      <name>8766a3b6dffffff</name>
      <styleUrl>#h3_poly_style</styleUrl>
      <Polygon>
        <outerBoundaryIs>
          <LinearRing>
            <coordinates>-80.19632551324297,7.713416060739671,0 -80.20416069793042,7.703349172875096,0 -80.19873009964735,7.691717064417412,0 -80.18546394409937,7.690152902356575,0 -80.17762936426426,7.7002208264399705,0 -80.18306033474701,7.711851876320125,0 -80.19632551324297,7.713416060739671,0</coordinates>
          </LinearRing>
        </outerBoundaryIs>
      </Polygon>
    </Placemark>
    <Placemark>
      <name>8766a2d26ffffff</name>
      <styleUrl>#h3_poly_style</styleUrl>
      <Polygon>
        <outerBoundaryIs>
          <LinearRing>
            <coordinates>-81.98605789005191,8.806162393994656,0 -81.9939471807029,8.796178017007716,0 -81.98858486812712,8.784691529963593,0 -81.9753327644875,8.783190387518792,0 -81.96744391314829,8.793175860349761,0 -81.97280672576225,8.804661379714084,0 -81.98605789005191,8.806162393994656,0</coordinates>
          </LinearRing>
        </outerBoundaryIs>
      </Polygon>
    </Placemark>
    <Placemark>
      <name>8766a30dcffffff</name>
      <styleUrl>#h3_poly_style</styleUrl>
      <Polygon>
        <outerBoundaryIs>
          <LinearRing>
            <coordinates>-80.89377405877623,7.431640920859897,0 -80.90164994277431,7.421520745013432,0 -80.89623251316763,7.40985437982799,0 -80.88293877483729,7.408309209022257,0 -80.87506343384749,7.418430433082269,0 -80.8804812878001,7.430095779681,0 -80.89377405877623,7.431640920859897,0</coordinates>
          </LinearRing>
        </outerBoundaryIs>
      </Polygon>
    </Placemark>
    <Placemark>
      <name>8766a50c4ffffff</name>
      <styleUrl>#h3_poly_style</styleUrl>
      <Polygon>
        <outerBoundaryIs>
          <LinearRing>
            <coordinates>-79.71717976095051,8.954663847553539,0 -79.72495951706077,8.944766564383931,0 -79.71953908453087,8.933291493661734,0 -79.7063385613896,8.931714794153095,0 -79.69855944773312,8.941613122470555,0 -79.70398021439179,8.953087105108269,0 -79.71717976095051,8.954663847553539,0</coordinates>
          </LinearRing>
        </outerBoundaryIs>
      </Polygon>
    </Placemark>
    <Placemark>
      <name>8766a25b1ffffff</name>
      <styleUrl>#h3_poly_style</styleUrl>
      <Polygon>
        <outerBoundaryIs>
          <LinearRing>
            <coordinates>-82.34164437027691,8.355458588337987,0 -82.34955941506752,8.34541057043157,0 -82.34420046803486,8.333867591280402,0 -82.33092594861196,8.3323735756434,0 -82.32301131181441,8.342422691601929,0 -82.32837078607075,8.35396472507414,0 -82.34164437027691,8.355458588337987,0</coordinates>
          </LinearRing>
        </outerBoundaryIs>
      </Polygon>
    </Placemark>
    <Placemark>
      <name>8766a06daffffff</name>
      <styleUrl>#h3_poly_style</styleUrl>
      <Polygon>
        <outerBoundaryIs>
          <LinearRing>
            <coordinates>-80.97936427625002,8.101258007358641,0 -80.98722736206479,8.091215341275747,0 -80.98182378499708,8.079632388302919,0 -80.96855669291985,8.078093119499004,0 -80.96069414006706,8.088136847423643,0 -80.96609814595224,8.099718782255428,0 -80.97936427625002,8.101258007358641,0</coordinates>
          </LinearRing>
        </outerBoundaryIs>
      </Polygon>
    </Placemark>
    <Placemark>
      <name>8766a5562ffffff</name>
      <styleUrl>#h3_poly_style</styleUrl>
      <Polygon>
        <outerBoundaryIs>
          <LinearRing>
            <coordinates>-79.97541552947051,9.158454923973856,0 -79.98320344604213,9.14857516108608,0 -79.97779258789733,9.137126798246653,0 -79.96459346020204,9.13555927311472,0 -79.95680616247135,9.145440090028982,0 -79.96221737322287,9.156887378004825,0 -79.97541552947051,9.158454923973856,0</coordinates>
          </LinearRing>
        </outerBoundaryIs>
      </Polygon>
    </Placemark>
    <Placemark>
      <name>8766b5748ffffff</name>
      <styleUrl>#h3_poly_style</styleUrl>
      <Polygon>
        <outerBoundaryIs>
          <LinearRing>
            <coordinates>-82.68198277334169,8.54657541570459,0 -82.68990615099891,8.536541983083483,0 -82.6845614956468,8.525027048690344,0 -82.6712929111739,8.523546475394866,0 -82.6633699097483,8.533581016641712,0 -82.66871511618926,8.545095022483043,0 -82.68198277334169,8.54657541570459,0</coordinates>
          </LinearRing>
        </outerBoundaryIs>
      </Polygon>
    </Placemark>
    <Placemark>
      <name>8766b521bffffff</name>
      <styleUrl>#h3_poly_style</styleUrl>
      <Polygon>
        <outerBoundaryIs>
          <LinearRing>
            <coordinates>-82.46691308217403,8.489761078361802,0 -82.47482964306428,8.479726052459993,0 -82.46947700721903,8.468201685227413,0 -82.45620727430084,8.466713283640297,0 -82.44829110955408,8.476749412389298,0 -82.45364428120673,8.488272839805477,0 -82.46691308217403,8.489761078361802,0</coordinates>
          </LinearRing>
        </outerBoundaryIs>
      </Polygon>
    </Placemark>
    <Placemark>
      <name>8766b5222ffffff</name>
      <styleUrl>#h3_poly_style</styleUrl>
      <Polygon>
        <outerBoundaryIs>
          <LinearRing>
            <coordinates>-82.43292240735184,8.60600889087084,0 -82.44083469971936,8.595988676157196,0 -82.43548296078436,8.584479320920313,0 -82.42221839614645,8.582991122772635,0 -82.41430650274701,8.593012441096235,0 -82.41965877464249,8.604520853885113,0 -82.43292240735184,8.60600889087084,0</coordinates>
          </LinearRing>
        </outerBoundaryIs>
      </Polygon>
    </Placemark>
    <Placemark>
      <name>8766b5951ffffff</name>
      <styleUrl>#h3_poly_style</styleUrl>
      <Polygon>
        <outerBoundaryIs>
          <LinearRing>
            <coordinates>-82.3908754753946,9.296485253189916,0 -82.39876860528034,9.286550658959639,0 -82.39342737185248,9.275133530991948,0 -82.38019248057965,9.273651945798747,0 -82.37229975173622,9.283587651027625,0 -82.37764151275084,9.295003830378702,0 -82.3908754753946,9.296485253189916,0</coordinates>
          </LinearRing>
        </outerBoundaryIs>
      </Polygon>
    </Placemark>
    <Placemark>
      <name>8766a5bb1ffffff</name>
      <styleUrl>#h3_poly_style</styleUrl>
      <Polygon>
        <outerBoundaryIs>
          <LinearRing>
            <coordinates>-79.42595195040556,9.233091535526059,0 -79.4337093981045,9.223240246061355,0 -79.42828731530207,9.2118016879456,0 -79.41510747224133,9.210215522555218,0 -79.40735069137845,9.220067854441911,0 -79.41277308636967,9.231505309259713,0 -79.42595195040556,9.233091535526059,0</coordinates>
          </LinearRing>
        </outerBoundaryIs>
      </Polygon>
    </Placemark>
    <Placemark>
      <name>8766a5149ffffff</name>
      <styleUrl>#h3_poly_style</styleUrl>
      <Polygon>
        <outerBoundaryIs>
          <LinearRing>
            <coordinates>-79.50281758846563,9.08041068304469,0 -79.51058294378043,9.070536904582063,0 -79.5051598818292,9.059078322111324,0 -79.49197114605568,9.057494617375932,0 -79.48420645150198,9.067369437848402,0 -79.48962983158933,9.078826921008364,0 -79.50281758846563,9.08041068304469,0</coordinates>
          </LinearRing>
        </outerBoundaryIs>
      </Polygon>
    </Placemark>
    <Placemark>
      <name>8766a06edffffff</name>
      <styleUrl>#h3_poly_style</styleUrl>
      <Polygon>
        <outerBoundaryIs>
          <LinearRing>
            <coordinates>-80.85017606949484,8.173839629936909,0 -80.85803133604225,8.163809440272354,0 -80.85262551676831,8.152235345472471,0 -80.83936401141987,8.150692465803926,0 -80.83150928925508,8.160723715382385,0 -80.83691552767918,8.172296784661956,0 -80.85017606949484,8.173839629936909,0</coordinates>
          </LinearRing>
        </outerBoundaryIs>
      </Polygon>
    </Placemark>
    <Placemark>
      <name>8766a3d26ffffff</name>
      <styleUrl>#h3_poly_style</styleUrl>
      <Polygon>
        <outerBoundaryIs>
          <LinearRing>
            <coordinates>-81.07270081850088,8.166828265587164,0 -81.08056654312585,8.156790918578938,0 -81.0751666560548,8.145216557742753,0 -81.0619006085076,8.14368055729981,0 -81.0540354081778,8.153718969434681,0 -81.05943573072291,8.16529231682967,0 -81.07270081850088,8.166828265587164,0</coordinates>
          </LinearRing>
        </outerBoundaryIs>
      </Polygon>
    </Placemark>
    <Placemark>
      <name>8766a542affffff</name>
      <styleUrl>#h3_poly_style</styleUrl>
      <Polygon>
        <outerBoundaryIs>
          <LinearRing>
            <coordinates>-80.08752894081739,9.05282199059817,0 -80.0953251705994,9.042924964111618,0 -80.08991515587893,9.031462845292767,0 -80.07670854994498,9.02989882181725,0 -80.06891292949996,9.039796903453274,0 -80.07432330527914,9.051257953370214,0 -80.08752894081739,9.05282199059817,0</coordinates>
          </LinearRing>
        </outerBoundaryIs>
      </Polygon>
    </Placemark>
    <Placemark>
      <name>8766a3d08ffffff</name>
      <styleUrl>#h3_poly_style</styleUrl>
      <Polygon>
        <outerBoundaryIs>
          <LinearRing>
            <coordinates>-81.04522438032939,8.054105663739783,0 -81.05309167700898,8.044055458616484,0 -81.04768909084241,8.032466731318793,0 -81.0344187738448,8.03092922338883,0 -81.02655200432643,8.040980491171483,0 -81.03195502426694,8.052568204168978,0 -81.04522438032939,8.054105663739783,0</coordinates>
          </LinearRing>
        </outerBoundaryIs>
      </Polygon>
    </Placemark>
    <Placemark>
      <name>8766a16a8ffffff</name>
      <styleUrl>#h3_poly_style</styleUrl>
      <Polygon>
        <outerBoundaryIs>
          <LinearRing>
            <coordinates>-80.0865339891823,7.612497349854254,0 -80.09436618080068,7.6024215707192955,0 -80.08893115254844,7.590777221677702,0 -80.07566356797334,7.58920971573733,0 -80.06783199142542,7.599286526546877,0 -80.07326738400421,7.610929811578382,0 -80.0865339891823,7.612497349854254,0</coordinates>
          </LinearRing>
        </outerBoundaryIs>
      </Polygon>
    </Placemark>
    <Placemark>
      <name>876613c8bffffff</name>
      <styleUrl>#h3_poly_style</styleUrl>
      <Polygon>
        <outerBoundaryIs>
          <LinearRing>
            <coordinates>-78.23543117824809,8.003138505338658,0 -78.24315232032171,7.993171863985965,0 -78.23768507561246,7.981582877075131,0 -78.22449646181903,7.979961695818047,0 -78.21677609548689,7.989929330881975,0 -78.22224356683594,8.00151715347051,0 -78.23543117824809,8.003138505338658,0</coordinates>
          </LinearRing>
        </outerBoundaryIs>
      </Polygon>
    </Placemark>
    <Placemark>
      <name>8766b52b2ffffff</name>
      <styleUrl>#h3_poly_style</styleUrl>
      <Polygon>
        <outerBoundaryIs>
          <LinearRing>
            <coordinates>-82.64217981640179,8.542132848914394,0 -82.65010179581913,8.532099840578526,0 -82.64475575591815,8.520583944790959,0 -82.63148718798165,8.519101987943072,0 -82.62356558846815,8.529136103918734,0 -82.6289121766125,8.540651069027685,0 -82.64217981640179,8.542132848914394,0</coordinates>
          </LinearRing>
        </outerBoundaryIs>
      </Polygon>
    </Placemark>
    <Placemark>
      <name>8766a51a9ffffff</name>
      <styleUrl>#h3_poly_style</styleUrl>
      <Polygon>
        <outerBoundaryIs>
          <LinearRing>
            <coordinates>-79.75414325018335,9.164513095269092,0 -79.76191966771474,9.154641566903235,0 -79.75650374491448,9.143193884920793,0 -79.74331106782495,9.14161881760506,0 -79.73553528862669,9.151491394982697,0 -79.74095154781317,9.162937990623083,0 -79.75414325018335,9.164513095269092,0</coordinates>
          </LinearRing>
        </outerBoundaryIs>
      </Polygon>
    </Placemark>
    <Placemark>
      <name>8766a5120ffffff</name>
      <styleUrl>#h3_poly_style</styleUrl>
      <Polygon>
        <outerBoundaryIs>
          <LinearRing>
            <coordinates>-79.66087702642693,9.282851081178165,0 -79.66864562614066,9.272998085833509,0 -79.66322964210293,9.261565960622454,0 -79.65004472868046,9.25998792191554,0 -79.64227677500855,9.269841965765798,0 -79.64769308834626,9.28127299977718,0 -79.66087702642693,9.282851081178165,0</coordinates>
          </LinearRing>
        </outerBoundaryIs>
      </Polygon>
    </Placemark>
    <Placemark>
      <name>8766b5659ffffff</name>
      <styleUrl>#h3_poly_style</styleUrl>
      <Polygon>
        <outerBoundaryIs>
          <LinearRing>
            <coordinates>-82.74244787689751,8.37847865861316,0 -82.75037779456699,8.368423763991949,0 -82.74503226579324,8.35688728963164,0 -82.7317562629455,8.35540663382144,0 -82.72382671634182,8.365462636221773,0 -82.7291728011449,8.376998186577346,0 -82.74244787689751,8.37847865861316,0</coordinates>
          </LinearRing>
        </outerBoundaryIs>
      </Polygon>
    </Placemark>
    <Placemark>
      <name>8766a3b20ffffff</name>
      <styleUrl>#h3_poly_style</styleUrl>
      <Polygon>
        <outerBoundaryIs>
          <LinearRing>
            <coordinates>-80.38324387020869,7.845247679299104,0 -80.39108500850608,7.835191191727911,0 -80.38566135302365,7.823575298115591,0 -80.37239617319833,7.822016941144486,0 -80.36455562249382,7.832074471845729,0 -80.36997966364416,7.843689316340408,0 -80.38324387020869,7.845247679299104,0</coordinates>
          </LinearRing>
        </outerBoundaryIs>
      </Polygon>
    </Placemark>
    <Placemark>
      <name>8766b52d6ffffff</name>
      <styleUrl>#h3_poly_style</styleUrl>
      <Polygon>
        <outerBoundaryIs>
          <LinearRing>
            <coordinates>-82.53561296498836,8.420973378694885,0 -82.54353392916624,8.410928456646147,0 -82.53818233902184,8.399395665041162,0 -82.52490924332919,8.397908731004286,0 -82.51698866915396,8.407954756569767,0 -82.52234080029332,8.419486612581885,0 -82.53561296498836,8.420973378694885,0</coordinates>
          </LinearRing>
        </outerBoundaryIs>
      </Polygon>
    </Placemark>
    <Placemark>
      <name>8766104d9ffffff</name>
      <styleUrl>#h3_poly_style</styleUrl>
      <Polygon>
        <outerBoundaryIs>
          <LinearRing>
            <coordinates>-78.2119369026996,8.609350169512926,0 -78.21964166010224,8.599461894735185,0 -78.21418461825029,8.587947778130893,0 -78.2010225945965,8.58632310223257,0 -78.19331861193265,8.596212381278887,0 -78.19877587781531,8.607725331933333,0 -78.2119369026996,8.609350169512926,0</coordinates>
          </LinearRing>
        </outerBoundaryIs>
      </Polygon>
    </Placemark>
    <Placemark>
      <name>8766a5a33ffffff</name>
      <styleUrl>#h3_poly_style</styleUrl>
      <Polygon>
        <outerBoundaryIs>
          <LinearRing>
            <coordinates>-79.31666305896665,9.13360833885045,0 -79.32441713856589,9.123747952378435,0 -79.31899094648655,9.112296521646845,0 -79.30581037006618,9.110706586286623,0 -79.2980569672823,9.12056801123814,0 -79.30348346373279,9.132018333034548,0 -79.31666305896665,9.13360833885045,0</coordinates>
          </LinearRing>
        </outerBoundaryIs>
      </Polygon>
    </Placemark>
    <Placemark>
      <name>8766a2370ffffff</name>
      <styleUrl>#h3_poly_style</styleUrl>
      <Polygon>
        <outerBoundaryIs>
          <LinearRing>
            <coordinates>-81.41103259369784,8.03053060554531,0 -81.41891692373056,8.02046759668906,0 -81.41352421789954,8.008877183686591,0 -81.40024672104624,8.007350773712135,0 -81.3923628850389,8.017414853629667,0 -81.39775605148178,8.029004272400282,0 -81.41103259369784,8.03053060554531,0</coordinates>
          </LinearRing>
        </outerBoundaryIs>
      </Polygon>
    </Placemark>
    <Placemark>
      <name>8766b1c41ffffff</name>
      <styleUrl>#h3_poly_style</styleUrl>
      <Polygon>
        <outerBoundaryIs>
          <LinearRing>
            <coordinates>-82.90085204484244,8.06736980015345,0 -82.90879573444539,8.057274700899168,0 -82.90345019818452,8.045699220294,0 -82.89016040341349,8.04421975160197,0 -82.8822170709775,8.054315957969214,0 -82.88756317576954,8.065890525838098,0 -82.90085204484244,8.06736980015345,0</coordinates>
          </LinearRing>
        </outerBoundaryIs>
      </Polygon>
    </Placemark>
    <Placemark>
      <name>8766a5c1cffffff</name>
      <styleUrl>#h3_poly_style</styleUrl>
      <Polygon>
        <outerBoundaryIs>
          <LinearRing>
            <coordinates>-79.97025944771623,9.38441043170842,0 -79.97804142808717,9.374560058394332,0 -79.97263439017092,9.363141570714992,0 -79.959445019796,9.361574531580155,0 -79.95166365781915,9.371425961831418,0 -79.9570710474518,9.382843374236314,0 -79.97025944771623,9.38441043170842,0</coordinates>
          </LinearRing>
        </outerBoundaryIs>
      </Polygon>
    </Placemark>
    <Placemark>
      <name>8766107b4ffffff</name>
      <styleUrl>#h3_poly_style</styleUrl>
      <Polygon>
        <outerBoundaryIs>
          <LinearRing>
            <coordinates>-78.10764177879669,8.65063269989816,0 -78.11533933026351,8.64075369709269,0 -78.10988118373699,8.629245420946733,0 -78.0967252690825,8.627617318884218,0 -78.08902850105132,8.637497324209306,0 -78.0944868638711,8.64900442905694,0 -78.10764177879669,8.65063269989816,0</coordinates>
          </LinearRing>
        </outerBoundaryIs>
      </Polygon>
    </Placemark>
    <Placemark>
      <name>8766b530dffffff</name>
      <styleUrl>#h3_poly_style</styleUrl>
      <Polygon>
        <outerBoundaryIs>
          <LinearRing>
            <coordinates>-82.36429188329897,8.674621903397933,0 -82.37219974583263,8.664611695446371,0 -82.36684698726869,8.653110815944537,0 -82.3535858380149,8.651621090919008,0 -82.34567838056624,8.66163240178473,0 -82.35103166691164,8.673132334690111,0 -82.36429188329897,8.674621903397933,0</coordinates>
          </LinearRing>
        </outerBoundaryIs>
      </Polygon>
    </Placemark>
    <Placemark>
      <name>8766a5d4cffffff</name>
      <styleUrl>#h3_poly_style</styleUrl>
      <Polygon>
        <outerBoundaryIs>
          <LinearRing>
            <coordinates>-79.76302662937057,9.445872793935724,0 -79.77079644755204,9.436037513999674,0 -79.76538564505974,9.424627003304016,0 -79.75220468758937,9.423052858440862,0 -79.74443550580168,9.43288919139607,0 -79.74984664471988,9.444298616153688,0 -79.76302662937057,9.445872793935724,0</coordinates>
          </LinearRing>
        </outerBoundaryIs>
      </Polygon>
    </Placemark>
    <Placemark>
      <name>8766b5769ffffff</name>
      <styleUrl>#h3_poly_style</styleUrl>
      <Polygon>
        <outerBoundaryIs>
          <LinearRing>
            <coordinates>-82.6370290174183,8.585214264771102,0 -82.6449497089817,8.575186544621333,0 -82.63960423692352,8.563676290288727,0 -82.62633752520522,8.562194687294525,0 -82.61841721391447,8.572223515531542,0 -82.62376323369472,8.583732838600739,0 -82.6370290174183,8.585214264771102,0</coordinates>
          </LinearRing>
        </outerBoundaryIs>
      </Polygon>
    </Placemark>
    <Placemark>
      <name>8766a3d42ffffff</name>
      <styleUrl>#h3_poly_style</styleUrl>
      <Polygon>
        <outerBoundaryIs>
          <LinearRing>
            <coordinates>-80.97052920515141,8.001590840650017,0 -80.97839438277673,7.9915363888672974,0 -80.97298884705246,7.979940835102798,0 -80.95971770488318,7.978400751126059,0 -80.95185306135839,7.988456262912394,0 -80.95725902552473,8.000050798617021,0 -80.97052920515141,8.001590840650017,0</coordinates>
          </LinearRing>
        </outerBoundaryIs>
      </Polygon>
    </Placemark>
    <Placemark>
      <name>8766a2134ffffff</name>
      <styleUrl>#h3_poly_style</styleUrl>
      <Polygon>
        <outerBoundaryIs>
          <LinearRing>
            <coordinates>-81.7827228033955,8.477949443556483,0 -81.79061190445557,8.46793045019357,0 -81.78523779485958,8.456399453577557,0 -81.77197409748925,8.454888427043764,0 -81.76408545522902,8.464908507046134,0 -81.76946005116329,8.47643852687804,0 -81.7827228033955,8.477949443556483,0</coordinates>
          </LinearRing>
        </outerBoundaryIs>
      </Polygon>
    </Placemark>
    <Placemark>
      <name>8766a5c4effffff</name>
      <styleUrl>#h3_poly_style</styleUrl>
      <Polygon>
        <outerBoundaryIs>
          <LinearRing>
            <coordinates>-79.80050900084575,9.28875115467008,0 -79.80828469875463,9.278894131840925,0 -79.80287201475332,9.267462819767152,0 -79.7896832929605,9.26588961448097,0 -79.78190822879351,9.27574768909602,0 -79.7873212523061,9.287177917169469,0 -79.80050900084575,9.28875115467008,0</coordinates>
          </LinearRing>
        </outerBoundaryIs>
      </Polygon>
    </Placemark>
    <Placemark>
      <name>8766a028cffffff</name>
      <styleUrl>#h3_poly_style</styleUrl>
      <Polygon>
        <outerBoundaryIs>
          <LinearRing>
            <coordinates>-80.5993630426828,8.253946452869977,0 -80.607204429867,8.243933357560048,0 -80.60179337450442,8.232368912597142,0 -80.58854053104261,8.230818602318589,0 -80.58069971053827,8.240832752827703,0 -80.58611116643948,8.252396158365613,0 -80.5993630426828,8.253946452869977,0</coordinates>
          </LinearRing>
        </outerBoundaryIs>
      </Polygon>
    </Placemark>
    <Placemark>
      <name>8766b52f4ffffff</name>
      <styleUrl>#h3_poly_style</styleUrl>
      <Polygon>
        <outerBoundaryIs>
          <LinearRing>
            <coordinates>-82.48809894827744,8.48121368726373,0 -82.49601654885251,8.471177119381942,0 -82.49066445037089,8.45965181354276,0 -82.47739421357527,8.458164014118976,0 -82.46947700721903,8.468201685227413,0 -82.47482964306428,8.479726052459993,0 -82.48809894827744,8.48121368726373,0</coordinates>
          </LinearRing>
        </outerBoundaryIs>
      </Polygon>
    </Placemark>
    <Placemark>
      <name>8766b5706ffffff</name>
      <styleUrl>#h3_poly_style</styleUrl>
      <Polygon>
        <outerBoundaryIs>
          <LinearRing>
            <coordinates>-82.86544918096267,8.697884079348604,0 -82.87337558326733,8.68786440958348,0 -82.86803961239687,8.676371368076683,0 -82.85477667513639,8.674898915964015,0 -82.84685063182174,8.684919700559206,0 -82.85218716640371,8.69641182235955,0 -82.86544918096267,8.697884079348604,0</coordinates>
          </LinearRing>
        </outerBoundaryIs>
      </Polygon>
    </Placemark>
    <Placemark>
      <name>8766a2a46ffffff</name>
      <styleUrl>#h3_poly_style</styleUrl>
      <Polygon>
        <outerBoundaryIs>
          <LinearRing>
            <coordinates>-81.22941817150198,8.206832134292847,0 -81.23728999017051,8.196795273746018,0 -81.23189515580066,8.185226556374293,0 -81.21862805555828,8.183695704661918,0 -81.21075674685214,8.193733634707131,0 -81.21615202804897,8.205301346908264,0 -81.22941817150198,8.206832134292847,0</coordinates>
          </LinearRing>
        </outerBoundaryIs>
      </Polygon>
    </Placemark>
    <Placemark>
      <name>8766a3a76ffffff</name>
      <styleUrl>#h3_poly_style</styleUrl>
      <Polygon>
        <outerBoundaryIs>
          <LinearRing>
            <coordinates>-80.34891175780591,7.610404930210898,0 -80.35675707284202,7.6003211932770025,0 -80.3513284957782,7.588676386463592,0 -80.33805421958924,7.587116366224354,0 -80.33020949611081,7.597201141242682,0 -80.33563845688529,7.60884489836879,0 -80.34891175780591,7.610404930210898,0</coordinates>
          </LinearRing>
        </outerBoundaryIs>
      </Polygon>
    </Placemark>
    <Placemark>
      <name>8766a5ce3ffffff</name>
      <styleUrl>#h3_poly_style</styleUrl>
      <Polygon>
        <outerBoundaryIs>
          <LinearRing>
            <coordinates>-79.94018528814604,9.29459867203623,0 -79.94796799593553,9.284737667167498,0 -79.94255867867682,9.273307233258546,0 -79.92936630353691,9.271738880963978,0 -79.92158421715499,9.281600940896762,0 -79.92699388413381,9.293030298016488,0 -79.94018528814604,9.29459867203623,0</coordinates>
          </LinearRing>
        </outerBoundaryIs>
      </Polygon>
    </Placemark>
    <Placemark>
      <name>8766a2c1affffff</name>
      <styleUrl>#h3_poly_style</styleUrl>
      <Polygon>
        <outerBoundaryIs>
          <LinearRing>
            <coordinates>-82.05872693182205,8.531116748985134,0 -82.06662616001506,8.521096970686889,0 -82.06126135517903,8.509574777485026,0 -82.04799681559187,8.508073324705514,0 -82.04009802084349,8.51809419686419,0 -82.04546333186202,8.529615427873875,0 -82.05872693182205,8.531116748985134,0</coordinates>
          </LinearRing>
        </outerBoundaryIs>
      </Polygon>
    </Placemark>
    <Placemark>
      <name>8766a5122ffffff</name>
      <styleUrl>#h3_poly_style</styleUrl>
      <Polygon>
        <outerBoundaryIs>
          <LinearRing>
            <coordinates>-79.68183053591537,9.274575458814468,0 -79.68960043636959,9.264720665297935,0 -79.68418478318407,9.253287449968237,0 -79.670998898321,9.25171011823328,0 -79.66322964210293,9.261565960622454,0 -79.66864562614066,9.272998085833509,0 -79.68183053591537,9.274575458814468,0</coordinates>
          </LinearRing>
        </outerBoundaryIs>
      </Polygon>
    </Placemark>
    <Placemark>
      <name>876610646ffffff</name>
      <styleUrl>#h3_poly_style</styleUrl>
      <Polygon>
        <outerBoundaryIs>
          <LinearRing>
            <coordinates>-77.83284973438127,8.410535342899445,0 -77.84053668936916,8.400635662794215,0 -77.835069684591,8.389099560310342,0 -77.82191552808382,8.387464323423572,0 -77.81422938112611,8.39736499520998,0 -77.81969658227796,8.40889991218534,0 -77.83284973438127,8.410535342899445,0</coordinates>
          </LinearRing>
        </outerBoundaryIs>
      </Polygon>
    </Placemark>
    <Placemark>
      <name>8766a06ccffffff</name>
      <styleUrl>#h3_poly_style</styleUrl>
      <Polygon>
        <outerBoundaryIs>
          <LinearRing>
            <coordinates>-80.8948639071373,8.135251861788566,0 -80.90272222540929,8.125215706375013,0 -80.89731694250246,8.113636833115029,0 -80.88405291841603,8.112095138117583,0 -80.8761951406264,8.122132353895003,0 -80.88160084606376,8.133710204251972,0 -80.8948639071373,8.135251861788566,0</coordinates>
          </LinearRing>
        </outerBoundaryIs>
      </Polygon>
    </Placemark>
    <Placemark>
      <name>8766b5702ffffff</name>
      <styleUrl>#h3_poly_style</styleUrl>
      <Polygon>
        <outerBoundaryIs>
          <LinearRing>
            <coordinates>-82.86803961239687,8.676371368076683,0 -82.8759666564907,8.666349054768759,0 -82.87063040489701,8.654853174806131,0 -82.85736654486085,8.653380527486007,0 -82.849439859568,8.663403955413434,0 -82.85477667513639,8.674898915964015,0 -82.86803961239687,8.676371368076683,0</coordinates>
          </LinearRing>
        </outerBoundaryIs>
      </Polygon>
    </Placemark>
    <Placemark>
      <name>8766b5334ffffff</name>
      <styleUrl>#h3_poly_style</styleUrl>
      <Polygon>
        <outerBoundaryIs>
          <LinearRing>
            <coordinates>-82.45221961015716,8.782505241387925,0 -82.46012818323756,8.77250589999382,0 -82.45478008873347,8.761020116052446,0 -82.44152288702756,8.759534615971322,0 -82.43361471069534,8.76953506370257,0 -82.4389633389466,8.781019905105012,0 -82.45221961015716,8.782505241387925,0</coordinates>
          </LinearRing>
        </outerBoundaryIs>
      </Polygon>
    </Placemark>
    <Placemark>
      <name>8766b5800ffffff</name>
      <styleUrl>#h3_poly_style</styleUrl>
      <Polygon>
        <outerBoundaryIs>
          <LinearRing>
            <coordinates>-82.49652898285107,9.254193412025224,0 -82.5044273014776,9.244250793074416,0 -82.49908872915654,9.232828939388563,0 -82.48585130252569,9.231350647404676,0 -82.47795337539588,9.241294379286591,0 -82.48329248302771,9.252715290147682,0 -82.49652898285107,9.254193412025224,0</coordinates>
          </LinearRing>
        </outerBoundaryIs>
      </Polygon>
    </Placemark>
    <Placemark>
      <name>8766107b0ffffff</name>
      <styleUrl>#h3_poly_style</styleUrl>
      <Polygon>
        <outerBoundaryIs>
          <LinearRing>
            <coordinates>-78.10988118373699,8.629245420946733,0 -78.11757939816317,8.619363557126736,0 -78.11212091495028,8.60785258906488,0 -78.09896400045533,8.606224655995955,0 -78.0912665693817,8.61610752201565,0 -78.0967252690825,8.627617318884218,0 -78.10988118373699,8.629245420946733,0</coordinates>
          </LinearRing>
        </outerBoundaryIs>
      </Polygon>
    </Placemark>
    <Placemark>
      <name>8766167a5ffffff</name>
      <styleUrl>#h3_poly_style</styleUrl>
      <Polygon>
        <outerBoundaryIs>
          <LinearRing>
            <coordinates>-78.94024767553405,9.28205487669787,0 -78.94797744731206,9.272227414748029,0 -78.9425460137794,9.26079610884217,0 -78.92938453162076,9.259193393016535,0 -78.92165546871128,9.269021886937294,0 -78.92708717872299,9.280452064681391,0 -78.94024767553405,9.28205487669787,0</coordinates>
          </LinearRing>
        </outerBoundaryIs>
      </Polygon>
    </Placemark>
    <Placemark>
      <name>8766b52e2ffffff</name>
      <styleUrl>#h3_poly_style</styleUrl>
      <Polygon>
        <outerBoundaryIs>
          <LinearRing>
            <coordinates>-82.45085381608557,8.455187047929401,0 -82.45877062647924,8.445148274206828,0 -82.45341688169505,8.433619232258048,0 -82.44014579137387,8.432129904405043,0 -82.43222937868661,8.442169780128124,0 -82.43758365823874,8.453697881631147,0 -82.45085381608557,8.455187047929401,0</coordinates>
          </LinearRing>
        </outerBoundaryIs>
      </Polygon>
    </Placemark>
    <Placemark>
      <name>8766b5219ffffff</name>
      <styleUrl>#h3_poly_style</styleUrl>
      <Polygon>
        <outerBoundaryIs>
          <LinearRing>
            <coordinates>-82.44572876203533,8.498306321469471,0 -82.45364428120673,8.488272839805477,0 -82.44829110955408,8.476749412389298,0 -82.43502188410363,8.475260407589744,0 -82.42710676299959,8.485294991721487,0 -82.43246046890333,8.49681747811252,0 -82.44572876203533,8.498306321469471,0</coordinates>
          </LinearRing>
        </outerBoundaryIs>
      </Polygon>
    </Placemark>
    <Placemark>
      <name>8766a5776ffffff</name>
      <styleUrl>#h3_poly_style</styleUrl>
      <Polygon>
        <outerBoundaryIs>
          <LinearRing>
            <coordinates>-79.78958627158474,8.844135602726228,0 -79.79737254800085,8.834221768107952,0 -79.7919518546925,8.822732355064819,0 -79.77874454491254,8.821157860756687,0 -79.7709589050208,8.831072740572463,0 -79.77637993801174,8.842561069457558,0 -79.78958627158474,8.844135602726228,0</coordinates>
          </LinearRing>
        </outerBoundaryIs>
      </Polygon>
    </Placemark>
    <Placemark>
      <name>8766a5c62ffffff</name>
      <styleUrl>#h3_poly_style</styleUrl>
      <Polygon>
        <outerBoundaryIs>
          <LinearRing>
            <coordinates>-79.81201821346961,9.365574929139356,0 -79.81979257629784,9.355727494585905,0 -79.81438150086028,9.34430635423352,0 -79.80119572203834,9.342733731815537,0 -79.79342199162492,9.35258221944751,0 -79.79883340724757,9.364002276376842,0 -79.81201821346961,9.365574929139356,0</coordinates>
          </LinearRing>
        </outerBoundaryIs>
      </Polygon>
    </Placemark>
    <Placemark>
      <name>87679b66bffffff</name>
      <styleUrl>#h3_poly_style</styleUrl>
      <Polygon>
        <outerBoundaryIs>
          <LinearRing>
            <coordinates>-82.55031507306582,9.476377580844922,0 -82.55820981185575,9.466461189035995,0 -82.55287679764757,9.455070291544326,0 -82.53964850588288,9.453596726841011,0 -82.53175415311738,9.4635142351614,0 -82.53708770572054,9.474904191599308,0 -82.55031507306582,9.476377580844922,0</coordinates>
          </LinearRing>
        </outerBoundaryIs>
      </Polygon>
    </Placemark>
    <Placemark>
      <name>8766a50ceffffff</name>
      <styleUrl>#h3_poly_style</styleUrl>
      <Polygon>
        <outerBoundaryIs>
          <LinearRing>
            <coordinates>-79.70327584259142,8.8988573606922,0 -79.71105627197262,8.888953399140672,0 -79.70563454832082,8.877471098174427,0 -79.6924320616873,8.875893847463031,0 -79.68465227621566,8.885798853013346,0 -79.6900743330955,8.897280065235947,0 -79.70327584259142,8.8988573606922,0</coordinates>
          </LinearRing>
        </outerBoundaryIs>
      </Polygon>
    </Placemark>
    <Placemark>
      <name>8766a56eaffffff</name>
      <styleUrl>#h3_poly_style</styleUrl>
      <Polygon>
        <outerBoundaryIs>
          <LinearRing>
            <coordinates>-79.86002430819379,8.570179428080587,0 -79.86782106743424,8.560228577281162,0 -79.86239724432058,8.548703943030326,0 -79.84917631613254,8.547131239451268,0 -79.8413801883055,8.557083132894524,0 -79.84680435687903,8.568606687231107,0 -79.86002430819379,8.570179428080587,0</coordinates>
          </LinearRing>
        </outerBoundaryIs>
      </Polygon>
    </Placemark>
    <Placemark>
      <name>8766a5aa4ffffff</name>
      <styleUrl>#h3_poly_style</styleUrl>
      <Polygon>
        <outerBoundaryIs>
          <LinearRing>
            <coordinates>-79.39808190145288,9.121826779707842,0 -79.40584064509814,9.111962006165221,0 -79.40041600800483,9.10050893110874,0 -79.38723231652716,9.098921734293226,0 -79.37947424263473,9.108787548024713,0 -79.3848991900962,9.12023951834604,0 -79.39808190145288,9.121826779707842,0</coordinates>
          </LinearRing>
        </outerBoundaryIs>
      </Polygon>
    </Placemark>
    <Placemark>
      <name>8766b524effffff</name>
      <styleUrl>#h3_poly_style</styleUrl>
      <Polygon>
        <outerBoundaryIs>
          <LinearRing>
            <coordinates>-82.29161415988747,8.437287063654713,0 -82.29952515190645,8.42725007617542,0 -82.29416601799701,8.415717378077751,0 -82.28089536835844,8.414222616357785,0 -82.27298478870925,8.424260701858774,0 -82.27834444595315,8.435792450987332,0 -82.29161415988747,8.437287063654713,0</coordinates>
          </LinearRing>
        </outerBoundaryIs>
      </Polygon>
    </Placemark>
    <Placemark>
      <name>8766a5683ffffff</name>
      <styleUrl>#h3_poly_style</styleUrl>
      <Polygon>
        <outerBoundaryIs>
          <LinearRing>
            <coordinates>-80.03255903836607,8.6450351212647,0 -80.04036271910181,8.63508812231808,0 -80.0349442864928,8.62357305578522,0 -80.0217218148047,8.622006059142693,0 -80.0139187498875,8.631954105971529,0 -80.01933754046574,8.64346810151659,0 -80.03255903836607,8.6450351212647,0</coordinates>
          </LinearRing>
        </outerBoundaryIs>
      </Polygon>
    </Placemark>
    <Placemark>
      <name>8766a5619ffffff</name>
      <styleUrl>#h3_poly_style</styleUrl>
      <Polygon>
        <outerBoundaryIs>
          <LinearRing>
            <coordinates>-79.89018592699304,8.660742167337292,0 -79.89798196872208,8.65080175397364,0 -79.89256042839477,8.639288699311072,0 -79.87934249848915,8.637717136502749,0 -79.8715470851371,8.647658594635772,0 -79.8769689729399,8.65917057076538,0 -79.89018592699304,8.660742167337292,0</coordinates>
          </LinearRing>
        </outerBoundaryIs>
      </Polygon>
    </Placemark>
    <Placemark>
      <name>87679b29affffff</name>
      <styleUrl>#h3_poly_style</styleUrl>
      <Polygon>
        <outerBoundaryIs>
          <LinearRing>
            <coordinates>-82.50807443413862,9.49325807138774,0 -82.5159671170045,9.48334490828058,0 -82.51063302754706,9.471955894043921,0 -82.49740571953866,9.470480986188168,0 -82.48951342651243,9.480395265029214,0 -82.49484805128336,9.49178333591824,0 -82.50807443413862,9.49325807138774,0</coordinates>
          </LinearRing>
        </outerBoundaryIs>
      </Polygon>
    </Placemark>
    <Placemark>
      <name>8766a5584ffffff</name>
      <styleUrl>#h3_poly_style</styleUrl>
      <Polygon>
        <outerBoundaryIs>
          <LinearRing>
            <coordinates>-80.25503915176378,9.169939058881251,0 -80.2628407890183,9.16005155616926,0 -80.2574369040644,9.14860510172436,0 -80.24423100844395,9.147047210280647,0 -80.23642996521224,9.15693577361462,0 -80.24183422320556,9.168381167723078,0 -80.25503915176378,9.169939058881251,0</coordinates>
          </LinearRing>
        </outerBoundaryIs>
      </Polygon>
    </Placemark>
    <Placemark>
      <name>8766a5062ffffff</name>
      <styleUrl>#h3_poly_style</styleUrl>
      <Polygon>
        <outerBoundaryIs>
          <LinearRing>
            <coordinates>-79.56803405600257,9.034190037976318,0 -79.57580401411842,9.024308047137684,0 -79.57038159565053,9.012843393698112,0 -79.55718889567859,9.011261826965722,0 -79.5494195927992,9.021144860652313,0 -79.55484233428362,9.03260841818454,0 -79.56803405600257,9.034190037976318,0</coordinates>
          </LinearRing>
        </outerBoundaryIs>
      </Polygon>
    </Placemark>
    <Placemark>
      <name>8766a5c54ffffff</name>
      <styleUrl>#h3_poly_style</styleUrl>
      <Polygon>
        <outerBoundaryIs>
          <LinearRing>
            <coordinates>-79.87490524169502,9.340740938114132,0 -79.88268345766306,9.330888128432756,0 -79.87727341209187,9.3194637442995,0 -79.86408480534047,9.31789324998257,0 -79.85630721635052,9.327747113849293,0 -79.86171760676257,9.339170417804764,0 -79.87490524169502,9.340740938114132,0</coordinates>
          </LinearRing>
        </outerBoundaryIs>
      </Polygon>
    </Placemark>
    <Placemark>
      <name>8766a1d1bffffff</name>
      <styleUrl>#h3_poly_style</styleUrl>
      <Polygon>
        <outerBoundaryIs>
          <LinearRing>
            <coordinates>-80.07507937245877,8.44327196422074,0 -80.082890248258,8.433298324042857,0 -80.07746933439199,8.421757476031303,0 -80.06423718279315,8.420191336324452,0 -80.05642691982906,8.430166022232866,0 -80.06184819525375,8.44170580207319,0 -80.07507937245877,8.44327196422074,0</coordinates>
          </LinearRing>
        </outerBoundaryIs>
      </Polygon>
    </Placemark>
    <Placemark>
      <name>8766a5c03ffffff</name>
      <styleUrl>#h3_poly_style</styleUrl>
      <Polygon>
        <outerBoundaryIs>
          <LinearRing>
            <coordinates>-79.94929034048826,9.392691961216597,0 -79.9570710474518,9.382843374236314,0 -79.95166365781915,9.371425961831418,0 -79.93847521068713,9.369858212720564,0 -79.93069512393451,9.379707856267864,0 -79.93610286373173,9.391124192315212,0 -79.94929034048826,9.392691961216597,0</coordinates>
          </LinearRing>
        </outerBoundaryIs>
      </Polygon>
    </Placemark>
    <Placemark>
      <name>8766b52e5ffffff</name>
      <styleUrl>#h3_poly_style</styleUrl>
      <Polygon>
        <outerBoundaryIs>
          <LinearRing>
            <coordinates>-82.40848352292855,8.472281029632333,0 -82.41639824422205,8.462245343645,0 -82.41104343145902,8.450718183798257,0 -82.39777336537328,8.449227652732475,0 -82.38985904563359,8.459264439962162,0 -82.39521439005041,8.470790656943203,0 -82.40848352292855,8.472281029632333,0</coordinates>
          </LinearRing>
        </outerBoundaryIs>
      </Polygon>
    </Placemark>
    <Placemark>
      <name>8766b52d5ffffff</name>
      <styleUrl>#h3_poly_style</styleUrl>
      <Polygon>
        <outerBoundaryIs>
          <LinearRing>
            <coordinates>-82.49579653255635,8.41651171716278,0 -82.50371606941374,8.40646722565859,0 -82.49836311277878,8.394933502865427,0 -82.48509008077015,8.39344520923014,0 -82.47717093758723,8.40349080325676,0 -82.482524432363,8.415023588323198,0 -82.49579653255635,8.41651171716278,0</coordinates>
          </LinearRing>
        </outerBoundaryIs>
      </Polygon>
    </Placemark>
    <Placemark>
      <name>8766b56d1ffffff</name>
      <styleUrl>#h3_poly_style</styleUrl>
      <Polygon>
        <outerBoundaryIs>
          <LinearRing>
            <coordinates>-82.92555592301095,8.366035186808073,0 -82.93349295648997,8.35597458606487,0 -82.92815334351423,8.344438267117361,0 -82.91487612746322,8.342963462744457,0 -82.90693944819074,8.353025175382715,0 -82.9122796303878,8.364560580420905,0 -82.92555592301095,8.366035186808073,0</coordinates>
          </LinearRing>
        </outerBoundaryIs>
      </Polygon>
    </Placemark>
    <Placemark>
      <name>87679b64bffffff</name>
      <styleUrl>#h3_poly_style</styleUrl>
      <Polygon>
        <outerBoundaryIs>
          <LinearRing>
            <coordinates>-82.57656460255507,9.425308596711707,0 -82.58446164776356,9.415385143229454,0 -82.57912860715994,9.403987501538442,0 -82.56589798052532,9.402514252691589,0 -82.55800131906962,9.412438822749376,0 -82.56333490012402,9.423835525003868,0 -82.57656460255507,9.425308596711707,0</coordinates>
          </LinearRing>
        </outerBoundaryIs>
      </Polygon>
    </Placemark>
    <Placemark>
      <name>8766b5b42ffffff</name>
      <styleUrl>#h3_poly_style</styleUrl>
      <Polygon>
        <outerBoundaryIs>
          <LinearRing>
            <coordinates>-82.12731985645367,8.97426778131665,0 -82.1352106618178,8.964300304331442,0 -82.12985559345304,8.952837314817357,0 -82.11660920965336,8.951342763230985,0 -82.10871883024677,8.961311341444262,0 -82.1140744083084,8.972773369946667,0 -82.12731985645367,8.97426778131665,0</coordinates>
          </LinearRing>
        </outerBoundaryIs>
      </Polygon>
    </Placemark>
    <Placemark>
      <name>8766b52c2ffffff</name>
      <styleUrl>#h3_poly_style</styleUrl>
      <Polygon>
        <outerBoundaryIs>
          <LinearRing>
            <coordinates>-82.47717093758723,8.40349080325676,0 -82.48509008077015,8.39344520923014,0 -82.47973629967177,8.381909622346909,0 -82.46646283817229,8.380420568063535,0 -82.45854409040874,8.390467263996202,0 -82.46389840834973,8.402001912233377,0 -82.47717093758723,8.40349080325676,0</coordinates>
          </LinearRing>
        </outerBoundaryIs>
      </Polygon>
    </Placemark>
    <Placemark>
      <name>8766a3926ffffff</name>
      <styleUrl>#h3_poly_style</styleUrl>
      <Polygon>
        <outerBoundaryIs>
          <LinearRing>
            <coordinates>-80.64642075960279,8.19384600510398,0 -80.65426590277987,8.183824165458496,0 -80.64885503419944,8.172252183857115,0 -80.63559861791762,8.170703078465765,0 -80.62775403740747,8.180725973468425,0 -80.63316531013555,8.19229691845416,0 -80.64642075960279,8.19384600510398,0</coordinates>
          </LinearRing>
        </outerBoundaryIs>
      </Polygon>
    </Placemark>
    <Placemark>
      <name>8766b5221ffffff</name>
      <styleUrl>#h3_poly_style</styleUrl>
      <Polygon>
        <outerBoundaryIs>
          <LinearRing>
            <coordinates>-82.39313160381327,8.601543392876685,0 -82.40104245099775,8.591523630765376,0 -82.39568936065034,8.58001334254716,0 -82.38242489263563,8.578523760937335,0 -82.37451444808104,8.588544625672661,0 -82.37986806853628,8.600053969321817,0 -82.39313160381327,8.601543392876685,0</coordinates>
          </LinearRing>
        </outerBoundaryIs>
      </Polygon>
    </Placemark>
    <Placemark>
      <name>8766a14c2ffffff</name>
      <styleUrl>#h3_poly_style</styleUrl>
      <Polygon>
        <outerBoundaryIs>
          <LinearRing>
            <coordinates>-80.28256354039682,7.8443844231139455,0 -80.29039974254975,7.834330803889179,0 -80.28497354549778,7.822714800638914,0 -80.27171076766642,7.821153471142861,0 -80.26387516213913,7.831208131032755,0 -80.26930173744012,7.8428230797071645,0 -80.28256354039682,7.8443844231139455,0</coordinates>
          </LinearRing>
        </outerBoundaryIs>
      </Polygon>
    </Placemark>
    <Placemark>
      <name>8766a514bffffff</name>
      <styleUrl>#h3_poly_style</styleUrl>
      <Polygon>
        <outerBoundaryIs>
          <LinearRing>
            <coordinates>-79.52377169960917,9.072119969322115,0 -79.53153837176507,9.062244395705228,0 -79.5261156295043,9.050784715012073,0 -79.51292589502575,9.049201706119927,0 -79.5051598818292,9.059078322111324,0 -79.51058294378043,9.070536904582063,0 -79.52377169960917,9.072119969322115,0</coordinates>
          </LinearRing>
        </outerBoundaryIs>
      </Polygon>
    </Placemark>
    <Placemark>
      <name>8766a1d36ffffff</name>
      <styleUrl>#h3_poly_style</styleUrl>
      <Polygon>
        <outerBoundaryIs>
          <LinearRing>
            <coordinates>-80.10042448417579,8.576939609866665,0 -80.10823329030603,8.566981886176105,0 -80.10281531071229,8.555458108306441,0 -80.0895881615029,8.553893121302977,0 -80.08177996542993,8.563851893426724,0 -80.08719830813459,8.5753746040759,0 -80.10042448417579,8.576939609866665,0</coordinates>
          </LinearRing>
        </outerBoundaryIs>
      </Polygon>
    </Placemark>
    <Placemark>
      <name>8766a289bffffff</name>
      <styleUrl>#h3_poly_style</styleUrl>
      <Polygon>
        <outerBoundaryIs>
          <LinearRing>
            <coordinates>-81.76157205890723,8.48645592608559,0 -81.76946005116329,8.47643852687804,0 -81.76408545522902,8.464908507046134,0 -81.75082238188699,8.463396864332847,0 -81.74293485033405,8.473415349803332,0 -81.74830993104408,8.484944391659601,0 -81.76157205890723,8.48645592608559,0</coordinates>
          </LinearRing>
        </outerBoundaryIs>
      </Polygon>
    </Placemark>
    <Placemark>
      <name>8766a30adffffff</name>
      <styleUrl>#h3_poly_style</styleUrl>
      <Polygon>
        <outerBoundaryIs>
          <LinearRing>
            <coordinates>-80.91889278427544,7.566881572125274,0 -80.92676645594145,7.55677665928569,0 -80.92135203239877,7.5451269040080255,0 -80.90806351098087,7.543583079663997,0 -80.90019037957964,7.553689043783478,0 -80.90560522895237,7.565337780913208,0 -80.91889278427544,7.566881572125274,0</coordinates>
          </LinearRing>
        </outerBoundaryIs>
      </Polygon>
    </Placemark>
    <Placemark>
      <name>8766a0a13ffffff</name>
      <styleUrl>#h3_poly_style</styleUrl>
      <Polygon>
        <outerBoundaryIs>
          <LinearRing>
            <coordinates>-80.37100472675495,8.674116749948375,0 -80.37882451879494,8.664162693813157,0 -80.37341490598352,8.652651675808695,0 -80.36018511802398,8.65109576706225,0 -80.35236591156286,8.661050879485739,0 -80.35777590710782,8.672560844319207,0 -80.37100472675495,8.674116749948375,0</coordinates>
          </LinearRing>
        </outerBoundaryIs>
      </Polygon>
    </Placemark>
    <Placemark>
      <name>8766b5309ffffff</name>
      <styleUrl>#h3_poly_style</styleUrl>
      <Polygon>
        <outerBoundaryIs>
          <LinearRing>
            <coordinates>-82.36684698726869,8.653110815944537,0 -82.3747554951999,8.643097940681807,0 -82.36940244934553,8.631594237773081,0 -82.35614036714672,8.63010435637738,0 -82.34823226412215,8.640118334332303,0 -82.3535858380149,8.651621090919008,0 -82.36684698726869,8.653110815944537,0</coordinates>
          </LinearRing>
        </outerBoundaryIs>
      </Polygon>
    </Placemark>
    <Placemark>
      <name>8766b56f6ffffff</name>
      <styleUrl>#h3_poly_style</styleUrl>
      <Polygon>
        <outerBoundaryIs>
          <LinearRing>
            <coordinates>-82.93637735220828,8.443791692125538,0 -82.94431281100447,8.433740046734044,0 -82.93897488980458,8.422214064528605,0 -82.9257009397196,8.42074064157881,0 -82.91776583395549,8.430793400163267,0 -82.92310432486966,8.44231846842647,0 -82.93637735220828,8.443791692125538,0</coordinates>
          </LinearRing>
        </outerBoundaryIs>
      </Polygon>
    </Placemark>
    <Placemark>
      <name>8766b5308ffffff</name>
      <styleUrl>#h3_poly_style</styleUrl>
      <Polygon>
        <outerBoundaryIs>
          <LinearRing>
            <coordinates>-82.3854604833665,8.666100645158435,0 -82.39336939446437,8.656088873190631,0 -82.38801716523648,8.644587048287775,0 -82.3747554951999,8.643097940681807,0 -82.36684698726869,8.653110815944537,0 -82.37219974583263,8.664611695446371,0 -82.3854604833665,8.666100645158435,0</coordinates>
          </LinearRing>
        </outerBoundaryIs>
      </Polygon>
    </Placemark>
    <Placemark>
      <name>8766b521cffffff</name>
      <styleUrl>#h3_poly_style</styleUrl>
      <Polygon>
        <outerBoundaryIs>
          <LinearRing>
            <coordinates>-82.46178630930957,8.532863488349765,0 -82.46970157948213,8.522833759186945,0 -82.46434951622595,8.51131501412115,0 -82.45108164713174,8.509826938538266,0 -82.44316677346416,8.51985777100999,0 -82.44851937201068,8.531375575682967,0 -82.46178630930957,8.532863488349765,0</coordinates>
          </LinearRing>
        </outerBoundaryIs>
      </Polygon>
    </Placemark>
    <Placemark>
      <name>8766a062dffffff</name>
      <styleUrl>#h3_poly_style</styleUrl>
      <Polygon>
        <outerBoundaryIs>
          <LinearRing>
            <coordinates>-80.83303970903707,8.324917261090572,0 -80.84089038393334,8.314906011059449,0 -80.83548671415585,8.303351095942588,0 -80.82223195161514,8.301808457984643,0 -80.81438182212051,8.311820769909305,0 -80.81978590938854,8.32337465784494,0 -80.83303970903707,8.324917261090572,0</coordinates>
          </LinearRing>
        </outerBoundaryIs>
      </Polygon>
    </Placemark>
    <Placemark>
      <name>876613caeffffff</name>
      <styleUrl>#h3_poly_style</styleUrl>
      <Polygon>
        <outerBoundaryIs>
          <LinearRing>
            <coordinates>-78.2264188749672,8.089306624360185,0 -78.2341373558374,8.079351206838872,0 -78.22867145799077,8.067772761972023,0 -78.21548685305449,8.066150899522949,0 -78.2077691482713,8.07610731218604,0 -78.21323527196694,8.087684592135199,0 -78.2264188749672,8.089306624360185,0</coordinates>
          </LinearRing>
        </outerBoundaryIs>
      </Polygon>
    </Placemark>
    <Placemark>
      <name>8766a504cffffff</name>
      <styleUrl>#h3_poly_style</styleUrl>
      <Polygon>
        <outerBoundaryIs>
          <LinearRing>
            <coordinates>-79.53549472138141,8.965387578113596,0 -79.5432646836152,8.955497843259499,0 -79.53784033774946,8.944024283103792,0 -79.52464570850722,8.942441555311044,0 -79.51687640465725,8.952332331244625,0 -79.52230107129387,8.96380479385314,0 -79.53549472138141,8.965387578113596,0</coordinates>
          </LinearRing>
        </outerBoundaryIs>
      </Polygon>
    </Placemark>
    <Placemark>
      <name>8766a028dffffff</name>
      <styleUrl>#h3_poly_style</styleUrl>
      <Polygon>
        <outerBoundaryIs>
          <LinearRing>
            <coordinates>-80.58069971053827,8.240832752827703,0 -80.58854053104261,8.230818602318589,0 -80.58312876494355,8.219252464376993,0 -80.56987577876177,8.217701517264132,0 -80.56203552666132,8.227716722315684,0 -80.56744769196234,8.239281819887312,0 -80.58069971053827,8.240832752827703,0</coordinates>
          </LinearRing>
        </outerBoundaryIs>
      </Polygon>
    </Placemark>
    <Placemark>
      <name>8766a0a80ffffff</name>
      <styleUrl>#h3_poly_style</styleUrl>
      <Polygon>
        <outerBoundaryIs>
          <LinearRing>
            <coordinates>-80.45521514813275,8.640507357027586,0 -80.46303988909719,8.630546482055689,0 -80.45763182285822,8.619031262778469,0 -80.44439862629085,8.617477967028195,0 -80.43657446350778,8.627439899767225,0 -80.44198291873589,8.638954070440235,0 -80.45521514813275,8.640507357027586,0</coordinates>
          </LinearRing>
        </outerBoundaryIs>
      </Polygon>
    </Placemark>
    <Placemark>
      <name>8766b5736ffffff</name>
      <styleUrl>#h3_poly_style</styleUrl>
      <Polygon>
        <outerBoundaryIs>
          <LinearRing>
            <coordinates>-82.90004980652667,8.745305793414168,0 -82.90797628024491,8.73529100113303,0 -82.90264228200351,8.723804649476495,0 -82.88938124365309,8.722334008199054,0 -82.88145512563078,8.732349916699912,0 -82.88678968988935,8.74383535018062,0 -82.90004980652667,8.745305793414168,0</coordinates>
          </LinearRing>
        </outerBoundaryIs>
      </Polygon>
    </Placemark>
    <Placemark>
      <name>8766a35adffffff</name>
      <styleUrl>#h3_poly_style</styleUrl>
      <Polygon>
        <outerBoundaryIs>
          <LinearRing>
            <coordinates>-81.32883131098396,7.69140343741024,0 -81.33672051433409,7.681302298239232,0 -81.3313196303789,7.669668977154992,0 -81.31802908710989,7.668137791622874,0 -81.31014038634783,7.678239994258703,0 -81.3155417258878,7.689872318902962,0 -81.32883131098396,7.69140343741024,0</coordinates>
          </LinearRing>
        </outerBoundaryIs>
      </Polygon>
    </Placemark>
    <Placemark>
      <name>8766b56e9ffffff</name>
      <styleUrl>#h3_poly_style</styleUrl>
      <Polygon>
        <outerBoundaryIs>
          <LinearRing>
            <coordinates>-82.80347988683556,8.37434056198952,0 -82.81141219415314,8.364283754010138,0 -82.80606862491527,8.352747320222647,0 -82.79279218755512,8.351268614980047,0 -82.7848602456872,8.361326532111024,0 -82.79020437535466,8.372862045256477,0 -82.80347988683556,8.37434056198952,0</coordinates>
          </LinearRing>
        </outerBoundaryIs>
      </Polygon>
    </Placemark>
    <Placemark>
      <name>8766a5512ffffff</name>
      <styleUrl>#h3_poly_style</styleUrl>
      <Polygon>
        <outerBoundaryIs>
          <LinearRing>
            <coordinates>-80.19202959113042,9.194915291088206,0 -80.19982747625158,9.18503305219294,0 -80.19442247684684,9.173589782070772,0 -80.18121922357619,9.172029814444906,0 -80.17342193797386,9.181913112848214,0 -80.17882730575093,9.193355319322825,0 -80.19202959113042,9.194915291088206,0</coordinates>
          </LinearRing>
        </outerBoundaryIs>
      </Polygon>
    </Placemark>
    <Placemark>
      <name>8766a06f1ffffff</name>
      <styleUrl>#h3_poly_style</styleUrl>
      <Polygon>
        <outerBoundaryIs>
          <LinearRing>
            <coordinates>-80.94840818445054,8.196197501999979,0 -80.9562674580965,8.186167226243956,0 -80.95086467585861,8.174596225140085,0 -80.93760219330785,8.173056520062719,0 -80.92974345509823,8.183087858439501,0 -80.93514666362611,8.194657839218152,0 -80.94840818445054,8.196197501999979,0</coordinates>
          </LinearRing>
        </outerBoundaryIs>
      </Polygon>
    </Placemark>
    <Placemark>
      <name>8766a2aa2ffffff</name>
      <styleUrl>#h3_poly_style</styleUrl>
      <Polygon>
        <outerBoundaryIs>
          <LinearRing>
            <coordinates>-81.48439521649864,8.268992721806157,0 -81.49227676823543,8.258956417709836,0 -81.48689027921448,8.247396758022077,0 -81.47362177281674,8.245874394074738,0 -81.46574070768312,8.25591177469373,0 -81.47112766196726,8.267470442676247,0 -81.48439521649864,8.268992721806157,0</coordinates>
          </LinearRing>
        </outerBoundaryIs>
      </Polygon>
    </Placemark>
    <Placemark>
      <name>8766a5176ffffff</name>
      <styleUrl>#h3_poly_style</styleUrl>
      <Polygon>
        <outerBoundaryIs>
          <LinearRing>
            <coordinates>-79.60977213341663,9.201224173012161,0 -79.61754010373897,9.19136234313151,0 -79.61212153942431,9.179919491628821,0 -79.59893467868787,9.178339563789061,0 -79.59116735923506,9.18820243987076,0 -79.59658624927796,9.199644197551695,0 -79.60977213341663,9.201224173012161,0</coordinates>
          </LinearRing>
        </outerBoundaryIs>
      </Polygon>
    </Placemark>
    <Placemark>
      <name>8766b502dffffff</name>
      <styleUrl>#h3_poly_style</styleUrl>
      <Polygon>
        <outerBoundaryIs>
          <LinearRing>
            <coordinates>-82.59844387739331,8.907625063489421,0 -82.60635491905319,8.897637270282878,0 -82.60101370510317,8.886169583827673,0 -82.58776090529639,8.884690625968043,0 -82.57985024666347,8.89467953042931,0 -82.58519200443678,8.906146281420943,0 -82.59844387739331,8.907625063489421,0</coordinates>
          </LinearRing>
        </outerBoundaryIs>
      </Polygon>
    </Placemark>
    <Placemark>
      <name>8766a219effffff</name>
      <styleUrl>#h3_poly_style</styleUrl>
      <Polygon>
        <outerBoundaryIs>
          <LinearRing>
            <coordinates>-81.94346041925344,8.310448399883096,0 -81.9513604730031,8.300404999991962,0 -81.94598834492511,8.2888532866768,0 -81.93271566418557,8.287345940222844,0 -81.9248160550411,8.297390428131182,0 -81.9301886816545,8.308941174409693,0 -81.94346041925344,8.310448399883096,0</coordinates>
          </LinearRing>
        </outerBoundaryIs>
      </Polygon>
    </Placemark>
    <Placemark>
      <name>8766a504effffff</name>
      <styleUrl>#h3_poly_style</styleUrl>
      <Polygon>
        <outerBoundaryIs>
          <LinearRing>
            <coordinates>-79.55645932802388,8.95707993836842,0 -79.56423060510055,8.94718841827612,0 -79.55880658156194,8.935713761669586,0 -79.5456109582476,8.934131721567594,0 -79.53784033774946,8.944024283103792,0 -79.5432646836152,8.955497843259499,0 -79.55645932802388,8.95707993836842,0</coordinates>
          </LinearRing>
        </outerBoundaryIs>
      </Polygon>
    </Placemark>
    <Placemark>
      <name>876616718ffffff</name>
      <styleUrl>#h3_poly_style</styleUrl>
      <Polygon>
        <outerBoundaryIs>
          <LinearRing>
            <coordinates>-78.86587589538291,9.229909295125287,0 -78.87360282167776,9.220077708989697,0 -78.86816898159383,9.208639807761683,0 -78.85500794373064,9.207034624652033,0 -78.84728173297594,9.216867240289542,0 -78.85271584417542,9.228304009504367,0 -78.86587589538291,9.229909295125287,0</coordinates>
          </LinearRing>
        </outerBoundaryIs>
      </Polygon>
    </Placemark>
    <Placemark>
      <name>8766a5142ffffff</name>
      <styleUrl>#h3_poly_style</styleUrl>
      <Polygon>
        <outerBoundaryIs>
          <LinearRing>
            <coordinates>-79.57725591121091,9.132552372308162,0 -79.58502389269862,9.122682768067541,0 -79.57960339880144,9.111230936645189,0 -79.56641459955702,9.109649804904882,0 -79.55864727208132,9.119520453626157,0 -79.5640680894667,9.130971189568063,0 -79.57725591121091,9.132552372308162,0</coordinates>
          </LinearRing>
        </outerBoundaryIs>
      </Polygon>
    </Placemark>
    <Placemark>
      <name>8766b52f2ffffff</name>
      <styleUrl>#h3_poly_style</styleUrl>
      <Polygon>
        <outerBoundaryIs>
          <LinearRing>
            <coordinates>-82.51185343338356,8.451099800646233,0 -82.5197727168538,8.441059051602497,0 -82.5144208715062,8.429530000948372,0 -82.50114920313405,8.428042636367186,0 -82.49323031177546,8.438084488783568,0 -82.49858269630204,8.449612602335245,0 -82.51185343338356,8.451099800646233,0</coordinates>
          </LinearRing>
        </outerBoundaryIs>
      </Polygon>
    </Placemark>
    <Placemark>
      <name>8766a3dabffffff</name>
      <styleUrl>#h3_poly_style</styleUrl>
      <Polygon>
        <outerBoundaryIs>
          <LinearRing>
            <coordinates>-81.16960349814939,8.024641688752922,0 -81.17747719652316,8.01458450170618,0 -81.17207754955895,8.002992439302531,0 -81.15880376087577,8.001458571248001,0 -81.15093057848708,8.011516823464719,0 -81.15633066841882,8.023107878508762,0 -81.16960349814939,8.024641688752922,0</coordinates>
          </LinearRing>
        </outerBoundaryIs>
      </Polygon>
    </Placemark>
    <Placemark>
      <name>8766b190effffff</name>
      <styleUrl>#h3_poly_style</styleUrl>
      <Polygon>
        <outerBoundaryIs>
          <LinearRing>
            <coordinates>-82.5882939925693,8.317490590631719,0 -82.59621960204771,8.307432094795088,0 -82.59086795845674,8.29588623853284,0 -82.57759015986205,8.29439980998233,0 -82.5696649357957,8.304459409136834,0 -82.57501712453625,8.31600433344995,0 -82.5882939925693,8.317490590631719,0</coordinates>
          </LinearRing>
        </outerBoundaryIs>
      </Polygon>
    </Placemark>
    <Placemark>
      <name>8766a25b5ffffff</name>
      <styleUrl>#h3_poly_style</styleUrl>
      <Polygon>
        <outerBoundaryIs>
          <LinearRing>
            <coordinates>-82.33908863115236,8.377044150467295,0 -82.34700302914659,8.366998773984468,0 -82.34164437027691,8.355458588337987,0 -82.32837078607075,8.35396472507414,0 -82.32045679624794,8.36401119985264,0 -82.325815982084,8.375550439528121,0 -82.33908863115236,8.377044150467295,0</coordinates>
          </LinearRing>
        </outerBoundaryIs>
      </Polygon>
    </Placemark>
    <Placemark>
      <name>8766a3acaffffff</name>
      <styleUrl>#h3_poly_style</styleUrl>
      <Polygon>
        <outerBoundaryIs>
          <LinearRing>
            <coordinates>-80.4292353520384,7.432557846068737,0 -80.43708904018102,7.422450620589294,0 -80.43165942884885,7.410784122179062,0 -80.41837573891625,7.409225893395419,0 -80.41052263577103,7.419334155642483,0 -80.41595263718183,7.430999609857705,0 -80.4292353520384,7.432557846068737,0</coordinates>
          </LinearRing>
        </outerBoundaryIs>
      </Polygon>
    </Placemark>
    <Placemark>
      <name>8766a231effffff</name>
      <styleUrl>#h3_poly_style</styleUrl>
      <Polygon>
        <outerBoundaryIs>
          <LinearRing>
            <coordinates>-81.5516952065503,8.035706035386314,0 -81.55958555770835,8.025639921294175,0 -81.55419701656388,8.014050788763015,0 -81.54091765301435,8.012528756845354,0 -81.5330277830506,8.022595945452856,0 -81.53841679506445,8.03418409140089,0 -81.5516952065503,8.035706035386314,0</coordinates>
          </LinearRing>
        </outerBoundaryIs>
      </Polygon>
    </Placemark>
    <Placemark>
      <name>8766a515affffff</name>
      <styleUrl>#h3_poly_style</styleUrl>
      <Polygon>
        <outerBoundaryIs>
          <LinearRing>
            <coordinates>-79.60291128299158,9.08160897953112,0 -79.61068188896118,9.07173190952569,0 -79.60526108059402,9.060273411354343,0 -79.59206934040948,9.058693077277207,0 -79.58429938641429,9.06857119162592,0 -79.58972052025763,9.080028595669221,0 -79.60291128299158,9.08160897953112,0</coordinates>
          </LinearRing>
        </outerBoundaryIs>
      </Polygon>
    </Placemark>
    <Placemark>
      <name>8766b1d64ffffff</name>
      <styleUrl>#h3_poly_style</styleUrl>
      <Polygon>
        <outerBoundaryIs>
          <LinearRing>
            <coordinates>-82.8722962796503,8.305391203166758,0 -82.88023288854802,8.295324659535165,0 -82.87489044725918,8.28377986467075,0 -82.86161083107808,8.28230252968865,0 -82.85367458144115,8.292370183137567,0 -82.85901758834927,8.303914061673986,0 -82.8722962796503,8.305391203166758,0</coordinates>
          </LinearRing>
        </outerBoundaryIs>
      </Polygon>
    </Placemark>
    <Placemark>
      <name>8766b1d25ffffff</name>
      <styleUrl>#h3_poly_style</styleUrl>
      <Polygon>
        <outerBoundaryIs>
          <LinearRing>
            <coordinates>-82.98399828171581,8.383461237548529,0 -82.99193700946444,8.37340136571812,0 -82.9865996729147,8.361867931722907,0 -82.97332303489452,8.36039528033799,0 -82.96538465591776,8.370456265665165,0 -82.97072256581458,8.381988788801895,0 -82.98399828171581,8.383461237548529,0</coordinates>
          </LinearRing>
        </outerBoundaryIs>
      </Polygon>
    </Placemark>
    <Placemark>
      <name>8766a5172ffffff</name>
      <styleUrl>#h3_poly_style</styleUrl>
      <Polygon>
        <outerBoundaryIs>
          <LinearRing>
            <coordinates>-79.61212153942431,9.179919491628821,0 -79.61989016676812,9.170054819058517,0 -79.61447128299397,9.158609172732003,0 -79.60128344555955,9.157029292630899,0 -79.59351546896853,9.16689501115713,0 -79.59893467868787,9.178339563789061,0 -79.61212153942431,9.179919491628821,0</coordinates>
          </LinearRing>
        </outerBoundaryIs>
      </Polygon>
    </Placemark>
    <Placemark>
      <name>8766b531dffffff</name>
      <styleUrl>#h3_poly_style</styleUrl>
      <Polygon>
        <outerBoundaryIs>
          <LinearRing>
            <coordinates>-82.42524289852469,8.67056470301198,0 -82.43315325566806,8.660552473538134,0 -82.4278023762871,8.64905158602208,0 -82.41454060720092,8.64756387119167,0 -82.40663064956495,8.657577204943067,0 -82.41198206113307,8.669077149174916,0 -82.42524289852469,8.67056470301198,0</coordinates>
          </LinearRing>
        </outerBoundaryIs>
      </Polygon>
    </Placemark>
    <Placemark>
      <name>8766a5634ffffff</name>
      <styleUrl>#h3_poly_style</styleUrl>
      <Polygon>
        <outerBoundaryIs>
          <LinearRing>
            <coordinates>-79.91558118104994,8.794059248476648,0 -79.92337518525768,8.78413488499762,0 -79.91795656280081,8.772638990392998,0 -79.90474358672034,8.77106853669491,0 -79.89695020810478,8.780993947569343,0 -79.90236917960416,8.79248876470366,0 -79.91558118104994,8.794059248476648,0</coordinates>
          </LinearRing>
        </outerBoundaryIs>
      </Polygon>
    </Placemark>
    <Placemark>
      <name>8766a06c8ffffff</name>
      <styleUrl>#h3_poly_style</styleUrl>
      <Polygon>
        <outerBoundaryIs>
          <LinearRing>
            <coordinates>-80.89731694250246,8.113636833115029,0 -80.90517591698094,8.103597986033687,0 -80.89977032741477,8.092016383935455,0 -80.88650534022426,8.090474651520033,0 -80.87864690608116,8.100514558674861,0 -80.88405291841603,8.112095138117583,0 -80.89731694250246,8.113636833115029,0</coordinates>
          </LinearRing>
        </outerBoundaryIs>
      </Polygon>
    </Placemark>
    <Placemark>
      <name>8766a2a25ffffff</name>
      <styleUrl>#h3_poly_style</styleUrl>
      <Polygon>
        <outerBoundaryIs>
          <LinearRing>
            <coordinates>-81.29412939004587,8.345524673481027,0 -81.30200061771811,8.33550284990281,0 -81.29660999775557,8.32395215853646,0 -81.28334769858742,8.32242429312126,0 -81.27547697455904,8.332447189862775,0 -81.28086804567843,8.343996878797233,0 -81.29412939004587,8.345524673481027,0</coordinates>
          </LinearRing>
        </outerBoundaryIs>
      </Polygon>
    </Placemark>
    <Placemark>
      <name>8766a2561ffffff</name>
      <styleUrl>#h3_poly_style</styleUrl>
      <Polygon>
        <outerBoundaryIs>
          <LinearRing>
            <coordinates>-82.00191828555232,8.328020681989475,0 -82.00982031177863,8.31797789362673,0 -82.00445027383849,8.306428843581852,0 -81.99117770657493,8.304923545806723,0 -81.98327611955658,8.314967423823228,0 -81.98864666021746,8.326515509893845,0 -82.00191828555232,8.328020681989475,0</coordinates>
          </LinearRing>
        </outerBoundaryIs>
      </Polygon>
    </Placemark>
    <Placemark>
      <name>8766a0a68ffffff</name>
      <styleUrl>#h3_poly_style</styleUrl>
      <Polygon>
        <outerBoundaryIs>
          <LinearRing>
            <coordinates>-80.11667648341587,8.611498248086638,0 -80.12448524022537,8.601544344275819,0 -80.11906825512901,8.59002500511735,0 -80.10584214862487,8.588460636179866,0 -80.09803400029257,8.598415589341068,0 -80.1034513496128,8.609933862044306,0 -80.11667648341587,8.611498248086638,0</coordinates>
          </LinearRing>
        </outerBoundaryIs>
      </Polygon>
    </Placemark>
    <Placemark>
      <name>8766b5200ffffff</name>
      <styleUrl>#h3_poly_style</styleUrl>
      <Polygon>
        <outerBoundaryIs>
          <LinearRing>
            <coordinates>-82.43804387290383,8.562944274874353,0 -82.44595745577836,8.552918747092251,0 -82.44060514377537,8.541403756859332,0 -82.42733871504637,8.53991523621928,0 -82.41942553077993,8.549941867158891,0 -82.42477837625937,8.561455915508573,0 -82.43804387290383,8.562944274874353,0</coordinates>
          </LinearRing>
        </outerBoundaryIs>
      </Polygon>
    </Placemark>
    <Placemark>
      <name>8766a0a74ffffff</name>
      <styleUrl>#h3_poly_style</styleUrl>
      <Polygon>
        <outerBoundaryIs>
          <LinearRing>
            <coordinates>-80.2098775547734,8.676876497549827,0 -80.21768932833405,8.666927850074144,0 -80.21227575643863,8.655416988875098,0 -80.1990500396978,8.653855836808662,0 -80.19123886606883,8.663805536825388,0 -80.19665280887467,8.675315336321265,0 -80.2098775547734,8.676876497549827,0</coordinates>
          </LinearRing>
        </outerBoundaryIs>
      </Polygon>
    </Placemark>
    <Placemark>
      <name>8766b566bffffff</name>
      <styleUrl>#h3_poly_style</styleUrl>
      <Polygon>
        <outerBoundaryIs>
          <LinearRing>
            <coordinates>-82.67626106950523,8.42576966166441,0 -82.6841872912286,8.415721946399776,0 -82.67884038272707,8.40419105481081,0 -82.66556670102395,8.40270880638443,0 -82.65764085634996,8.41275762852386,0 -82.66298831595454,8.42428759213976,0 -82.67626106950523,8.42576966166441,0</coordinates>
          </LinearRing>
        </outerBoundaryIs>
      </Polygon>
    </Placemark>
    <Placemark>
      <name>8766a28d6ffffff</name>
      <styleUrl>#h3_poly_style</styleUrl>
      <Polygon>
        <outerBoundaryIs>
          <LinearRing>
            <coordinates>-81.68200086506117,8.477380002327083,0 -81.68988570297682,8.467363627643477,0 -81.6845085846962,8.455831949172756,0 -81.6712461491021,8.454317627540725,0 -81.66336177916675,8.464335086486416,0 -81.66873937646915,8.475865782738412,0 -81.68200086506117,8.477380002327083,0</coordinates>
          </LinearRing>
        </outerBoundaryIs>
      </Polygon>
    </Placemark>
    <Placemark>
      <name>8766a2a82ffffff</name>
      <styleUrl>#h3_poly_style</styleUrl>
      <Polygon>
        <outerBoundaryIs>
          <LinearRing>
            <coordinates>-81.51053868211565,8.217275552397595,0 -81.51842267603487,8.207232306435332,0 -81.5130360559613,8.195666140090394,0 -81.49976497426786,8.194144209623524,0 -81.49188146473313,8.204188531943139,0 -81.49726855213032,8.21575370831086,0 -81.51053868211565,8.217275552397595,0</coordinates>
          </LinearRing>
        </outerBoundaryIs>
      </Polygon>
    </Placemark>
    <Placemark>
      <name>8766b5b43ffffff</name>
      <styleUrl>#h3_poly_style</styleUrl>
      <Polygon>
        <outerBoundaryIs>
          <LinearRing>
            <coordinates>-82.10871883024677,8.961311341444262,0 -82.11660920965336,8.951342763230985,0 -82.11125334156824,8.939877888542611,0 -82.09800658530528,8.938382553935309,0 -82.090116633589,8.948352232788952,0 -82.09547301007137,8.959816145540564,0 -82.10871883024677,8.961311341444262,0</coordinates>
          </LinearRing>
        </outerBoundaryIs>
      </Polygon>
    </Placemark>
    <Placemark>
      <name>8766a3181ffffff</name>
      <styleUrl>#h3_poly_style</styleUrl>
      <Polygon>
        <outerBoundaryIs>
          <LinearRing>
            <coordinates>-80.96514566576458,7.693378500493934,0 -80.97301831648608,7.68328732075939,0 -80.96760732687721,7.671653265984125,0 -80.95432325728041,7.670111407342523,0 -80.94645114219732,7.680203641722351,0 -80.9518625606939,7.691836680043972,0 -80.96514566576458,7.693378500493934,0</coordinates>
          </LinearRing>
        </outerBoundaryIs>
      </Polygon>
    </Placemark>
    <Placemark>
      <name>87661629effffff</name>
      <styleUrl>#h3_poly_style</styleUrl>
      <Polygon>
        <outerBoundaryIs>
          <LinearRing>
            <coordinates>-78.62411552560292,9.060188217463262,0 -78.63183301993658,9.050343296488455,0 -78.6263914819546,9.03888427135197,0 -78.61323219561613,9.037271311697614,0 -78.60551543846896,9.047117254025938,0 -78.61095723010517,9.05857513462787,0 -78.62411552560292,9.060188217463262,0</coordinates>
          </LinearRing>
        </outerBoundaryIs>
      </Polygon>
    </Placemark>
    <Placemark>
      <name>8766a20a4ffffff</name>
      <styleUrl>#h3_poly_style</styleUrl>
      <Polygon>
        <outerBoundaryIs>
          <LinearRing>
            <coordinates>-81.88752392064288,8.271266897368944,0 -81.89542263535043,8.261220235322714,0 -81.89004813402894,8.249663101718117,0 -81.8767744230254,8.248153599915948,0 -81.86887615814962,8.258201348080613,0 -81.87425115406897,8.269757511863117,0 -81.88752392064288,8.271266897368944,0</coordinates>
          </LinearRing>
        </outerBoundaryIs>
      </Polygon>
    </Placemark>
    <Placemark>
      <name>8766a1db5ffffff</name>
      <styleUrl>#h3_poly_style</styleUrl>
      <Polygon>
        <outerBoundaryIs>
          <LinearRing>
            <coordinates>-80.20802449418757,8.51345365233097,0 -80.21584026955965,8.503484590381387,0 -80.21042381496572,8.491952744954414,0 -80.19719121346178,8.490391022757601,0 -80.18937603881575,8.50036113469877,0 -80.1947928645727,8.511891918799087,0 -80.20802449418757,8.51345365233097,0</coordinates>
          </LinearRing>
        </outerBoundaryIs>
      </Polygon>
    </Placemark>
    <Placemark>
      <name>8766a5076ffffff</name>
      <styleUrl>#h3_poly_style</styleUrl>
      <Polygon>
        <outerBoundaryIs>
          <LinearRing>
            <coordinates>-79.62622506654223,9.051973147714842,0 -79.6339976377474,9.042091457462833,0 -79.62857683684612,9.030629083155109,0 -79.61538313711935,9.029049491960471,0 -79.60761121596492,9.03893222666762,0 -79.61303234411473,9.050393508074743,0 -79.62622506654223,9.051973147714842,0</coordinates>
          </LinearRing>
        </outerBoundaryIs>
      </Polygon>
    </Placemark>
    <Placemark>
      <name>8766a0061ffffff</name>
      <styleUrl>#h3_poly_style</styleUrl>
      <Polygon>
        <outerBoundaryIs>
          <LinearRing>
            <coordinates>-80.55810045210401,8.619926951344478,0 -80.56593068050675,8.609960350703377,0 -80.56052489240751,8.598442673190016,0 -80.54728847895095,8.596892639339943,0 -80.53945881959848,8.606860299862763,0 -80.54486500427728,8.618376934303534,0 -80.55810045210401,8.619926951344478,0</coordinates>
          </LinearRing>
        </outerBoundaryIs>
      </Polygon>
    </Placemark>
    <Placemark>
      <name>8766a50f5ffffff</name>
      <styleUrl>#h3_poly_style</styleUrl>
      <Polygon>
        <outerBoundaryIs>
          <LinearRing>
            <coordinates>-79.7334391299793,8.98907626003782,0 -79.74121886934952,8.97918284258642,0 -79.73579940953802,8.967712239785099,0 -79.7225998747364,8.966136141669228,0 -79.71482077624559,8.976030605149802,0 -79.72024057130471,8.987500120676314,0 -79.7334391299793,8.98907626003782,0</coordinates>
          </LinearRing>
        </outerBoundaryIs>
      </Polygon>
    </Placemark>
    <Placemark>
      <name>8766b5aa6ffffff</name>
      <styleUrl>#h3_poly_style</styleUrl>
      <Polygon>
        <outerBoundaryIs>
          <LinearRing>
            <coordinates>-82.39455710404033,8.92829252840307,0 -82.40245972672152,8.918312425400385,0 -82.39711228497694,8.906845589347235,0 -82.38386169107577,8.905359802722344,0 -82.37595947005101,8.915341012540383,0 -82.3813074408972,8.926806902095722,0 -82.39455710404033,8.92829252840307,0</coordinates>
          </LinearRing>
        </outerBoundaryIs>
      </Polygon>
    </Placemark>
    <Placemark>
      <name>8766b5b5cffffff</name>
      <styleUrl>#h3_poly_style</styleUrl>
      <Polygon>
        <outerBoundaryIs>
          <LinearRing>
            <coordinates>-82.12985559345304,8.952837314817357,0 -82.13774704452838,8.942867131902554,0 -82.13239168639325,8.931401296448003,0 -82.11914436685879,8.929906604605252,0 -82.11125334156824,8.939877888542611,0 -82.11660920965336,8.951342763230985,0 -82.12985559345304,8.952837314817357,0</coordinates>
          </LinearRing>
        </outerBoundaryIs>
      </Polygon>
    </Placemark>
    <Placemark>
      <name>8766a3c46ffffff</name>
      <styleUrl>#h3_poly_style</styleUrl>
      <Polygon>
        <outerBoundaryIs>
          <LinearRing>
            <coordinates>-80.98529231362708,7.871609998621422,0 -80.99316143075728,7.861539524810751,0 -80.98775405881672,7.849927699750519,0 -80.9744771394873,7.848387364928824,0 -80.96660855556331,7.858458896932561,0 -80.9720163573844,7.870069705510028,0 -80.98529231362708,7.871609998621422,0</coordinates>
          </LinearRing>
        </outerBoundaryIs>
      </Polygon>
    </Placemark>
    <Placemark>
      <name>8766a5a20ffffff</name>
      <styleUrl>#h3_poly_style</styleUrl>
      <Polygon>
        <outerBoundaryIs>
          <LinearRing>
            <coordinates>-79.25387315299159,9.158406481563434,0 -79.26162322193153,9.148551539668203,0 -79.25619612139458,9.137103438975235,0 -79.24301865183145,9.135511392308327,0 -79.23526926507556,9.145367371594514,0 -79.24069666532837,9.156814360121558,0 -79.25387315299159,9.158406481563434,0</coordinates>
          </LinearRing>
        </outerBoundaryIs>
      </Polygon>
    </Placemark>
    <Placemark>
      <name>8766a5073ffffff</name>
      <styleUrl>#h3_poly_style</styleUrl>
      <Polygon>
        <outerBoundaryIs>
          <LinearRing>
            <coordinates>-79.6099616891692,9.017585429284603,0 -79.61773426804,9.0076998650007,0 -79.61231250027181,8.996233023027251,0 -79.5991178271333,8.994652839018151,0 -79.5913458998865,9.004539446880209,0 -79.5967679937824,9.016005195133904,0 -79.6099616891692,9.017585429284603,0</coordinates>
          </LinearRing>
        </outerBoundaryIs>
      </Polygon>
    </Placemark>
    <Placemark>
      <name>8766a2131ffffff</name>
      <styleUrl>#h3_poly_style</styleUrl>
      <Polygon>
        <outerBoundaryIs>
          <LinearRing>
            <coordinates>-81.76659920624597,8.443355618377188,0 -81.77448849858493,8.433332859657728,0 -81.76911331202349,8.42179726422227,0 -81.75584834747241,8.420285404894095,0 -81.74795951550527,8.430309249380135,0 -81.75333518734128,8.441843867363167,0 -81.76659920624597,8.443355618377188,0</coordinates>
          </LinearRing>
        </outerBoundaryIs>
      </Polygon>
    </Placemark>
    <Placemark>
      <name>8766a0a83ffffff</name>
      <styleUrl>#h3_poly_style</styleUrl>
      <Polygon>
        <outerBoundaryIs>
          <LinearRing>
            <coordinates>-80.45763182285822,8.619031262778469,0 -80.46545721995696,8.609067630154371,0 -80.4600488428183,8.597549644326747,0 -80.44681467898616,8.595996339481017,0 -80.43898985993235,8.605961029607545,0 -80.44439862629085,8.617477967028195,0 -80.45763182285822,8.619031262778469,0</coordinates>
          </LinearRing>
        </outerBoundaryIs>
      </Polygon>
    </Placemark>
    <Placemark>
      <name>8766b56e6ffffff</name>
      <styleUrl>#h3_poly_style</styleUrl>
      <Polygon>
        <outerBoundaryIs>
          <LinearRing>
            <coordinates>-82.87535200203578,8.447945781496932,0 -82.88328511093853,8.437896036276365,0 -82.87794520421245,8.4263699831775,0 -82.86467162288511,8.424894592521856,0 -82.85673887263414,8.434945449567191,0 -82.86207934468402,8.446470585366,0 -82.87535200203578,8.447945781496932,0</coordinates>
          </LinearRing>
        </outerBoundaryIs>
      </Polygon>
    </Placemark>
    <Placemark>
      <name>8766a50e5ffffff</name>
      <styleUrl>#h3_poly_style</styleUrl>
      <Polygon>
        <outerBoundaryIs>
          <LinearRing>
            <coordinates>-79.67287030978238,8.992659943882664,0 -79.6806468059651,8.982769034166681,0 -79.67522602591659,8.971298917611948,0 -79.66202841851702,8.96972080116275,0 -79.65425256853116,8.979612755553264,0 -79.6596736793759,8.99108178167838,0 -79.67287030978238,8.992659943882664,0</coordinates>
          </LinearRing>
        </outerBoundaryIs>
      </Polygon>
    </Placemark>
    <Placemark>
      <name>8766b5708ffffff</name>
      <styleUrl>#h3_poly_style</styleUrl>
      <Polygon>
        <outerBoundaryIs>
          <LinearRing>
            <coordinates>-82.81223637338174,8.637460975611015,0 -82.82016233584515,8.627435320229086,0 -82.81482355240867,8.615933696187781,0 -82.80155824601906,8.614458649601739,0 -82.79363264758439,8.624485417816508,0 -82.79897199113645,8.63598611970766,0 -82.81223637338174,8.637460975611015,0</coordinates>
          </LinearRing>
        </outerBoundaryIs>
      </Polygon>
    </Placemark>
    <Placemark>
      <name>8766b524bffffff</name>
      <styleUrl>#h3_poly_style</styleUrl>
      <Polygon>
        <outerBoundaryIs>
          <LinearRing>
            <coordinates>-82.27553542219465,8.4026880687107,0 -82.28344664888465,8.392647334030016,0 -82.27808641379393,8.381109989933282,0 -82.26481442934924,8.379614330052298,0 -82.2569036165953,8.389656161894788,0 -82.26226437397413,8.401192556385967,0 -82.27553542219465,8.4026880687107,0</coordinates>
          </LinearRing>
        </outerBoundaryIs>
      </Polygon>
    </Placemark>
    <Placemark>
      <name>8766a570dffffff</name>
      <styleUrl>#h3_poly_style</styleUrl>
      <Polygon>
        <outerBoundaryIs>
          <LinearRing>
            <coordinates>-79.81057983477186,8.835795624231478,0 -79.81836740380865,8.825880029787488,0 -79.81294705174231,8.814389533698034,0 -79.79973878902419,8.81281571505734,0 -79.7919518546925,8.822732355064819,0 -79.79737254800085,8.834221768107952,0 -79.81057983477186,8.835795624231478,0</coordinates>
          </LinearRing>
        </outerBoundaryIs>
      </Polygon>
    </Placemark>
    <Placemark>
      <name>8766a505bffffff</name>
      <styleUrl>#h3_poly_style</styleUrl>
      <Polygon>
        <outerBoundaryIs>
          <LinearRing>
            <coordinates>-79.60074598040885,8.919085310268127,0 -79.60852053981561,8.909187403730993,0 -79.6030968454772,8.897707787992067,0 -79.58989826570202,8.896127172862215,0 -79.58212435914291,8.90602612130897,0 -79.58754837913912,8.917504642936864,0 -79.60074598040885,8.919085310268127,0</coordinates>
          </LinearRing>
        </outerBoundaryIs>
      </Polygon>
    </Placemark>
    <Placemark>
      <name>8766a14a1ffffff</name>
      <styleUrl>#h3_poly_style</styleUrl>
      <Polygon>
        <outerBoundaryIs>
          <LinearRing>
            <coordinates>-80.34765194279107,7.983649136540542,0 -80.35548787626178,7.973610490988316,0 -80.35006571618513,7.962011794573365,0 -80.33680723955347,7.960452795404567,0 -80.32897189634816,7.97049248562179,0 -80.3343944391321,7.982090130295507,0 -80.34765194279107,7.983649136540542,0</coordinates>
          </LinearRing>
        </outerBoundaryIs>
      </Polygon>
    </Placemark>
    <Placemark>
      <name>8766b56c1ffffff</name>
      <styleUrl>#h3_poly_style</styleUrl>
      <Polygon>
        <outerBoundaryIs>
          <LinearRing>
            <coordinates>-82.86451594825343,8.370192734159204,0 -82.87245062751407,8.360134024132734,0 -82.86710903021253,8.348597642149906,0 -82.85383218844841,8.347120887393192,0 -82.84589786901766,8.357180707943243,0 -82.85124003114612,8.36871617264919,0 -82.86451594825343,8.370192734159204,0</coordinates>
          </LinearRing>
        </outerBoundaryIs>
      </Polygon>
    </Placemark>
    <Placemark>
      <name>8766a5a90ffffff</name>
      <styleUrl>#h3_poly_style</styleUrl>
      <Polygon>
        <outerBoundaryIs>
          <LinearRing>
            <coordinates>-79.48654744485181,9.046034354113472,0 -79.49431279740172,9.036156696368304,0 -79.48888877506319,9.024693654969841,0 -79.47569908279073,9.023109371416492,0 -79.46793439257452,9.032988070293579,0 -79.47335873192563,9.044450011554279,0 -79.48654744485181,9.046034354113472,0</coordinates>
          </LinearRing>
        </outerBoundaryIs>
      </Polygon>
    </Placemark>
    <Placemark>
      <name>8766a575affffff</name>
      <styleUrl>#h3_poly_style</styleUrl>
      <Polygon>
        <outerBoundaryIs>
          <LinearRing>
            <coordinates>-79.78278374451591,8.723987210359084,0 -79.79057267541363,8.714058324004355,0 -79.78514973182374,8.70255342743827,0 -79.77193751751784,8.700978501496166,0 -79.76414922423714,8.710908431067137,0 -79.769572507272,8.722412243322852,0 -79.78278374451591,8.723987210359084,0</coordinates>
          </LinearRing>
        </outerBoundaryIs>
      </Polygon>
    </Placemark>
    <Placemark>
      <name>8766a1d70ffffff</name>
      <styleUrl>#h3_poly_style</styleUrl>
      <Polygon>
        <outerBoundaryIs>
          <LinearRing>
            <coordinates>-79.95124772405164,8.472173305483803,0 -79.95905160188848,8.462207212421482,0 -79.95362822509068,8.450670054051978,0 -79.94040061769448,8.44910006353218,0 -79.9325973635798,8.459067199844576,0 -79.9380210927646,8.47060328338376,0 -79.95124772405164,8.472173305483803,0</coordinates>
          </LinearRing>
        </outerBoundaryIs>
      </Polygon>
    </Placemark>
    <Placemark>
      <name>8766a56ceffffff</name>
      <styleUrl>#h3_poly_style</styleUrl>
      <Polygon>
        <outerBoundaryIs>
          <LinearRing>
            <coordinates>-79.88341653351569,8.54032236084531,0 -79.89121523994103,8.530366996841583,0 -79.8857914461436,8.518838542595851,0 -79.8725685983005,8.51726653091611,0 -79.86477052133763,8.52722293764554,0 -79.87019466238118,8.538750313286844,0 -79.88341653351569,8.54032236084531,0</coordinates>
          </LinearRing>
        </outerBoundaryIs>
      </Polygon>
    </Placemark>
    <Placemark>
      <name>8766a561affffff</name>
      <styleUrl>#h3_poly_style</styleUrl>
      <Polygon>
        <outerBoundaryIs>
          <LinearRing>
            <coordinates>-79.92983858529607,8.665454368082726,0 -79.93763653674834,8.655513260283582,0 -79.93221601299982,8.644000804936518,0 -79.91899718704707,8.642430533800052,0 -79.91119986044113,8.652372687375305,0 -79.91662073456776,8.663884066268068,0 -79.92983858529607,8.665454368082726,0</coordinates>
          </LinearRing>
        </outerBoundaryIs>
      </Polygon>
    </Placemark>
    <Placemark>
      <name>876612924ffffff</name>
      <styleUrl>#h3_poly_style</styleUrl>
      <Polygon>
        <outerBoundaryIs>
          <LinearRing>
            <coordinates>-78.56831398282989,9.02096876655793,0 -78.57602926061641,9.011120783427728,0 -78.57058597307012,8.999656951474156,0 -78.55742715775034,8.998042250048911,0 -78.54971262213732,9.007891252625216,0 -78.5551561593021,9.01935393715415,0 -78.56831398282989,9.02096876655793,0</coordinates>
          </LinearRing>
        </outerBoundaryIs>
      </Polygon>
    </Placemark>
    <Placemark>
      <name>8766107aaffffff</name>
      <styleUrl>#h3_poly_style</styleUrl>
      <Polygon>
        <outerBoundaryIs>
          <LinearRing>
            <coordinates>-78.03542081944185,8.5766816355895,0 -78.04311589053995,8.566795766998125,0 -78.03765520056457,8.555278741370426,0 -78.02449922804564,8.553648759356292,0 -78.01680494691061,8.563535627458647,0 -78.02226584796362,8.575051478044793,0 -78.03542081944185,8.5766816355895,0</coordinates>
          </LinearRing>
        </outerBoundaryIs>
      </Polygon>
    </Placemark>
    <Placemark>
      <name>8766a20aeffffff</name>
      <styleUrl>#h3_poly_style</styleUrl>
      <Polygon>
        <outerBoundaryIs>
          <LinearRing>
            <coordinates>-81.87392246322068,8.214982558523229,0 -81.88182202877596,8.204929503464955,0 -81.87644614969479,8.193365032744136,0 -81.86317021089438,8.191854587205956,0 -81.8552710965764,8.201908727223335,0 -81.86064746944467,8.213472227754105,0 -81.87392246322068,8.214982558523229,0</coordinates>
          </LinearRing>
        </outerBoundaryIs>
      </Polygon>
    </Placemark>
    <Placemark>
      <name>8766b5909ffffff</name>
      <styleUrl>#h3_poly_style</styleUrl>
      <Polygon>
        <outerBoundaryIs>
          <LinearRing>
            <coordinates>-82.42546927110114,9.343612176991176,0 -82.43336255566435,9.33368252941478,0 -82.42802323788234,9.322272166247418,0 -82.41479010525654,9.320792397596342,0 -82.4068972184555,9.330723157468693,0 -82.41223706614583,9.342132573623317,0 -82.42546927110114,9.343612176991176,0</coordinates>
          </LinearRing>
        </outerBoundaryIs>
      </Polygon>
    </Placemark>
    <Placemark>
      <name>8766b52c4ffffff</name>
      <styleUrl>#h3_poly_style</styleUrl>
      <Polygon>
        <outerBoundaryIs>
          <LinearRing>
            <coordinates>-82.45341688169505,8.433619232258048,0 -82.46133433780713,8.423577815677568,0 -82.4559803064477,8.41204596955196,0 -82.4427082835742,8.410556480088152,0 -82.43479122498795,8.420598998433318,0 -82.44014579137387,8.432129904405043,0 -82.45341688169505,8.433619232258048,0</coordinates>
          </LinearRing>
        </outerBoundaryIs>
      </Polygon>
    </Placemark>
    <Placemark>
      <name>8766b5319ffffff</name>
      <styleUrl>#h3_poly_style</styleUrl>
      <Polygon>
        <outerBoundaryIs>
          <LinearRing>
            <coordinates>-82.4278023762871,8.64905158602208,0 -82.43571337843369,8.639036692722263,0 -82.43036221254113,8.62753298060797,0 -82.41709951168235,8.626045104727986,0 -82.4091889088635,8.636061102084296,0 -82.41454060720092,8.64756387119167,0 -82.4278023762871,8.64905158602208,0</coordinates>
          </LinearRing>
        </outerBoundaryIs>
      </Polygon>
    </Placemark>
    <Placemark>
      <name>8766b595affffff</name>
      <styleUrl>#h3_poly_style</styleUrl>
      <Polygon>
        <outerBoundaryIs>
          <LinearRing>
            <coordinates>-82.39597962515327,9.25377620525291,0 -82.40387404040429,9.243836171644213,0 -82.3985322353617,9.232413279831235,0 -82.38529548659722,9.23093136969654,0 -82.37740147203269,9.240872513947602,0 -82.38274380517353,9.252294457618545,0 -82.39597962515327,9.25377620525291,0</coordinates>
          </LinearRing>
        </outerBoundaryIs>
      </Polygon>
    </Placemark>
    <Placemark>
      <name>8766a5525ffffff</name>
      <styleUrl>#h3_poly_style</styleUrl>
      <Polygon>
        <outerBoundaryIs>
          <LinearRing>
            <coordinates>-80.06368556249902,9.266104332355715,0 -80.07147523751374,9.256235502893318,0 -80.06606836539038,9.24480144607938,0 -80.05287145906107,9.243237289063016,0 -80.04508239465564,9.25310717603902,0 -80.05048962559829,9.264540162472757,0 -80.06368556249902,9.266104332355715,0</coordinates>
          </LinearRing>
        </outerBoundaryIs>
      </Polygon>
    </Placemark>
    <Placemark>
      <name>8766a5c41ffffff</name>
      <styleUrl>#h3_poly_style</styleUrl>
      <Polygon>
        <outerBoundaryIs>
          <LinearRing>
            <coordinates>-79.79814632573171,9.310033835401015,0 -79.80592136772707,9.300179655828945,0 -79.80050900084575,9.28875115467008,0 -79.7873212523061,9.287177917169469,0 -79.77954684417351,9.297033148760569,0 -79.78495955034656,9.308460565791371,0 -79.79814632573171,9.310033835401015,0</coordinates>
          </LinearRing>
        </outerBoundaryIs>
      </Polygon>
    </Placemark>
    <Placemark>
      <name>8766b50a5ffffff</name>
      <styleUrl>#h3_poly_style</styleUrl>
      <Polygon>
        <outerBoundaryIs>
          <LinearRing>
            <coordinates>-82.78121835112725,8.895360014505512,0 -82.78913660993356,8.885366211418898,0 -82.78380120449397,8.87389871914046,0 -82.77054698290472,8.872425955459546,0 -82.76262909037585,8.882420873854434,0 -82.76796505278548,8.893887440545344,0 -82.78121835112725,8.895360014505512,0</coordinates>
          </LinearRing>
        </outerBoundaryIs>
      </Polygon>
    </Placemark>
    <Placemark>
      <name>8766b5a24ffffff</name>
      <styleUrl>#h3_poly_style</styleUrl>
      <Polygon>
        <outerBoundaryIs>
          <LinearRing>
            <coordinates>-82.2253913637208,8.996173251024453,0 -82.2332855626385,8.986205877078673,0 -82.227933931501,8.974746645956941,0 -82.21468758437722,8.973255744609544,0 -82.20679380240463,8.983224222305823,0 -82.212145950237,8.994682497528684,0 -82.2253913637208,8.996173251024453,0</coordinates>
          </LinearRing>
        </outerBoundaryIs>
      </Polygon>
    </Placemark>
    <Placemark>
      <name>8766b5a53ffffff</name>
      <styleUrl>#h3_poly_style</styleUrl>
      <Polygon>
        <outerBoundaryIs>
          <LinearRing>
            <coordinates>-82.18737488435836,8.80715260827465,0 -82.19527234732824,8.797163050901641,0 -82.18991627801498,8.785678266264853,0 -82.17666223077833,8.784183995832224,0 -82.16876518873568,8.794174653726333,0 -82.17412177262794,8.805658481462217,0 -82.18737488435836,8.80715260827465,0</coordinates>
          </LinearRing>
        </outerBoundaryIs>
      </Polygon>
    </Placemark>
    <Placemark>
      <name>8766a3c05ffffff</name>
      <styleUrl>#h3_poly_style</styleUrl>
      <Polygon>
        <outerBoundaryIs>
          <LinearRing>
            <coordinates>-81.07622919440419,7.958993698821284,0 -81.08410029547977,7.948931192556811,0 -81.07869692556922,7.937330566504366,0 -81.06542201789509,7.935793458712569,0 -81.05755144149066,7.9458570268253155,0 -81.06295524771133,7.957456640825514,0 -81.07622919440419,7.958993698821284,0</coordinates>
          </LinearRing>
        </outerBoundaryIs>
      </Polygon>
    </Placemark>
    <Placemark>
      <name>8766a3842ffffff</name>
      <styleUrl>#h3_poly_style</styleUrl>
      <Polygon>
        <outerBoundaryIs>
          <LinearRing>
            <coordinates>-80.56111932995624,7.877080717824065,0 -80.56896831354847,7.867022891452859,0 -80.56354975598995,7.85541104842712,0 -80.55028181577337,7.853858071347986,0 -80.54243340366897,7.863916945724599,0 -80.54785235991561,7.875527749125125,0 -80.56111932995624,7.877080717824065,0</coordinates>
          </LinearRing>
        </outerBoundaryIs>
      </Polygon>
    </Placemark>
    <Placemark>
      <name>8766aed05ffffff</name>
      <styleUrl>#h3_poly_style</styleUrl>
      <Polygon>
        <outerBoundaryIs>
          <LinearRing>
            <coordinates>-80.14314343736115,7.465044321193776,0 -80.15098215014751,7.4549492040943806,0 -80.14554595417172,7.443286869811472,0 -80.13227067617579,7.441720712668466,0 -80.12443257396644,7.451816860074657,0 -80.12986913879742,7.463478134272672,0 -80.14314343736115,7.465044321193776,0</coordinates>
          </LinearRing>
        </outerBoundaryIs>
      </Polygon>
    </Placemark>
    <Placemark>
      <name>8766a501bffffff</name>
      <styleUrl>#h3_poly_style</styleUrl>
      <Polygon>
        <outerBoundaryIs>
          <LinearRing>
            <coordinates>-79.73107918934774,9.0104346780538,0 -79.73885827130051,9.000544082415757,0 -79.7334391299793,8.98907626003782,0 -79.72024057130471,8.987500120676314,0 -79.71246213035104,8.997391762599076,0 -79.7178816067007,9.008858497557872,0 -79.73107918934774,9.0104346780538,0</coordinates>
          </LinearRing>
        </outerBoundaryIs>
      </Polygon>
    </Placemark>
    <Placemark>
      <name>8766a2c8dffffff</name>
      <styleUrl>#h3_poly_style</styleUrl>
      <Polygon>
        <outerBoundaryIs>
          <LinearRing>
            <coordinates>-82.10359298256945,8.492529373620359,0 -82.11149501557558,8.482503780103135,0 -82.10613093682181,8.470976865350877,0 -82.09286431513078,8.469476503571727,0 -82.08496271157168,8.479503191467288,0 -82.0903272998809,8.491029146695086,0 -82.10359298256945,8.492529373620359,0</coordinates>
          </LinearRing>
        </outerBoundaryIs>
      </Polygon>
    </Placemark>
    <Placemark>
      <name>8766b5bacffffff</name>
      <styleUrl>#h3_poly_style</styleUrl>
      <Polygon>
        <outerBoundaryIs>
          <LinearRing>
            <coordinates>-82.32090984316135,9.039466380769046,0 -82.32880674491459,9.029501830380976,0 -82.32345886926143,9.018049254256665,0 -82.31021356805402,9.016562179487646,0 -82.30231707440402,9.026527836338328,0 -82.30766547348469,9.037979461423962,0 -82.32090984316135,9.039466380769046,0</coordinates>
          </LinearRing>
        </outerBoundaryIs>
      </Polygon>
    </Placemark>
    <Placemark>
      <name>8766a5728ffffff</name>
      <styleUrl>#h3_poly_style</styleUrl>
      <Polygon>
        <outerBoundaryIs>
          <LinearRing>
            <coordinates>-79.8058464203504,8.878591080395454,0 -79.81363267388133,8.868681099155204,0 -79.80821295766293,8.85719614109786,0 -79.79500664674002,8.85562224759862,0 -79.78722102815735,8.865533274929698,0 -79.79264108517656,8.877017149627646,0 -79.8058464203504,8.878591080395454,0</coordinates>
          </LinearRing>
        </outerBoundaryIs>
      </Polygon>
    </Placemark>
    <Placemark>
      <name>8766a5631ffffff</name>
      <styleUrl>#h3_poly_style</styleUrl>
      <Polygon>
        <outerBoundaryIs>
          <LinearRing>
            <coordinates>-79.89932429815786,8.759570954205227,0 -79.90711833456734,8.749642748066162,0 -79.90169872892518,8.738142402240495,0 -79.88848473857391,8.73657134076916,0 -79.88069132933404,8.746500593403162,0 -79.8861112829024,8.757999860971,0 -79.89932429815786,8.759570954205227,0</coordinates>
          </LinearRing>
        </outerBoundaryIs>
      </Polygon>
    </Placemark>
    <Placemark>
      <name>8766a202bffffff</name>
      <styleUrl>#h3_poly_style</styleUrl>
      <Polygon>
        <outerBoundaryIs>
          <LinearRing>
            <coordinates>-81.7096052723459,8.240051270723574,0 -81.7174972700409,8.230005487399122,0 -81.71211689168156,8.218443280176706,0 -81.69884403349236,8.216927835513593,0 -81.69095250197007,8.226974700272452,0 -81.69633336208742,8.238535928196246,0 -81.7096052723459,8.240051270723574,0</coordinates>
          </LinearRing>
        </outerBoundaryIs>
      </Polygon>
    </Placemark>
    <Placemark>
      <name>8766a570affffff</name>
      <styleUrl>#h3_poly_style</styleUrl>
      <Polygon>
        <outerBoundaryIs>
          <LinearRing>
            <coordinates>-79.85257368306623,8.819108361891539,0 -79.86036383176285,8.809189253806437,0 -79.8549441668598,8.797696594964155,0 -79.84173400852539,8.796124124984317,0 -79.83394449089201,8.806044279365285,0 -79.83936450015665,8.817535857388167,0 -79.85257368306623,8.819108361891539,0</coordinates>
          </LinearRing>
        </outerBoundaryIs>
      </Polygon>
    </Placemark>
    <Placemark>
      <name>8766a2165ffffff</name>
      <styleUrl>#h3_poly_style</styleUrl>
      <Polygon>
        <outerBoundaryIs>
          <LinearRing>
            <coordinates>-81.57265047244753,8.377507428582323,0 -81.58053312792487,8.367481875298457,0 -81.57515107409031,8.355936640435706,0 -81.56188589303247,8.354417946351333,0 -81.55400371579327,8.364444579869446,0 -81.55938624099737,8.375988827175398,0 -81.57265047244753,8.377507428582323,0</coordinates>
          </LinearRing>
        </outerBoundaryIs>
      </Polygon>
    </Placemark>
    <Placemark>
      <name>8766a14b6ffffff</name>
      <styleUrl>#h3_poly_style</styleUrl>
      <Polygon>
        <outerBoundaryIs>
          <LinearRing>
            <coordinates>-80.44588078665672,8.00614543855256,0 -80.4537209630388,7.996106617077446,0 -80.448301676977,7.984510779560454,0 -80.43504182427314,7.982954810010043,0 -80.42720222926191,7.992994678908454,0 -80.43262190520659,8.004589469885454,0 -80.44588078665672,8.00614543855256,0</coordinates>
          </LinearRing>
        </outerBoundaryIs>
      </Polygon>
    </Placemark>
    <Placemark>
      <name>8766a38a1ffffff</name>
      <styleUrl>#h3_poly_style</styleUrl>
      <Polygon>
        <outerBoundaryIs>
          <LinearRing>
            <coordinates>-80.77394207929986,7.956796398117403,0 -80.78179920722552,7.946742088279875,0 -80.77638760735778,7.935140482201349,0 -80.76311846505521,7.933594214403737,0 -80.75526188915096,7.94364957875734,0 -80.76067390315019,7.955250156340034,0 -80.77394207929986,7.956796398117403,0</coordinates>
          </LinearRing>
        </outerBoundaryIs>
      </Polygon>
    </Placemark>
    <Placemark>
      <name>8766b52a0ffffff</name>
      <styleUrl>#h3_poly_style</styleUrl>
      <Polygon>
        <outerBoundaryIs>
          <LinearRing>
            <coordinates>-82.56000412868956,8.55477973497209,0 -82.56792264414868,8.544750232452783,0 -82.56257413562491,8.533235247798025,0 -82.54930656897908,8.53175070081127,0 -82.5413884409476,8.541781309222959,0 -82.54673749175942,8.55329535865515,0 -82.56000412868956,8.55477973497209,0</coordinates>
          </LinearRing>
        </outerBoundaryIs>
      </Polygon>
    </Placemark>
    <Placemark>
      <name>8766b56c9ffffff</name>
      <styleUrl>#h3_poly_style</styleUrl>
      <Polygon>
        <outerBoundaryIs>
          <LinearRing>
            <coordinates>-82.82986912855988,8.322564925138279,0 -82.83780372993468,8.312501381786875,0 -82.8324601589615,8.300958420809076,0 -82.81918142372757,8.29947992189403,0 -82.81124718548905,8.309544574304908,0 -82.81659131897294,8.321086616494558,0 -82.82986912855988,8.322564925138279,0</coordinates>
          </LinearRing>
        </outerBoundaryIs>
      </Polygon>
    </Placemark>
    <Placemark>
      <name>8766a28d1ffffff</name>
      <styleUrl>#h3_poly_style</styleUrl>
      <Polygon>
        <outerBoundaryIs>
          <LinearRing>
            <coordinates>-81.64472161311687,8.451287647644737,0 -81.65260551333536,8.44126910506258,0 -81.64722684492484,8.429733821762833,0 -81.63396379952886,8.428218065065263,0 -81.62608037076382,8.438237690657191,0 -81.63145951556517,8.449771989873739,0 -81.64472161311687,8.451287647644737,0</coordinates>
          </LinearRing>
        </outerBoundaryIs>
      </Polygon>
    </Placemark>
    <Placemark>
      <name>8766b5b1effffff</name>
      <styleUrl>#h3_poly_style</styleUrl>
      <Polygon>
        <outerBoundaryIs>
          <LinearRing>
            <coordinates>-82.28117686435068,9.035004175704136,0 -82.28907230370493,9.025040116507718,0 -82.28372309505988,9.01358658597605,0 -82.27047792610406,9.01209806770047,0 -82.26258289849564,9.022063232395235,0 -82.26793262772367,9.03351580979624,0 -82.28117686435068,9.035004175704136,0</coordinates>
          </LinearRing>
        </outerBoundaryIs>
      </Polygon>
    </Placemark>
    <Placemark>
      <name>8766a3ab1ffffff</name>
      <styleUrl>#h3_poly_style</styleUrl>
      <Polygon>
        <outerBoundaryIs>
          <LinearRing>
            <coordinates>-80.59030740540078,7.616690804654451,0 -80.59816430071785,7.606600910269527,0 -80.59274200824707,7.594956906834257,0 -80.57946241857977,7.59340383425285,0 -80.57160609306702,7.603494772759227,0 -80.57702878703856,7.615137739675612,0 -80.59030740540078,7.616690804654451,0</coordinates>
          </LinearRing>
        </outerBoundaryIs>
      </Polygon>
    </Placemark>
    <Placemark>
      <name>8766a5a94ffffff</name>
      <styleUrl>#h3_poly_style</styleUrl>
      <Polygon>
        <outerBoundaryIs>
          <LinearRing>
            <coordinates>-79.48420645150198,9.067369437848402,0 -79.49197114605568,9.057494617375932,0 -79.48654744485181,9.046034354113472,0 -79.47335873192563,9.044450011554279,0 -79.46559469981969,9.054325873416094,0 -79.47101871782081,9.06578503640994,0 -79.48420645150198,9.067369437848402,0</coordinates>
          </LinearRing>
        </outerBoundaryIs>
      </Polygon>
    </Placemark>
    <Placemark>
      <name>8766b5255ffffff</name>
      <styleUrl>#h3_poly_style</styleUrl>
      <Polygon>
        <outerBoundaryIs>
          <LinearRing>
            <coordinates>-82.34749498066185,8.47635049656602,0 -82.35540719933235,8.46631680685106,0 -82.35005050841458,8.4547896736035,0 -82.33678107121189,8.453297176202323,0 -82.32886925968234,8.463331965787507,0 -82.33422647783908,8.47485815283227,0 -82.34749498066185,8.47635049656602,0</coordinates>
          </LinearRing>
        </outerBoundaryIs>
      </Polygon>
    </Placemark>
    <Placemark>
      <name>8766b52f0ffffff</name>
      <styleUrl>#h3_poly_style</styleUrl>
      <Polygon>
        <outerBoundaryIs>
          <LinearRing>
            <coordinates>-82.49066445037089,8.45965181354276,0 -82.49858269630204,8.449612602335245,0 -82.49323031177546,8.438084488783568,0 -82.47995914331976,8.436596524681159,0 -82.47204129142608,8.446636838882064,0 -82.47739421357527,8.458164014118976,0 -82.49066445037089,8.45965181354276,0</coordinates>
          </LinearRing>
        </outerBoundaryIs>
      </Polygon>
    </Placemark>
    <Placemark>
      <name>8766a5603ffffff</name>
      <styleUrl>#h3_poly_style</styleUrl>
      <Polygon>
        <outerBoundaryIs>
          <LinearRing>
            <coordinates>-79.88543794670441,8.703632477511311,0 -79.89323267202512,8.693697640652424,0 -79.88781176645134,8.682190094728346,0 -79.87459578815208,8.680618464495812,0 -79.86680169145554,8.690554346672076,0 -79.87222294406045,8.70206081372115,0 -79.88543794670441,8.703632477511311,0</coordinates>
          </LinearRing>
        </outerBoundaryIs>
      </Polygon>
    </Placemark>
    <Placemark>
      <name>8766b5053ffffff</name>
      <styleUrl>#h3_poly_style</styleUrl>
      <Polygon>
        <outerBoundaryIs>
          <LinearRing>
            <coordinates>-82.61386822992715,8.778809345555045,0 -82.62178312964264,8.768805525751418,0 -82.61644021260125,8.757320758145015,0 -82.60318185008987,8.755840744090408,0 -82.59526733230213,8.765845673921632,0 -82.600610794724,8.77732950770522,0 -82.61386822992715,8.778809345555045,0</coordinates>
          </LinearRing>
        </outerBoundaryIs>
      </Polygon>
    </Placemark>
    <Placemark>
      <name>8766b5380ffffff</name>
      <styleUrl>#h3_poly_style</styleUrl>
      <Polygon>
        <outerBoundaryIs>
          <LinearRing>
            <coordinates>-82.56833725866608,8.653886749157792,0 -82.57625358302785,8.643868960417871,0 -82.57090704184424,8.632367154812863,0 -82.55764363338076,8.630884073325017,0 -82.54972769543545,8.640902969449687,0 -82.55507477916264,8.652403839603421,0 -82.56833725866608,8.653886749157792,0</coordinates>
          </LinearRing>
        </outerBoundaryIs>
      </Polygon>
    </Placemark>
    <Placemark>
      <name>8766b538bffffff</name>
      <styleUrl>#h3_poly_style</styleUrl>
      <Polygon>
        <outerBoundaryIs>
          <LinearRing>
            <coordinates>-82.53625193520928,8.584859858995525,0 -82.54416877397664,8.574834549143892,0 -82.53882000839553,8.56332331883675,0 -82.52555386319786,8.561838335024492,0 -82.51763741396563,8.571864750613061,0 -82.52298672002112,8.583375044203327,0 -82.53625193520928,8.584859858995525,0</coordinates>
          </LinearRing>
        </outerBoundaryIs>
      </Polygon>
    </Placemark>
    <Placemark>
      <name>8766a3d0cffffff</name>
      <styleUrl>#h3_poly_style</styleUrl>
      <Polygon>
        <outerBoundaryIs>
          <LinearRing>
            <coordinates>-81.04276002054445,8.075739190129617,0 -81.05062666151265,8.065691663970988,0 -81.04522438032939,8.054105663739783,0 -81.03195502426694,8.052568204168978,0 -81.0240889106103,8.06261679327833,0 -81.02949162532713,8.074201778952006,0 -81.04276002054445,8.075739190129617,0</coordinates>
          </LinearRing>
        </outerBoundaryIs>
      </Polygon>
    </Placemark>
    <Placemark>
      <name>8766a30a0ffffff</name>
      <styleUrl>#h3_poly_style</styleUrl>
      <Polygon>
        <outerBoundaryIs>
          <LinearRing>
            <coordinates>-80.97499441668121,7.606445588184103,0 -80.98286969869459,7.596343833341565,0 -80.97745748232462,7.584699052226056,0 -80.96416955371332,7.583157041228519,0 -80.95629480674118,7.593259849428513,0 -80.96170745296004,7.604903615214019,0 -80.97499441668121,7.606445588184103,0</coordinates>
          </LinearRing>
        </outerBoundaryIs>
      </Polygon>
    </Placemark>
    <Placemark>
      <name>876610690ffffff</name>
      <styleUrl>#h3_poly_style</styleUrl>
      <Polygon>
        <outerBoundaryIs>
          <LinearRing>
            <coordinates>-78.15092084712364,8.428228868367688,0 -78.15862647684271,8.418319496062763,0 -78.15316518218862,8.406783224818374,0 -78.13999803765361,8.405157494958381,0 -78.13229318879453,8.415067866868911,0 -78.13775470324161,8.42660296901318,0 -78.15092084712364,8.428228868367688,0</coordinates>
          </LinearRing>
        </outerBoundaryIs>
      </Polygon>
    </Placemark>
    <Placemark>
      <name>8766b5a9affffff</name>
      <styleUrl>#h3_poly_style</styleUrl>
      <Polygon>
        <outerBoundaryIs>
          <LinearRing>
            <coordinates>-82.44965948991553,8.803984854041923,0 -82.45756741870977,8.793988187224432,0 -82.45221961015716,8.782505241387925,0 -82.4389633389466,8.781019905105012,0 -82.43105580708053,8.791017678470764,0 -82.43640414912265,8.80249968149839,0 -82.44965948991553,8.803984854041923,0</coordinates>
          </LinearRing>
        </outerBoundaryIs>
      </Polygon>
    </Placemark>
    <Placemark>
      <name>8766a200cffffff</name>
      <styleUrl>#h3_poly_style</styleUrl>
      <Polygon>
        <outerBoundaryIs>
          <LinearRing>
            <coordinates>-81.73076981448607,8.231520228560672,0 -81.73866292778622,8.221472866151347,0 -81.7332830327515,8.209909680835834,0 -81.72000954071511,8.208394835958709,0 -81.71211689168156,8.218443280176706,0 -81.7174972700409,8.230005487399122,0 -81.73076981448607,8.231520228560672,0</coordinates>
          </LinearRing>
        </outerBoundaryIs>
      </Polygon>
    </Placemark>
    <Placemark>
      <name>8766a351cffffff</name>
      <styleUrl>#h3_poly_style</styleUrl>
      <Polygon>
        <outerBoundaryIs>
          <LinearRing>
            <coordinates>-81.28647791625653,7.708538204377712,0 -81.29436480069187,7.6984402015501185,0 -81.28896300714402,7.686808874573526,0 -81.27567387635094,7.6852765492603226,0 -81.26778749830669,7.695375614816444,0 -81.27318974428557,7.707005942898864,0 -81.28647791625653,7.708538204377712,0</coordinates>
          </LinearRing>
        </outerBoundaryIs>
      </Polygon>
    </Placemark>
    <Placemark>
      <name>8766a2a80ffffff</name>
      <styleUrl>#h3_poly_style</styleUrl>
      <Polygon>
        <outerBoundaryIs>
          <LinearRing>
            <coordinates>-81.48938569527077,8.225795359996154,0 -81.49726855213032,8.21575370831086,0 -81.49188146473313,8.204188531943139,0 -81.4786110543439,8.20266599837706,0 -81.4707286837677,8.212708726046559,0 -81.47611623692042,8.224272911236755,0 -81.48938569527077,8.225795359996154,0</coordinates>
          </LinearRing>
        </outerBoundaryIs>
      </Polygon>
    </Placemark>
  </Document>
</kml>