<?xml version="1.0" encoding="UTF-8"?>
<kml xmlns="http://www.opengis.net/kml/2.2">
  <Document>
    <name>Cobertura H3 Res 5</name>
    <Style id="h3_poly_style">
      <LineStyle>
        <color>ff0000ff</color>
        <width>2</width>
      </LineStyle>
      <PolyStyle>
        <color>330000ff</color>
      </PolyStyle>
    </Style>
    <Placemark>
      <name>8566b573fffffff</name>
      <styleUrl>#h3_poly_style</styleUrl>
      <Polygon>
        <outerBoundaryIs>
          <LinearRing>
            <coordinates>-82.87886421332806,8.753848610753622,0 -82.93435401528139,8.683726555071953,0 -82.8970081830295,8.603242561504924,0 -82.80414486172053,8.59292570733475,0 -82.7486727356342,8.663102360496765,0 -82.7860461267335,8.743541243858864,0 -82.87886421332806,8.753848610753622,0</coordinates>
          </LinearRing>
        </outerBoundaryIs>
      </Polygon>
    </Placemark>
    <Placemark>
      <name>8566a0bbfffffff</name>
      <styleUrl>#h3_poly_style</styleUrl>
      <Polygon>
        <outerBoundaryIs>
          <LinearRing>
            <coordinates>-80.47073651430661,8.859620469218106,0 -80.52548965298098,8.790052143398096,0 -80.4876566219899,8.709559580162763,0 -80.39505134248982,8.69868677300699,0 -80.3403265813527,8.768307018100238,0 -80.37817859380615,8.848748134231942,0 -80.47073651430661,8.859620469218106,0</coordinates>
          </LinearRing>
        </outerBoundaryIs>
      </Polygon>
    </Placemark>
    <Placemark>
      <name>8566a5a3fffffff</name>
      <styleUrl>#h3_poly_style</styleUrl>
      <Polygon>
        <outerBoundaryIs>
          <LinearRing>
            <coordinates>-79.31200828980933,9.176215071176422,0 -79.36629157015666,9.107199650232094,0 -79.32830585101921,9.02699300065124,0 -79.2360219415137,9.01585619161398,0 -79.18177198979448,9.084922437135535,0 -79.21977249182734,9.165074654990704,0 -79.31200828980933,9.176215071176422,0</coordinates>
          </LinearRing>
        </outerBoundaryIs>
      </Polygon>
    </Placemark>
    <Placemark>
      <name>856613d3fffffff</name>
      <styleUrl>#h3_poly_style</styleUrl>
      <Polygon>
        <outerBoundaryIs>
          <LinearRing>
            <coordinates>-78.1390231622804,8.350706906636056,0 -78.19298580842515,8.281242014146429,0 -78.1547378856911,8.200338966200064,0 -78.06251657168859,8.18895820026279,0 -78.00859241088585,8.25847188916372,0 -78.04685095211019,8.339317540756243,0 -78.1390231622804,8.350706906636056,0</coordinates>
          </LinearRing>
        </outerBoundaryIs>
      </Polygon>
    </Placemark>
    <Placemark>
      <name>8566162ffffffff</name>
      <styleUrl>#h3_poly_style</styleUrl>
      <Polygon>
        <outerBoundaryIs>
          <LinearRing>
            <coordinates>-78.48257751444363,9.075172738832805,0 -78.53655496150117,9.006275845446895,0 -78.49843977347228,8.92599556679361,0 -78.4063352059499,8.914668693970745,0 -78.35239462691898,8.983615394046605,0 -78.39052162112915,9.063839151671818,0 -78.48257751444363,9.075172738832805,0</coordinates>
          </LinearRing>
        </outerBoundaryIs>
      </Polygon>
    </Placemark>
    <Placemark>
      <name>8566b567fffffff</name>
      <styleUrl>#h3_poly_style</styleUrl>
      <Polygon>
        <outerBoundaryIs>
          <LinearRing>
            <coordinates>-82.7667576498564,8.512348063170274,0 -82.82226128001824,8.442042238929512,0 -82.7848602456872,8.361326532111024,0 -82.6919282457107,8.350961944658795,0 -82.63644282522615,8.421322084153145,0 -82.67387106641385,8.50199246984859,0 -82.7667576498564,8.512348063170274,0</coordinates>
          </LinearRing>
        </outerBoundaryIs>
      </Polygon>
    </Placemark>
    <Placemark>
      <name>8566b5a3fffffff</name>
      <styleUrl>#h3_poly_style</styleUrl>
      <Polygon>
        <outerBoundaryIs>
          <LinearRing>
            <coordinates>-82.28626968253488,8.992163437005908,0 -82.3415586676907,8.922347156964646,0 -82.30410578975709,8.842046068688587,0 -82.21133836691533,8.831607980840078,0 -82.15606969276278,8.901478333366414,0 -82.19354800217089,8.981732677038814,0 -82.28626968253488,8.992163437005908,0</coordinates>
          </LinearRing>
        </outerBoundaryIs>
      </Polygon>
    </Placemark>
    <Placemark>
      <name>8566a50ffffffff</name>
      <styleUrl>#h3_poly_style</styleUrl>
      <Polygon>
        <outerBoundaryIs>
          <LinearRing>
            <coordinates>-79.75205681577908,9.002119573702634,0 -79.80653312742773,8.932840846731041,0 -79.76859495607458,8.852473142250439,0 -79.67616396227615,8.841437459621954,0 -79.62171912496477,8.910767385985608,0 -79.6596736793759,8.99108178167838,0 -79.75205681577908,9.002119573702634,0</coordinates>
          </LinearRing>
        </outerBoundaryIs>
      </Polygon>
    </Placemark>
    <Placemark>
      <name>85678b67fffffff</name>
      <styleUrl>#h3_poly_style</styleUrl>
      <Polygon>
        <outerBoundaryIs>
          <LinearRing>
            <coordinates>-79.66961486641716,9.746206741844093,0 -79.72393047094218,9.677626159618796,0 -79.68607016342847,9.597946229625933,0 -79.5938781149582,9.586900386859124,0 -79.53959418736085,9.655532572386257,0 -79.57747050455274,9.735158983553927,0 -79.66961486641716,9.746206741844093,0</coordinates>
          </LinearRing>
        </outerBoundaryIs>
      </Polygon>
    </Placemark>
    <Placemark>
      <name>8566a25bfffffff</name>
      <styleUrl>#h3_poly_style</styleUrl>
      <Polygon>
        <outerBoundaryIs>
          <LinearRing>
            <coordinates>-82.3577192426812,8.390074499233847,0 -82.41313475366907,8.319735293903774,0 -82.37562551189707,8.238882181903358,0 -82.28267484742574,8.22841461981612,0 -82.22727940485878,8.298807586992067,0 -82.26481442934924,8.379614330052298,0 -82.3577192426812,8.390074499233847,0</coordinates>
          </LinearRing>
        </outerBoundaryIs>
      </Polygon>
    </Placemark>
    <Placemark>
      <name>8566b5a7fffffff</name>
      <styleUrl>#h3_poly_style</styleUrl>
      <Polygon>
        <outerBoundaryIs>
          <LinearRing>
            <coordinates>-82.15606969276278,8.901478333366414,0 -82.21133836691533,8.831607980840078,0 -82.17384588251151,8.751214501023926,0 -82.08105960966638,8.740738411579693,0 -82.02581184157864,8.810662633482229,0 -82.06332931183425,8.89100905177268,0 -82.15606969276278,8.901478333366414,0</coordinates>
          </LinearRing>
        </outerBoundaryIs>
      </Polygon>
    </Placemark>
    <Placemark>
      <name>8566a3c7fffffff</name>
      <styleUrl>#h3_poly_style</styleUrl>
      <Polygon>
        <outerBoundaryIs>
          <LinearRing>
            <coordinates>-80.99905015616504,7.928101750598834,0 -81.05414140133101,7.8576232752685415,0 -81.01629371084692,7.776307382346691,0 -80.92333364678666,7.7655197995808205,0 -80.86826861380793,7.836050093184055,0 -80.90613730299434,7.917316132527819,0 -80.99905015616504,7.928101750598834,0</coordinates>
          </LinearRing>
        </outerBoundaryIs>
      </Polygon>
    </Placemark>
    <Placemark>
      <name>8566a16bfffffff</name>
      <styleUrl>#h3_poly_style</styleUrl>
      <Polygon>
        <outerBoundaryIs>
          <LinearRing>
            <coordinates>-80.18003265759971,7.678519188452604,0 -80.23489283289739,7.607994614799529,0 -80.19686538112002,7.52645822580337,0 -80.10395955139602,7.515498367938871,0 -80.04912924816938,7.586073563451715,0 -80.08717477291825,7.667557979682134,0 -80.18003265759971,7.678519188452604,0</coordinates>
          </LinearRing>
        </outerBoundaryIs>
      </Polygon>
    </Placemark>
    <Placemark>
      <name>8566b52bfffffff</name>
      <styleUrl>#h3_poly_style</styleUrl>
      <Polygon>
        <outerBoundaryIs>
          <LinearRing>
            <coordinates>-82.61841721391447,8.572223515531542,0 -82.67387106641385,8.50199246984859,0 -82.63644282522615,8.421322084153145,0 -82.54353392916624,8.410928456646143,0 -82.48809894827744,8.481213687263724,0 -82.52555386319786,8.561838335024492,0 -82.61841721391447,8.572223515531542,0</coordinates>
          </LinearRing>
        </outerBoundaryIs>
      </Polygon>
    </Placemark>
    <Placemark>
      <name>8566a21bfffffff</name>
      <styleUrl>#h3_poly_style</styleUrl>
      <Polygon>
        <outerBoundaryIs>
          <LinearRing>
            <coordinates>-81.93082613280862,8.41834234169616,0 -81.98611597032955,8.34810203594752,0 -81.9485166268771,8.26725274166124,0 -81.85560305417322,8.2566912467943,0 -81.80033519785322,8.326984840889933,0 -81.83795880393868,8.40778661884282,0 -81.93082613280862,8.41834234169616,0</coordinates>
          </LinearRing>
        </outerBoundaryIs>
      </Polygon>
    </Placemark>
    <Placemark>
      <name>8566a543fffffff</name>
      <styleUrl>#h3_poly_style</styleUrl>
      <Polygon>
        <outerBoundaryIs>
          <LinearRing>
            <coordinates>-80.15959451260859,9.12624062884283,0 -80.21419385324386,9.0569787743225,0 -80.17633874415974,8.97672623694977,0 -80.08386633306982,8.965787813568392,0 -80.02929667691788,9.035101418419496,0 -80.06716961949824,9.115301680679275,0 -80.15959451260859,9.12624062884283,0</coordinates>
          </LinearRing>
        </outerBoundaryIs>
      </Polygon>
    </Placemark>
    <Placemark>
      <name>8566a517fffffff</name>
      <styleUrl>#h3_poly_style</styleUrl>
      <Polygon>
        <outerBoundaryIs>
          <LinearRing>
            <coordinates>-79.5888195868808,9.209504229367331,0 -79.64319997544713,9.140451532151678,0 -79.60526108059402,9.060273411354338,0 -79.51292589502575,9.049201706119925,0 -79.4585776413587,9.118305564857202,0 -79.49653231101516,9.198429954010207,0 -79.5888195868808,9.209504229367331,0</coordinates>
          </LinearRing>
        </outerBoundaryIs>
      </Polygon>
    </Placemark>
    <Placemark>
      <name>8566a343fffffff</name>
      <styleUrl>#h3_poly_style</styleUrl>
      <Polygon>
        <outerBoundaryIs>
          <LinearRing>
            <coordinates>-81.31262744510742,7.656502771352597,0 -81.3678656387186,7.585739655322264,0 -81.33004675761559,7.504193451933025,0 -81.23696738905471,7.493459264190503,0 -81.18175405580527,7.564274343002625,0 -81.21959510066492,7.645771626811395,0 -81.31262744510742,7.656502771352597,0</coordinates>
          </LinearRing>
        </outerBoundaryIs>
      </Polygon>
    </Placemark>
    <Placemark>
      <name>8566a533fffffff</name>
      <styleUrl>#h3_poly_style</styleUrl>
      <Polygon>
        <outerBoundaryIs>
          <LinearRing>
            <coordinates>-79.47495549155086,8.968940996325989,0 -79.52933599516416,8.899698292553763,0 -79.4913498516476,8.819301939465612,0 -79.39896768766913,8.808202291625218,0 -79.3446198585805,8.877495853886032,0 -79.38262139140699,8.957838192762209,0 -79.47495549155086,8.968940996325989,0</coordinates>
          </LinearRing>
        </outerBoundaryIs>
      </Polygon>
    </Placemark>
    <Placemark>
      <name>8566b1d7fffffff</name>
      <styleUrl>#h3_poly_style</styleUrl>
      <Polygon>
        <outerBoundaryIs>
          <LinearRing>
            <coordinates>-82.93334927113831,8.30122818024725,0 -82.98893346224754,8.230720577880083,0 -82.95154643414249,8.149822724404087,0 -82.85854725577929,8.139477238945208,0 -82.80298054545078,8.210039205501316,0 -82.84039540392767,8.290892266726688,0 -82.93334927113831,8.30122818024725,0</coordinates>
          </LinearRing>
        </outerBoundaryIs>
      </Polygon>
    </Placemark>
    <Placemark>
      <name>8566b5affffffff</name>
      <styleUrl>#h3_poly_style</styleUrl>
      <Polygon>
        <outerBoundaryIs>
          <LinearRing>
            <coordinates>-82.30410578975709,8.842046068688587,0 -82.35942636940113,8.772097996650889,0 -82.32195940397291,8.691657860888279,0 -82.22914621146873,8.681212428857263,0 -82.17384588251151,8.751214501023926,0 -82.21133836691533,8.831607980840078,0 -82.30410578975709,8.842046068688587,0</coordinates>
          </LinearRing>
        </outerBoundaryIs>
      </Polygon>
    </Placemark>
    <Placemark>
      <name>8566162bfffffff</name>
      <styleUrl>#h3_poly_style</styleUrl>
      <Polygon>
        <outerBoundaryIs>
          <LinearRing>
            <coordinates>-78.61274068916919,9.166623478123844,0 -78.66675443498661,9.097776609653488,0 -78.62866776814509,9.017574702678015,0 -78.53655496150117,9.006275845446895,0 -78.48257751444363,9.075172738832805,0 -78.52067644895038,9.155318455361652,0 -78.61274068916919,9.166623478123844,0</coordinates>
          </LinearRing>
        </outerBoundaryIs>
      </Polygon>
    </Placemark>
    <Placemark>
      <name>8566b56bfffffff</name>
      <styleUrl>#h3_poly_style</styleUrl>
      <Polygon>
        <outerBoundaryIs>
          <LinearRing>
            <coordinates>-83.0454136387564,8.543278708899217,0 -83.10098328991363,8.47295354302579,0 -83.06365190808613,8.392286301903818,0 -82.97072256581458,8.381988788801895,0 -82.91516986153832,8.452368608663933,0 -82.95252942425567,8.532991260547737,0 -83.0454136387564,8.543278708899217,0</coordinates>
          </LinearRing>
        </outerBoundaryIs>
      </Polygon>
    </Placemark>
    <Placemark>
      <name>8566a243fffffff</name>
      <styleUrl>#h3_poly_style</styleUrl>
      <Polygon>
        <outerBoundaryIs>
          <LinearRing>
            <coordinates>-82.22727940485878,8.298807586992067,0 -82.28267484742574,8.22841461981612,0 -82.24512563794455,8.147471537673871,0 -82.15215552167662,8.136968084467936,0 -82.09678074624298,8.20741459797035,0 -82.1343552907862,8.28831099453539,0 -82.22727940485878,8.298807586992067,0</coordinates>
          </LinearRing>
        </outerBoundaryIs>
      </Polygon>
    </Placemark>
    <Placemark>
      <name>8566b19bfffffff</name>
      <styleUrl>#h3_poly_style</styleUrl>
      <Polygon>
        <outerBoundaryIs>
          <LinearRing>
            <coordinates>-82.7848602456872,8.361326532111024,0 -82.84039540392767,8.290892266726688,0 -82.80298054545078,8.210039205501316,0 -82.7100031030496,8.199665598726579,0 -82.65448609035201,8.270154098533476,0 -82.6919282457107,8.350961944658795,0 -82.7848602456872,8.361326532111024,0</coordinates>
          </LinearRing>
        </outerBoundaryIs>
      </Polygon>
    </Placemark>
    <Placemark>
      <name>8566a20bfffffff</name>
      <styleUrl>#h3_poly_style</styleUrl>
      <Polygon>
        <outerBoundaryIs>
          <LinearRing>
            <coordinates>-81.9485166268771,8.26725274166124,0 -82.00383828769648,8.196882302388865,0 -81.96622458189073,8.115897191352024,0 -81.87326473698266,8.10532991729042,0 -81.81796499936507,8.175753556155868,0 -81.85560305417322,8.2566912467943,0 -81.9485166268771,8.26725274166124,0</coordinates>
          </LinearRing>
        </outerBoundaryIs>
      </Polygon>
    </Placemark>
    <Placemark>
      <name>8566a16ffffffff</name>
      <styleUrl>#h3_poly_style</styleUrl>
      <Polygon>
        <outerBoundaryIs>
          <LinearRing>
            <coordinates>-80.04912924816938,7.586073563451715,0 -80.10395955139602,7.515498367938871,0 -80.06589846775415,7.433884329424627,0 -79.97298934202021,7.4228977691381965,0 -79.91818950259044,7.493523343611138,0 -79.95626819538981,7.575085084697882,0 -80.04912924816938,7.586073563451715,0</coordinates>
          </LinearRing>
        </outerBoundaryIs>
      </Polygon>
    </Placemark>
    <Placemark>
      <name>856d74a7fffffff</name>
      <styleUrl>#h3_poly_style</styleUrl>
      <Polygon>
        <outerBoundaryIs>
          <LinearRing>
            <coordinates>-89.10459248297222,13.727601392855822,0 -89.0453410149389,13.797999290858334,0 -89.07370737460967,13.880680037221989,0 -89.16145414848297,13.892967310766156,0 -89.22075961251274,13.822478483998777,0 -89.19226438397129,13.739793407938498,0 -89.10459248297222,13.727601392855822,0</coordinates>
          </LinearRing>
        </outerBoundaryIs>
      </Polygon>
    </Placemark>
    <Placemark>
      <name>85668483fffffff</name>
      <styleUrl>#h3_poly_style</styleUrl>
      <Polygon>
        <outerBoundaryIs>
          <LinearRing>
            <coordinates>-81.74016983884208,7.628435608962123,0 -81.79554302475287,7.557573601931464,0 -81.75780843787437,7.476014728510289,0 -81.66467683261986,7.465365589069563,0 -81.60932659652416,7.53628004595133,0 -81.64708488575717,7.617791170728809,0 -81.74016983884208,7.628435608962123,0</coordinates>
          </LinearRing>
        </outerBoundaryIs>
      </Polygon>
    </Placemark>
    <Placemark>
      <name>85661673fffffff</name>
      <styleUrl>#h3_poly_style</styleUrl>
      <Polygon>
        <outerBoundaryIs>
          <LinearRing>
            <coordinates>-78.87300254656759,9.349198239460364,0 -78.92708717872299,9.280452064681386,0 -78.88905870646093,9.200409813586257,0 -78.79693228681252,9.189169256334678,0 -78.74288281235631,9.257965884369517,0 -78.78092447342307,9.337952606055035,0 -78.87300254656759,9.349198239460364,0</coordinates>
          </LinearRing>
        </outerBoundaryIs>
      </Polygon>
    </Placemark>
    <Placemark>
      <name>8566a28bfffffff</name>
      <styleUrl>#h3_poly_style</styleUrl>
      <Polygon>
        <outerBoundaryIs>
          <LinearRing>
            <coordinates>-81.76512779354748,8.628645935721593,0 -81.82033196382368,8.558614594928224,0 -81.7827228033955,8.477949443556483,0 -81.68988570297682,8.467363627643477,0 -81.63470422460325,8.537448212662081,0 -81.67233702587798,8.618065347317193,0 -81.76512779354748,8.628645935721593,0</coordinates>
          </LinearRing>
        </outerBoundaryIs>
      </Polygon>
    </Placemark>
    <Placemark>
      <name>8566a207fffffff</name>
      <styleUrl>#h3_poly_style</styleUrl>
      <Polygon>
        <outerBoundaryIs>
          <LinearRing>
            <coordinates>-81.6697898691746,8.235503937873398,0 -81.72503514708798,8.165157272711278,0 -81.68735874275727,8.084132132519779,0 -81.59441357126202,8.073501790636374,0 -81.53919146899328,8.143901306913783,0 -81.57689123320867,8.224878292393218,0 -81.6697898691746,8.235503937873398,0</coordinates>
          </LinearRing>
        </outerBoundaryIs>
      </Polygon>
    </Placemark>
    <Placemark>
      <name>85661383fffffff</name>
      <styleUrl>#h3_poly_style</styleUrl>
      <Polygon>
        <outerBoundaryIs>
          <LinearRing>
            <coordinates>-77.73218637390507,8.224176560354271,0 -77.78599924445756,8.154704747308605,0 -77.74768763052995,8.07371600330956,0 -77.65555386447258,8.062257493487465,0 -77.60178120711619,8.131777504173936,0 -77.64010197650397,8.212707822009747,0 -77.73218637390507,8.224176560354271,0</coordinates>
          </LinearRing>
        </outerBoundaryIs>
      </Polygon>
    </Placemark>
    <Placemark>
      <name>8566a3d3fffffff</name>
      <styleUrl>#h3_poly_style</styleUrl>
      <Polygon>
        <outerBoundaryIs>
          <LinearRing>
            <coordinates>-81.11249712921986,8.171433570744387,0 -81.16758188659098,8.101138172385264,0 -81.12978551056216,8.020039006533178,0 -81.03688287412648,8.00928484088036,0 -80.98182378499708,8.079632388302919,0 -81.01964153463364,8.160681933031025,0 -81.11249712921986,8.171433570744387,0</coordinates>
          </LinearRing>
        </outerBoundaryIs>
      </Polygon>
    </Placemark>
    <Placemark>
      <name>8566a02ffffffff</name>
      <styleUrl>#h3_poly_style</styleUrl>
      <Polygon>
        <outerBoundaryIs>
          <LinearRing>
            <coordinates>-80.53851853983474,8.257753571326198,0 -80.59340030148363,8.187647147988539,0 -80.55550645222672,8.106615113560713,0 -80.46271141347502,8.09574064880977,0 -80.40785784143102,8.165898615323547,0 -80.44577098938588,8.246879486466478,0 -80.53851853983474,8.257753571326198,0</coordinates>
          </LinearRing>
        </outerBoundaryIs>
      </Polygon>
    </Placemark>
    <Placemark>
      <name>8566a64bfffffff</name>
      <styleUrl>#h3_poly_style</styleUrl>
      <Polygon>
        <outerBoundaryIs>
          <LinearRing>
            <coordinates>-82.25064989995647,9.291580203461256,0 -82.30587577002464,9.22202956852852,0 -82.26845106002004,9.142008597884217,0 -82.17577509493663,9.131585149469723,0 -82.12056965585016,9.201189991043396,0 -82.15801962294407,9.281164050244179,0 -82.25064989995647,9.291580203461256,0</coordinates>
          </LinearRing>
        </outerBoundaryIs>
      </Polygon>
    </Placemark>
    <Placemark>
      <name>856d6173fffffff</name>
      <styleUrl>#h3_poly_style</styleUrl>
      <Polygon>
        <outerBoundaryIs>
          <LinearRing>
            <coordinates>-86.35574838067905,12.249076251819481,0 -86.41128826503602,12.181483386510015,0 -86.37531293268829,12.105041113313725,0 -86.28375907204736,12.096229134703403,0 -86.22822099956554,12.163881166406053,0 -86.2642348568968,12.240285971041233,0 -86.35574838067905,12.249076251819481,0</coordinates>
          </LinearRing>
        </outerBoundaryIs>
      </Polygon>
    </Placemark>
    <Placemark>
      <name>8566a0b7fffffff</name>
      <styleUrl>#h3_poly_style</styleUrl>
      <Polygon>
        <outerBoundaryIs>
          <LinearRing>
            <coordinates>-80.19309975076516,8.826937747440391,0 -80.24776336767717,8.757401837840968,0 -80.2098775547734,8.676876497549827,0 -80.11731000850794,8.665939211900929,0 -80.0626759875358,8.735526698695407,0 -80.10057978862471,8.815999878258136,0 -80.19309975076516,8.826937747440391,0</coordinates>
          </LinearRing>
        </outerBoundaryIs>
      </Polygon>
    </Placemark>
    <Placemark>
      <name>8566a1d7fffffff</name>
      <styleUrl>#h3_poly_style</styleUrl>
      <Polygon>
        <outerBoundaryIs>
          <LinearRing>
            <coordinates>-79.94886756475564,8.493671052110079,0 -80.00350367217749,8.423896353374772,0 -79.96553585872081,8.34307136708469,0 -79.87291466297472,8.332073815577457,0 -79.81830927909435,8.401899555157408,0 -79.85629423890259,8.482671790836008,0 -79.94886756475564,8.493671052110079,0</coordinates>
          </LinearRing>
        </outerBoundaryIs>
      </Polygon>
    </Placemark>
    <Placemark>
      <name>8566aedbfffffff</name>
      <styleUrl>#h3_poly_style</styleUrl>
      <Polygon>
        <outerBoundaryIs>
          <LinearRing>
            <coordinates>-80.34470738616956,7.466734220006142,0 -80.39966161614949,7.395999009969975,0 -80.36163737799414,7.314281616981815,0 -80.2686400857422,7.303350887667599,0 -80.2137150436103,7.374136724058738,0 -80.25175797584843,7.455802647493042,0 -80.34470738616956,7.466734220006142,0</coordinates>
          </LinearRing>
        </outerBoundaryIs>
      </Polygon>
    </Placemark>
    <Placemark>
      <name>8566a65bfffffff</name>
      <styleUrl>#h3_poly_style</styleUrl>
      <Polygon>
        <outerBoundaryIs>
          <LinearRing>
            <coordinates>-82.23286618011825,9.440876925948103,0 -82.28806052956973,9.371460124079096,0 -82.25064989995647,9.291580203461256,0 -82.15801962294407,9.281164050244179,0 -82.10284576413741,9.350635120572859,0 -82.14028156395499,9.430468051548216,0 -82.23286618011825,9.440876925948103,0</coordinates>
          </LinearRing>
        </outerBoundaryIs>
      </Polygon>
    </Placemark>
    <Placemark>
      <name>8566b5abfffffff</name>
      <styleUrl>#h3_poly_style</styleUrl>
      <Polygon>
        <outerBoundaryIs>
          <LinearRing>
            <coordinates>-82.43430628985506,8.932746537861787,0 -82.48964652438941,8.86285266953502,0 -82.45221961015716,8.782505241387925,0 -82.35942636940113,8.772097996650889,0 -82.30410578975709,8.842046068688587,0 -82.3415586676907,8.922347156964646,0 -82.43430628985506,8.932746537861787,0</coordinates>
          </LinearRing>
        </outerBoundaryIs>
      </Polygon>
    </Placemark>
    <Placemark>
      <name>8566a1dbfffffff</name>
      <styleUrl>#h3_poly_style</styleUrl>
      <Polygon>
        <outerBoundaryIs>
          <LinearRing>
            <coordinates>-80.22667217856625,8.5265438445731,0 -80.28140018228001,8.45673652891224,0 -80.24348364455888,8.375941165883912,0 -80.15082083080682,8.365005134954869,0 -80.09612233371558,8.434863840847424,0 -80.134057015098,8.515607171705328,0 -80.22667217856625,8.5265438445731,0</coordinates>
          </LinearRing>
        </outerBoundaryIs>
      </Polygon>
    </Placemark>
    <Placemark>
      <name>8566a233fffffff</name>
      <styleUrl>#h3_poly_style</styleUrl>
      <Polygon>
        <outerBoundaryIs>
          <LinearRing>
            <coordinates>-81.53919146899328,8.143901306913783,0 -81.59441357126202,8.073501790636374,0 -81.55669918089814,7.992390154711274,0 -81.46373965220212,7.981726488837914,0 -81.40854132281088,8.052178633601377,0 -81.44627861974904,8.133241794738158,0 -81.53919146899328,8.143901306913783,0</coordinates>
          </LinearRing>
        </outerBoundaryIs>
      </Polygon>
    </Placemark>
    <Placemark>
      <name>8566a577fffffff</name>
      <styleUrl>#h3_poly_style</styleUrl>
      <Polygon>
        <outerBoundaryIs>
          <LinearRing>
            <coordinates>-79.76859495607458,8.852473142250439,0 -79.82310349351026,8.783056673362967,0 -79.78514973182374,8.702553427438264,0 -79.69267084645178,8.69151989269249,0 -79.6381937422764,8.760987469915065,0 -79.67616396227615,8.841437459621954,0 -79.76859495607458,8.852473142250439,0</coordinates>
          </LinearRing>
        </outerBoundaryIs>
      </Polygon>
    </Placemark>
    <Placemark>
      <name>8566a513fffffff</name>
      <styleUrl>#h3_poly_style</styleUrl>
      <Polygon>
        <outerBoundaryIs>
          <LinearRing>
            <coordinates>-79.71903035234058,9.300587299286205,0 -79.77344229683746,9.231585973278078,0 -79.73553528862669,9.151491394982697,0 -79.64319997544713,9.140451532151678,0 -79.5888195868808,9.209504229367331,0 -79.62674282821979,9.289545404334772,0 -79.71903035234058,9.300587299286205,0</coordinates>
          </LinearRing>
        </outerBoundaryIs>
      </Polygon>
    </Placemark>
    <Placemark>
      <name>8566a35bfffffff</name>
      <styleUrl>#h3_poly_style</styleUrl>
      <Polygon>
        <outerBoundaryIs>
          <LinearRing>
            <coordinates>-81.44345129081299,7.748616976358481,0 -81.49871374577656,7.677906057404407,0 -81.46093229504811,7.596443107729183,0 -81.3678656387186,7.585739655322264,0 -81.31262744510742,7.656502771352597,0 -81.3504315164926,7.737917122191997,0 -81.44345129081299,7.748616976358481,0</coordinates>
          </LinearRing>
        </outerBoundaryIs>
      </Polygon>
    </Placemark>
    <Placemark>
      <name>8566a313fffffff</name>
      <styleUrl>#h3_poly_style</styleUrl>
      <Polygon>
        <outerBoundaryIs>
          <LinearRing>
            <coordinates>-80.86826861380793,7.836050093184055,0 -80.92333364678666,7.7655197995808205,0 -80.8854498985557,7.684121617048232,0 -80.79248044760423,7.673303886088533,0 -80.73744222249272,7.743885765011661,0 -80.77534651067621,7.825233771385425,0 -80.86826861380793,7.836050093184055,0</coordinates>
          </LinearRing>
        </outerBoundaryIs>
      </Polygon>
    </Placemark>
    <Placemark>
      <name>8566a38ffffffff</name>
      <styleUrl>#h3_poly_style</styleUrl>
      <Polygon>
        <outerBoundaryIs>
          <LinearRing>
            <coordinates>-80.72034054259454,7.895684932977675,0 -80.77534651067621,7.825233771385425,0 -80.73744222249272,7.743885765011661,0 -80.64451183746415,7.733039492099809,0 -80.58953332174511,7.803542113392801,0 -80.6274576090236,7.884839530301842,0 -80.72034054259454,7.895684932977675,0</coordinates>
          </LinearRing>
        </outerBoundaryIs>
      </Polygon>
    </Placemark>
    <Placemark>
      <name>8566a547fffffff</name>
      <styleUrl>#h3_poly_style</styleUrl>
      <Polygon>
        <outerBoundaryIs>
          <LinearRing>
            <coordinates>-80.02929667691788,9.035101418419496,0 -80.08386633306982,8.965787813568392,0 -80.0459779639657,8.885450751897844,0 -79.9535024347991,8.874479881842527,0 -79.89896304653632,8.943845025709926,0 -79.93686879164798,9.024129485543991,0 -80.02929667691788,9.035101418419496,0</coordinates>
          </LinearRing>
        </outerBoundaryIs>
      </Polygon>
    </Placemark>
    <Placemark>
      <name>8566a1d3fffffff</name>
      <styleUrl>#h3_poly_style</styleUrl>
      <Polygon>
        <outerBoundaryIs>
          <LinearRing>
            <coordinates>-80.079390769988,8.585330605946014,0 -80.134057015098,8.515607171705328,0 -80.09612233371558,8.434863840847424,0 -80.00350367217749,8.423896353374772,0 -79.94886756475564,8.493671052110079,0 -79.9868198526917,8.57436195868614,0 -80.079390769988,8.585330605946014,0</coordinates>
          </LinearRing>
        </outerBoundaryIs>
      </Polygon>
    </Placemark>
    <Placemark>
      <name>856612b7fffffff</name>
      <styleUrl>#h3_poly_style</styleUrl>
      <Polygon>
        <outerBoundaryIs>
          <LinearRing>
            <coordinates>-78.25367353635993,8.592819394494992,0 -78.30764159523544,8.523542756259648,0 -78.26943768877979,8.442844252415352,0 -78.17725458088904,8.431479488465342,0 -78.12332446736785,8.500805272568416,0 -78.16153938986996,8.581446667335888,0 -78.25367353635993,8.592819394494992,0</coordinates>
          </LinearRing>
        </outerBoundaryIs>
      </Polygon>
    </Placemark>
    <Placemark>
      <name>8566b577fffffff</name>
      <styleUrl>#h3_poly_style</styleUrl>
      <Polygon>
        <outerBoundaryIs>
          <LinearRing>
            <coordinates>-82.7486727356342,8.663102360496765,0 -82.80414486172053,8.59292570733475,0 -82.7667576498564,8.512348063170274,0 -82.67387106641385,8.50199246984859,0 -82.61841721391447,8.572223515531542,0 -82.65583154281862,8.652755736054294,0 -82.7486727356342,8.663102360496765,0</coordinates>
          </LinearRing>
        </outerBoundaryIs>
      </Polygon>
    </Placemark>
    <Placemark>
      <name>8566a3a3fffffff</name>
      <styleUrl>#h3_poly_style</styleUrl>
      <Polygon>
        <outerBoundaryIs>
          <LinearRing>
            <coordinates>-80.45868415722454,7.711288885546597,0 -80.5136346263802,7.640735039755336,0 -80.47566026286043,7.5592260717149715,0 -80.38271622309537,7.548322169720688,0 -80.32779439438787,7.618927002091419,0 -80.36578783520888,7.700384733418228,0 -80.45868415722454,7.711288885546597,0</coordinates>
          </LinearRing>
        </outerBoundaryIs>
      </Polygon>
    </Placemark>
    <Placemark>
      <name>85661657fffffff</name>
      <styleUrl>#h3_poly_style</styleUrl>
      <Polygon>
        <outerBoundaryIs>
          <LinearRing>
            <coordinates>-78.98699441213489,9.58869657029354,0 -79.04108141187412,9.520142718902425,0 -79.00309855574939,9.440318834881113,0 -78.91101499604889,9.42910401957633,0 -78.85696261721043,9.497708617730085,0 -78.8949590509046,9.577477273507268,0 -78.98699441213489,9.58869657029354,0</coordinates>
          </LinearRing>
        </outerBoundaryIs>
      </Polygon>
    </Placemark>
    <Placemark>
      <name>856613cbfffffff</name>
      <styleUrl>#h3_poly_style</styleUrl>
      <Polygon>
        <outerBoundaryIs>
          <LinearRing>
            <coordinates>-78.30101423948364,8.142084242326202,0 -78.355079897867,8.0723918988417,0 -78.31682668220607,7.991302143033869,0 -78.22449646181903,7.979961695818047,0 -78.17046865979243,8.049702835307905,0 -78.20873309466204,8.130735618552775,0 -78.30101423948364,8.142084242326202,0</coordinates>
          </LinearRing>
        </outerBoundaryIs>
      </Polygon>
    </Placemark>
    <Placemark>
      <name>8566a333fffffff</name>
      <styleUrl>#h3_poly_style</styleUrl>
      <Polygon>
        <outerBoundaryIs>
          <LinearRing>
            <coordinates>-80.62362840142768,7.4994174883746645,0 -80.67867155669934,7.428654398712237,0 -80.64070157664946,7.346964575062936,0 -80.5476686114542,7.336088552096448,0 -80.4926534063795,7.406902636314265,0 -80.53064308617974,7.488541731857512,0 -80.62362840142768,7.4994174883746645,0</coordinates>
          </LinearRing>
        </outerBoundaryIs>
      </Polygon>
    </Placemark>
    <Placemark>
      <name>8566a5abfffffff</name>
      <styleUrl>#h3_poly_style</styleUrl>
      <Polygon>
        <outerBoundaryIs>
          <LinearRing>
            <coordinates>-79.4585776413587,9.118305564857202,0 -79.51292589502575,9.049201706119925,0 -79.47495549155086,8.968940996325989,0 -79.38262139140699,8.957838192762209,0 -79.32830585101921,9.02699300065124,0 -79.36629157015666,9.107199650232094,0 -79.4585776413587,9.118305564857202,0</coordinates>
          </LinearRing>
        </outerBoundaryIs>
      </Polygon>
    </Placemark>
    <Placemark>
      <name>8566a067fffffff</name>
      <styleUrl>#h3_poly_style</styleUrl>
      <Polygon>
        <outerBoundaryIs>
          <LinearRing>
            <coordinates>-80.81682755707804,8.290251823524526,0 -80.87179604990044,8.220116179668254,0 -80.83395746563589,8.139116664814688,0 -80.74112996348471,8.128303211586452,0 -80.68618842796683,8.198490750863561,0 -80.72404730808444,8.27943982984448,0 -80.81682755707804,8.290251823524526,0</coordinates>
          </LinearRing>
        </outerBoundaryIs>
      </Polygon>
    </Placemark>
    <Placemark>
      <name>8566139bfffffff</name>
      <styleUrl>#h3_poly_style</styleUrl>
      <Polygon>
        <outerBoundaryIs>
          <LinearRing>
            <coordinates>-77.86257953861346,8.316482070680875,0 -77.91643205696238,8.247058696438206,0 -77.87814678364467,8.166140988938544,0 -77.78599924445756,8.154704747308605,0 -77.73218637390507,8.224176560354271,0 -77.7704812685153,8.305036170596537,0 -77.86257953861346,8.316482070680875,0</coordinates>
          </LinearRing>
        </outerBoundaryIs>
      </Polygon>
    </Placemark>
    <Placemark>
      <name>8566a57bfffffff</name>
      <styleUrl>#h3_poly_style</styleUrl>
      <Polygon>
        <outerBoundaryIs>
          <LinearRing>
            <coordinates>-80.0459779639657,8.885450751897844,0 -80.10057978862471,8.815999878258136,0 -80.0626759875358,8.735526698695407,0 -79.97015278102856,8.724556923875971,0 -79.91558118104994,8.794059248476648,0 -79.9535024347991,8.874479881842527,0 -80.0459779639657,8.885450751897844,0</coordinates>
          </LinearRing>
        </outerBoundaryIs>
      </Polygon>
    </Placemark>
    <Placemark>
      <name>8566a3dbfffffff</name>
      <styleUrl>#h3_poly_style</styleUrl>
      <Polygon>
        <outerBoundaryIs>
          <LinearRing>
            <coordinates>-81.2604733408668,8.111860140930727,0 -81.31561522261185,8.041485990192202,0 -81.27784075933202,7.9603376147099025,0 -81.1849023720371,7.949612579724071,0 -81.12978551056216,8.020039006533178,0 -81.16758188659098,8.101138172385264,0 -81.2604733408668,8.111860140930727,0</coordinates>
          </LinearRing>
        </outerBoundaryIs>
      </Polygon>
    </Placemark>
    <Placemark>
      <name>8566a3d7fffffff</name>
      <styleUrl>#h3_poly_style</styleUrl>
      <Polygon>
        <outerBoundaryIs>
          <LinearRing>
            <coordinates>-80.98182378499708,8.079632388302919,0 -81.03688287412648,8.00928484088036,0 -80.99905015616504,7.928101750598834,0 -80.90613730299434,7.917316132527819,0 -80.85110447702904,7.9877156019280315,0 -80.88895811155417,8.06884874869848,0 -80.98182378499708,8.079632388302919,0</coordinates>
          </LinearRing>
        </outerBoundaryIs>
      </Polygon>
    </Placemark>
    <Placemark>
      <name>8566a0a7fffffff</name>
      <styleUrl>#h3_poly_style</styleUrl>
      <Polygon>
        <outerBoundaryIs>
          <LinearRing>
            <coordinates>-80.2098775547734,8.676876497549827,0 -80.26457335126163,8.607204548754224,0 -80.22667217856625,8.5265438445731,0 -80.134057015098,8.515607171705328,0 -80.079390769988,8.585330605946014,0 -80.11731000850794,8.665939211900929,0 -80.2098775547734,8.676876497549827,0</coordinates>
          </LinearRing>
        </outerBoundaryIs>
      </Polygon>
    </Placemark>
    <Placemark>
      <name>8566a013fffffff</name>
      <styleUrl>#h3_poly_style</styleUrl>
      <Polygon>
        <outerBoundaryIs>
          <LinearRing>
            <coordinates>-80.7484785013368,8.892104955017349,0 -80.80331865097875,8.822505388010125,0 -80.76554022340326,8.74204759348707,0 -80.67290154453524,8.731240080285845,0 -80.61808854860885,8.800891907244512,0 -80.65588694939115,8.881298969457045,0 -80.7484785013368,8.892104955017349,0</coordinates>
          </LinearRing>
        </outerBoundaryIs>
      </Polygon>
    </Placemark>
    <Placemark>
      <name>8566a2cffffffff</name>
      <styleUrl>#h3_poly_style</styleUrl>
      <Polygon>
        <outerBoundaryIs>
          <LinearRing>
            <coordinates>-82.06126135517903,8.509574777485025,0 -82.11657257676487,8.439387974700812,0 -82.07901230482499,8.358628016480715,0 -81.98611597032955,8.34810203594752,0 -81.93082613280862,8.41834234169616,0 -81.96841111676707,8.4990551018065,0 -82.06126135517903,8.509574777485025,0</coordinates>
          </LinearRing>
        </outerBoundaryIs>
      </Polygon>
    </Placemark>
    <Placemark>
      <name>8566a203fffffff</name>
      <styleUrl>#h3_poly_style</styleUrl>
      <Polygon>
        <outerBoundaryIs>
          <LinearRing>
            <coordinates>-81.80033519785322,8.326984840889933,0 -81.85560305417322,8.2566912467943,0 -81.81796499936507,8.175753556155868,0 -81.72503514708798,8.165157272711278,0 -81.6697898691746,8.235503937873398,0 -81.70745173589576,8.31639379329794,0 -81.80033519785322,8.326984840889933,0</coordinates>
          </LinearRing>
        </outerBoundaryIs>
      </Polygon>
    </Placemark>
    <Placemark>
      <name>8566a2b3fffffff</name>
      <styleUrl>#h3_poly_style</styleUrl>
      <Polygon>
        <outerBoundaryIs>
          <LinearRing>
            <coordinates>-81.35630613360543,8.505533738100183,0 -81.41140847081618,8.435475243453933,0 -81.37370059165858,8.354682292197909,0 -81.28086804567843,8.343996878797228,0 -81.22579024002748,8.414108059321105,0 -81.26352031975686,8.494851947000022,0 -81.35630613360543,8.505533738100183,0</coordinates>
          </LinearRing>
        </outerBoundaryIs>
      </Polygon>
    </Placemark>
    <Placemark>
      <name>8566a51bfffffff</name>
      <styleUrl>#h3_poly_style</styleUrl>
      <Polygon>
        <outerBoundaryIs>
          <LinearRing>
            <coordinates>-79.86577678050729,9.242593253392279,0 -79.92025182925342,9.173504407978166,0 -79.88236158712292,9.093356799663859,0 -79.78997940263572,9.082351052320517,0 -79.73553528862669,9.151491394982697,0 -79.77344229683746,9.231585973278078,0 -79.86577678050729,9.242593253392279,0</coordinates>
          </LinearRing>
        </outerBoundaryIs>
      </Polygon>
    </Placemark>
    <Placemark>
      <name>8566a213fffffff</name>
      <styleUrl>#h3_poly_style</styleUrl>
      <Polygon>
        <outerBoundaryIs>
          <LinearRing>
            <coordinates>-81.7827228033955,8.477949443556483,0 -81.83795880393868,8.40778661884282,0 -81.80033519785322,8.326984840889933,0 -81.70745173589576,8.31639379329794,0 -81.65223837061428,8.386609777421267,0 -81.68988570297682,8.467363627643477,0 -81.7827228033955,8.477949443556483,0</coordinates>
          </LinearRing>
        </outerBoundaryIs>
      </Polygon>
    </Placemark>
    <Placemark>
      <name>8566a2d3fffffff</name>
      <styleUrl>#h3_poly_style</styleUrl>
      <Polygon>
        <outerBoundaryIs>
          <LinearRing>
            <coordinates>-82.02581184157864,8.810662633482229,0 -82.08105960966638,8.740738411579693,0 -82.0435278748913,8.660253452574763,0 -81.9507237045843,8.649740071543006,0 -81.89549743775653,8.71971795708136,0 -81.9330537113874,8.800155536875684,0 -82.02581184157864,8.810662633482229,0</coordinates>
          </LinearRing>
        </outerBoundaryIs>
      </Polygon>
    </Placemark>
    <Placemark>
      <name>8566a553fffffff</name>
      <styleUrl>#h3_poly_style</styleUrl>
      <Polygon>
        <outerBoundaryIs>
          <LinearRing>
            <coordinates>-80.14286703379648,9.275479605922458,0 -80.19743427769501,9.206355747162426,0 -80.15959451260859,9.12624062884283,0 -80.06716961949824,9.115301680679275,0 -80.01263210406601,9.184477371170248,0 -80.05048962559829,9.264540162472752,0 -80.14286703379648,9.275479605922458,0</coordinates>
          </LinearRing>
        </outerBoundaryIs>
      </Polygon>
    </Placemark>
    <Placemark>
      <name>85661063fffffff</name>
      <styleUrl>#h3_poly_style</styleUrl>
      <Polygon>
        <outerBoundaryIs>
          <LinearRing>
            <coordinates>-77.97734225375173,8.558642439511228,0 -78.03120132265187,8.489407380932176,0 -77.99295935242884,8.408692237772689,0 -77.90084816652465,8.397269954195313,0 -77.8470282062888,8.466553806396549,0 -77.88528019716976,8.547211142334868,0 -77.97734225375173,8.558642439511228,0</coordinates>
          </LinearRing>
        </outerBoundaryIs>
      </Polygon>
    </Placemark>
    <Placemark>
      <name>8566a2dbfffffff</name>
      <styleUrl>#h3_poly_style</styleUrl>
      <Polygon>
        <outerBoundaryIs>
          <LinearRing>
            <coordinates>-82.17384588251151,8.751214501023926,0 -82.22914621146873,8.681212428857263,0 -82.19163954953838,8.600680497044234,0 -82.09880735718919,8.590197586491488,0 -82.0435278748913,8.660253452574763,0 -82.08105960966638,8.740738411579693,0 -82.17384588251151,8.751214501023926,0</coordinates>
          </LinearRing>
        </outerBoundaryIs>
      </Polygon>
    </Placemark>
    <Placemark>
      <name>8566a66ffffffff</name>
      <styleUrl>#h3_poly_style</styleUrl>
      <Polygon>
        <outerBoundaryIs>
          <LinearRing>
            <coordinates>-81.8778591919749,8.87000115585667,0 -81.9330537113874,8.800155536875684,0 -81.89549743775653,8.71971795708136,0 -81.80272251140397,8.709173756689495,0 -81.74755014589589,8.779072909093557,0 -81.78513042428642,8.859462705902274,0 -81.8778591919749,8.87000115585667,0</coordinates>
          </LinearRing>
        </outerBoundaryIs>
      </Polygon>
    </Placemark>
    <Placemark>
      <name>8566b56ffffffff</name>
      <styleUrl>#h3_poly_style</styleUrl>
      <Polygon>
        <outerBoundaryIs>
          <LinearRing>
            <coordinates>-82.91516986153832,8.452368608663933,0 -82.97072256581458,8.381988788801895,0 -82.93334927113831,8.30122818024725,0 -82.84039540392767,8.290892266726688,0 -82.7848602456872,8.361326532111024,0 -82.82226128001824,8.442042238929512,0 -82.91516986153832,8.452368608663933,0</coordinates>
          </LinearRing>
        </outerBoundaryIs>
      </Polygon>
    </Placemark>
    <Placemark>
      <name>8566104ffffffff</name>
      <styleUrl>#h3_poly_style</styleUrl>
      <Polygon>
        <outerBoundaryIs>
          <LinearRing>
            <coordinates>-78.23792543632827,8.742522815385447,0 -78.29186102208841,8.673386038505198,0 -78.25367353635993,8.592819394494992,0 -78.16153938986996,8.581446667335888,0 -78.10764177879669,8.650632699898146,0 -78.14584021321969,8.731142196529227,0 -78.23792543632827,8.742522815385447,0</coordinates>
          </LinearRing>
        </outerBoundaryIs>
      </Polygon>
    </Placemark>
    <Placemark>
      <name>8566a503fffffff</name>
      <styleUrl>#h3_poly_style</styleUrl>
      <Polygon>
        <outerBoundaryIs>
          <LinearRing>
            <coordinates>-79.73553528862669,9.151491394982697,0 -79.78997940263572,9.082351052320517,0 -79.75205681577908,9.002119573702634,0 -79.6596736793759,8.99108178167838,0 -79.60526108059402,9.060273411354338,0 -79.64319997544713,9.140451532151678,0 -79.73553528862669,9.151491394982697,0</coordinates>
          </LinearRing>
        </outerBoundaryIs>
      </Polygon>
    </Placemark>
    <Placemark>
      <name>8566a30bfffffff</name>
      <styleUrl>#h3_poly_style</styleUrl>
      <Polygon>
        <outerBoundaryIs>
          <LinearRing>
            <coordinates>-81.03355447163834,7.624250772180989,0 -81.08871010921847,7.55351265816242,0 -81.05083246116756,7.471933428885216,0 -80.95777788185423,7.461141957794395,0 -80.90264835388837,7.531931672132699,0 -80.94054716552955,7.613461238429904,0 -81.03355447163834,7.624250772180989,0</coordinates>
          </LinearRing>
        </outerBoundaryIs>
      </Polygon>
    </Placemark>
    <Placemark>
      <name>8566106bfffffff</name>
      <styleUrl>#h3_poly_style</styleUrl>
      <Polygon>
        <outerBoundaryIs>
          <LinearRing>
            <coordinates>-78.12332446736785,8.500805272568416,0 -78.17725458088904,8.431479488465342,0 -78.1390231622804,8.350706906636056,0 -78.04685095211019,8.339317540756243,0 -77.99295935242884,8.408692237772689,0 -78.03120132265187,8.489407380932176,0 -78.12332446736785,8.500805272568416,0</coordinates>
          </LinearRing>
        </outerBoundaryIs>
      </Polygon>
    </Placemark>
    <Placemark>
      <name>8566b593fffffff</name>
      <styleUrl>#h3_poly_style</styleUrl>
      <Polygon>
        <outerBoundaryIs>
          <LinearRing>
            <coordinates>-82.51063302754706,9.471955894043921,0 -82.56589798052532,9.402514252691589,0 -82.52855318393692,9.322683076161352,0 -82.43591716466467,9.312339795700883,0 -82.38067145669811,9.381836029694824,0 -82.4180423954066,9.461620926299561,0 -82.51063302754706,9.471955894043921,0</coordinates>
          </LinearRing>
        </outerBoundaryIs>
      </Polygon>
    </Placemark>
    <Placemark>
      <name>8566a2a7fffffff</name>
      <styleUrl>#h3_poly_style</styleUrl>
      <Polygon>
        <outerBoundaryIs>
          <LinearRing>
            <coordinates>-81.24312317527148,8.263117438625818,0 -81.29823300579675,8.192874413722333,0 -81.2604733408668,8.111860140930727,0 -81.16758188659098,8.101138172385264,0 -81.11249712921986,8.171433570744387,0 -81.15027862363857,8.25239854435109,0 -81.24312317527148,8.263117438625818,0</coordinates>
          </LinearRing>
        </outerBoundaryIs>
      </Polygon>
    </Placemark>
    <Placemark>
      <name>85661023fffffff</name>
      <styleUrl>#h3_poly_style</styleUrl>
      <Polygon>
        <outerBoundaryIs>
          <LinearRing>
            <coordinates>-77.55557073536217,8.581901989355757,0 -77.60924565577821,8.51280174666139,0 -77.57095844567154,8.432130502662353,0 -77.47898769205797,8.420618362471288,0 -77.42535362161372,8.489766927622759,0 -77.46364932944168,8.57037930609928,0 -77.55557073536217,8.581901989355757,0</coordinates>
          </LinearRing>
        </outerBoundaryIs>
      </Polygon>
    </Placemark>
    <Placemark>
      <name>8566a03bfffffff</name>
      <styleUrl>#h3_poly_style</styleUrl>
      <Polygon>
        <outerBoundaryIs>
          <LinearRing>
            <coordinates>-80.65210448993592,8.50023019014842,0 -80.7069817014448,8.43030912267894,0 -80.66913794813242,8.349494484352803,0 -80.57639717727844,8.338651811197579,0 -80.52154761231687,8.40862474355189,0 -80.55941104276764,8.4893884666913,0 -80.65210448993592,8.50023019014842,0</coordinates>
          </LinearRing>
        </outerBoundaryIs>
      </Polygon>
    </Placemark>
    <Placemark>
      <name>85661047fffffff</name>
      <styleUrl>#h3_poly_style</styleUrl>
      <Polygon>
        <outerBoundaryIs>
          <LinearRing>
            <coordinates>-78.0919750744456,8.800187844458138,0 -78.14584021321969,8.731142196529227,0 -78.10764177879669,8.650632699898146,0 -78.01556766117557,8.639226356895803,0 -77.96174109274399,8.708321140550177,0 -77.99994994557888,8.78877312467547,0 -78.0919750744456,8.800187844458138,0</coordinates>
          </LinearRing>
        </outerBoundaryIs>
      </Polygon>
    </Placemark>
    <Placemark>
      <name>8566104bfffffff</name>
      <styleUrl>#h3_poly_style</styleUrl>
      <Polygon>
        <outerBoundaryIs>
          <LinearRing>
            <coordinates>-78.36819188223501,8.834311022532617,0 -78.42216487423637,8.765223728274284,0 -78.38400521333038,8.684732831634202,0 -78.29186102208841,8.673386038505198,0 -78.23792543632827,8.742522815385447,0 -78.27609650918201,8.822956894771684,0 -78.36819188223501,8.834311022532617,0</coordinates>
          </LinearRing>
        </outerBoundaryIs>
      </Polygon>
    </Placemark>
    <Placemark>
      <name>8566b523fffffff</name>
      <styleUrl>#h3_poly_style</styleUrl>
      <Polygon>
        <outerBoundaryIs>
          <LinearRing>
            <coordinates>-82.47015048886095,8.631993825164026,0 -82.52555386319786,8.561838335024492,0 -82.48809894827744,8.481213687263724,0 -82.39521439005041,8.470790656943203,0 -82.33983054749875,8.541000201672318,0 -82.37731160274609,8.621578697273195,0 -82.47015048886095,8.631993825164026,0</coordinates>
          </LinearRing>
        </outerBoundaryIs>
      </Polygon>
    </Placemark>
    <Placemark>
      <name>8566b197fffffff</name>
      <styleUrl>#h3_poly_style</styleUrl>
      <Polygon>
        <outerBoundaryIs>
          <LinearRing>
            <coordinates>-82.50606501074753,8.330166245890098,0 -82.5615316226323,8.259752001806763,0 -82.5240486986422,8.178852939385678,0 -82.43107271598721,8.168414046538917,0 -82.37562551189707,8.238882181903358,0 -82.41313475366907,8.319735293903774,0 -82.50606501074753,8.330166245890098,0</coordinates>
          </LinearRing>
        </outerBoundaryIs>
      </Polygon>
    </Placemark>
    <Placemark>
      <name>8566a02bfffffff</name>
      <styleUrl>#h3_poly_style</styleUrl>
      <Polygon>
        <outerBoundaryIs>
          <LinearRing>
            <coordinates>-80.66913794813242,8.349494484352803,0 -80.72404730808444,8.27943982984448,0 -80.68618842796683,8.198490750863561,0 -80.59340030148363,8.187647147988539,0 -80.53851853983474,8.257753571326198,0 -80.57639717727844,8.338651811197579,0 -80.66913794813242,8.349494484352803,0</coordinates>
          </LinearRing>
        </outerBoundaryIs>
      </Polygon>
    </Placemark>
    <Placemark>
      <name>8566a0affffffff</name>
      <styleUrl>#h3_poly_style</styleUrl>
      <Polygon>
        <outerBoundaryIs>
          <LinearRing>
            <coordinates>-80.35718405372269,8.61810966022953,0 -80.41194097636249,8.548353956261995,0 -80.37405840623002,8.467641545427261,0 -80.28140018228001,8.45673652891224,0 -80.22667217856625,8.5265438445731,0 -80.26457335126163,8.607204548754224,0 -80.35718405372269,8.61810966022953,0</coordinates>
          </LinearRing>
        </outerBoundaryIs>
      </Polygon>
    </Placemark>
    <Placemark>
      <name>8566b453fffffff</name>
      <styleUrl>#h3_poly_style</styleUrl>
      <Polygon>
        <outerBoundaryIs>
          <LinearRing>
            <coordinates>-84.02884682176797,9.713286927807832,0 -84.08443808222654,9.643795504655262,0 -84.04749301318571,9.564338379089115,0 -83.95492518821094,9.554415078653804,0 -83.89934631617795,9.623962870743645,0 -83.93632275469774,9.703377563273357,0 -84.02884682176797,9.713286927807832,0</coordinates>
          </LinearRing>
        </outerBoundaryIs>
      </Polygon>
    </Placemark>
    <Placemark>
      <name>8566a007fffffff</name>
      <styleUrl>#h3_poly_style</styleUrl>
      <Polygon>
        <outerBoundaryIs>
          <LinearRing>
            <coordinates>-80.63508803090718,8.650696460367962,0 -80.68993312107956,8.580909672111266,0 -80.65210448993592,8.50023019014842,0 -80.55941104276764,8.4893884666913,0 -80.50459364718645,8.559227212403142,0 -80.54244187548095,8.639855706657825,0 -80.63508803090718,8.650696460367962,0</coordinates>
          </LinearRing>
        </outerBoundaryIs>
      </Polygon>
    </Placemark>
    <Placemark>
      <name>8566a253fffffff</name>
      <styleUrl>#h3_poly_style</styleUrl>
      <Polygon>
        <outerBoundaryIs>
          <LinearRing>
            <coordinates>-82.20945071619384,8.449877719598552,0 -82.26481442934924,8.379614330052298,0 -82.22727940485878,8.298807586992067,0 -82.1343552907862,8.28831099453539,0 -82.07901230482499,8.358628016480715,0 -82.11657257676487,8.439387974700812,0 -82.20945071619384,8.449877719598552,0</coordinates>
          </LinearRing>
        </outerBoundaryIs>
      </Polygon>
    </Placemark>
    <Placemark>
      <name>8566a357fffffff</name>
      <styleUrl>#h3_poly_style</styleUrl>
      <Polygon>
        <outerBoundaryIs>
          <LinearRing>
            <coordinates>-81.1644139512648,7.716457903947055,0 -81.21959510066492,7.645771626811395,0 -81.18175405580527,7.564274343002625,0 -81.08871010921847,7.55351265816242,0 -81.03355447163834,7.624250772180989,0 -81.07141713882493,7.705698714783095,0 -81.1644139512648,7.716457903947055,0</coordinates>
          </LinearRing>
        </outerBoundaryIs>
      </Polygon>
    </Placemark>
    <Placemark>
      <name>8566137bfffffff</name>
      <styleUrl>#h3_poly_style</styleUrl>
      <Polygon>
        <outerBoundaryIs>
          <LinearRing>
            <coordinates>-78.21775750870013,7.596199439862366,0 -78.27188327153964,7.526049005739138,0 -78.23355270820282,7.444504787005236,0 -78.14108529871521,7.433168125808674,0 -78.08699787624184,7.503366722756972,0 -78.12533939521437,7.58485381116431,0 -78.21775750870013,7.596199439862366,0</coordinates>
          </LinearRing>
        </outerBoundaryIs>
      </Polygon>
    </Placemark>
    <Placemark>
      <name>8566a5cffffffff</name>
      <styleUrl>#h3_poly_style</styleUrl>
      <Polygon>
        <outerBoundaryIs>
          <LinearRing>
            <coordinates>-79.99598422311716,9.333577303080435,0 -80.05048962559829,9.264540162472752,0 -80.01263210406601,9.184477371170248,0 -79.92025182925342,9.173504407978166,0 -79.86577678050729,9.242593253392279,0 -79.90365152532713,9.322603342159349,0 -79.99598422311716,9.333577303080435,0</coordinates>
          </LinearRing>
        </outerBoundaryIs>
      </Polygon>
    </Placemark>
    <Placemark>
      <name>8566a5d7fffffff</name>
      <styleUrl>#h3_poly_style</styleUrl>
      <Polygon>
        <outerBoundaryIs>
          <LinearRing>
            <coordinates>-79.83265703662734,9.540235032368876,0 -79.88706785761438,9.471425001092236,0 -79.84920860442055,9.391553089950689,0 -79.75692178776985,9.38054431274771,0 -79.70254198467765,9.449405999790509,0 -79.74041785320338,9.529224793843403,0 -79.83265703662734,9.540235032368876,0</coordinates>
          </LinearRing>
        </outerBoundaryIs>
      </Polygon>
    </Placemark>
    <Placemark>
      <name>8566a383fffffff</name>
      <styleUrl>#h3_poly_style</styleUrl>
      <Polygon>
        <outerBoundaryIs>
          <LinearRing>
            <coordinates>-80.70325595194223,8.047220417690207,0 -80.75822969016465,7.976900706016337,0 -80.72034054259454,7.895684932977675,0 -80.6274576090236,7.884839530301842,0 -80.57251137201257,7.9552108082174895,0 -80.61042043788657,8.036375905000352,0 -80.70325595194223,8.047220417690207,0</coordinates>
          </LinearRing>
        </outerBoundaryIs>
      </Polygon>
    </Placemark>
    <Placemark>
      <name>8566a56ffffffff</name>
      <styleUrl>#h3_poly_style</styleUrl>
      <Polygon>
        <outerBoundaryIs>
          <LinearRing>
            <coordinates>-79.93221601299982,8.644000804936518,0 -79.9868198526917,8.57436195868614,0 -79.94886756475564,8.493671052110079,0 -79.85629423890259,8.482671790836008,0 -79.80172116537092,8.552361776109192,0 -79.83969052321379,8.632999869091648,0 -79.93221601299982,8.644000804936518,0</coordinates>
          </LinearRing>
        </outerBoundaryIs>
      </Polygon>
    </Placemark>
    <Placemark>
      <name>8566a0abfffffff</name>
      <styleUrl>#h3_poly_style</styleUrl>
      <Polygon>
        <outerBoundaryIs>
          <LinearRing>
            <coordinates>-80.4876566219899,8.709559580162763,0 -80.54244187548095,8.639855706657825,0 -80.50459364718645,8.559227212403142,0 -80.41194097636249,8.548353956261995,0 -80.35718405372269,8.61810966022953,0 -80.39505134248982,8.69868677300699,0 -80.4876566219899,8.709559580162763,0</coordinates>
          </LinearRing>
        </outerBoundaryIs>
      </Polygon>
    </Placemark>
    <Placemark>
      <name>8566b5b7fffffff</name>
      <styleUrl>#h3_poly_style</styleUrl>
      <Polygon>
        <outerBoundaryIs>
          <LinearRing>
            <coordinates>-82.13831095797221,9.051470616021385,0 -82.19354800217089,8.981732677038814,0 -82.15606969276278,8.901478333366414,0 -82.06332931183425,8.89100905177268,0 -82.00811323288866,8.960800932068965,0 -82.04561644136123,9.041008128999637,0 -82.13831095797221,9.051470616021385,0</coordinates>
          </LinearRing>
        </outerBoundaryIs>
      </Polygon>
    </Placemark>
    <Placemark>
      <name>8566a2c3fffffff</name>
      <styleUrl>#h3_poly_style</styleUrl>
      <Polygon>
        <outerBoundaryIs>
          <LinearRing>
            <coordinates>-82.0435278748913,8.660253452574763,0 -82.09880735718919,8.590197586491488,0 -82.06126135517903,8.509574777485025,0 -81.96841111676707,8.4990551018065,0 -81.91315307723991,8.56916455295475,0 -81.9507237045843,8.649740071543006,0 -82.0435278748913,8.660253452574763,0</coordinates>
          </LinearRing>
        </outerBoundaryIs>
      </Polygon>
    </Placemark>
    <Placemark>
      <name>85661293fffffff</name>
      <styleUrl>#h3_poly_style</styleUrl>
      <Polygon>
        <outerBoundaryIs>
          <LinearRing>
            <coordinates>-78.62866776814509,9.017574702678015,0 -78.68271386363354,8.94858704360461,0 -78.64461101238626,8.868250608137817,0 -78.55244960234563,8.856957979376231,0 -78.49843977347228,8.92599556679361,0 -78.53655496150117,9.006275845446895,0 -78.62866776814509,9.017574702678015,0</coordinates>
          </LinearRing>
        </outerBoundaryIs>
      </Polygon>
    </Placemark>
    <Placemark>
      <name>8566a3affffffff</name>
      <styleUrl>#h3_poly_style</styleUrl>
      <Polygon>
        <outerBoundaryIs>
          <LinearRing>
            <coordinates>-80.47566026286043,7.5592260717149715,0 -80.53064308617974,7.488541731857512,0 -80.4926534063795,7.406902636314265,0 -80.39966161614949,7.395999009969975,0 -80.34470738616956,7.466734220006142,0 -80.38271622309537,7.548322169720688,0 -80.47566026286043,7.5592260717149715,0</coordinates>
          </LinearRing>
        </outerBoundaryIs>
      </Polygon>
    </Placemark>
    <Placemark>
      <name>8566a58bfffffff</name>
      <styleUrl>#h3_poly_style</styleUrl>
      <Polygon>
        <outerBoundaryIs>
          <LinearRing>
            <coordinates>-79.70254198467765,9.449405999790509,0 -79.75692178776985,9.38054431274771,0 -79.71903035234058,9.300587299286205,0 -79.62674282821979,9.289545404334772,0 -79.57239462157567,9.358458543358712,0 -79.61030221545764,9.438362111497792,0 -79.70254198467765,9.449405999790509,0</coordinates>
          </LinearRing>
        </outerBoundaryIs>
      </Polygon>
    </Placemark>
    <Placemark>
      <name>856d2913fffffff</name>
      <styleUrl>#h3_poly_style</styleUrl>
      <Polygon>
        <outerBoundaryIs>
          <LinearRing>
            <coordinates>-90.4300685525708,14.623021025761544,0 -90.37031967154118,14.694406550735982,0 -90.40017278692939,14.778159979331688,0 -90.48990452201635,14.79052909016207,0 -90.54970223899262,14.719053083175725,0 -90.51971947788083,14.635298540551279,0 -90.4300685525708,14.623021025761544,0</coordinates>
          </LinearRing>
        </outerBoundaryIs>
      </Polygon>
    </Placemark>
    <Placemark>
      <name>8566a3abfffffff</name>
      <styleUrl>#h3_poly_style</styleUrl>
      <Polygon>
        <outerBoundaryIs>
          <LinearRing>
            <coordinates>-80.6065723240104,7.651610507320917,0 -80.66158314581082,7.580977278741215,0 -80.62362840142768,7.4994174883746645,0 -80.53064308617974,7.488541731857512,0 -80.47566026286043,7.5592260717149715,0 -80.5136346263802,7.640735039755336,0 -80.6065723240104,7.651610507320917,0</coordinates>
          </LinearRing>
        </outerBoundaryIs>
      </Polygon>
    </Placemark>
    <Placemark>
      <name>8566a0a3fffffff</name>
      <styleUrl>#h3_poly_style</styleUrl>
      <Polygon>
        <outerBoundaryIs>
          <LinearRing>
            <coordinates>-80.3403265813527,8.768307018100238,0 -80.39505134248982,8.69868677300699,0 -80.35718405372269,8.61810966022953,0 -80.26457335126163,8.607204548754224,0 -80.2098775547734,8.676876497549827,0 -80.24776336767717,8.757401837840968,0 -80.3403265813527,8.768307018100238,0</coordinates>
          </LinearRing>
        </outerBoundaryIs>
      </Polygon>
    </Placemark>
    <Placemark>
      <name>85668493fffffff</name>
      <styleUrl>#h3_poly_style</styleUrl>
      <Polygon>
        <outerBoundaryIs>
          <LinearRing>
            <coordinates>-81.72254870503924,7.780596479172597,0 -81.77788987530742,7.709862180100485,0 -81.74016983884208,7.628435608962123,0 -81.64708488575717,7.617791170728809,0 -81.59176672208393,7.688578025282023,0 -81.62951037497632,7.769956740925667,0 -81.72254870503924,7.780596479172597,0</coordinates>
          </LinearRing>
        </outerBoundaryIs>
      </Polygon>
    </Placemark>
    <Placemark>
      <name>8566b53bfffffff</name>
      <styleUrl>#h3_poly_style</styleUrl>
      <Polygon>
        <outerBoundaryIs>
          <LinearRing>
            <coordinates>-82.60040923408344,8.722856964468852,0 -82.65583154281862,8.652755736054294,0 -82.61841721391447,8.572223515531542,0 -82.52555386319786,8.561838335024492,0 -82.47015048886095,8.631993825164026,0 -82.50759140237848,8.712480208692574,0 -82.60040923408344,8.722856964468852,0</coordinates>
          </LinearRing>
        </outerBoundaryIs>
      </Polygon>
    </Placemark>
    <Placemark>
      <name>8566a04ffffffff</name>
      <styleUrl>#h3_poly_style</styleUrl>
      <Polygon>
        <outerBoundaryIs>
          <LinearRing>
            <coordinates>-81.20847451264824,8.564830574689706,0 -81.26352031975686,8.494851947000022,0 -81.22579024002748,8.414108059321105,0 -81.13299256065653,8.403392247187137,0 -81.07797193184561,8.473423432564218,0 -81.11572367515383,8.554117852604811,0 -81.20847451264824,8.564830574689706,0</coordinates>
          </LinearRing>
        </outerBoundaryIs>
      </Polygon>
    </Placemark>
    <Placemark>
      <name>85661677fffffff</name>
      <styleUrl>#h3_poly_style</styleUrl>
      <Polygon>
        <outerBoundaryIs>
          <LinearRing>
            <coordinates>-78.74288281235631,9.257965884369517,0 -78.79693228681252,9.189169256334678,0 -78.7588745255907,9.109046693910162,0 -78.66675443498661,9.097776609653488,0 -78.61274068916919,9.166623478123844,0 -78.65081117894013,9.246690180655529,0 -78.74288281235631,9.257965884369517,0</coordinates>
          </LinearRing>
        </outerBoundaryIs>
      </Polygon>
    </Placemark>
    <Placemark>
      <name>8566a047fffffff</name>
      <styleUrl>#h3_poly_style</styleUrl>
      <Polygon>
        <outerBoundaryIs>
          <LinearRing>
            <coordinates>-81.06073507082756,8.624015873636209,0 -81.11572367515383,8.554117852604811,0 -81.07797193184561,8.473423432564218,0 -80.98521032863472,8.462676883345774,0 -80.93024754710895,8.532627334014578,0 -80.96802041713559,8.61327188506737,0 -81.06073507082756,8.624015873636209,0</coordinates>
          </LinearRing>
        </outerBoundaryIs>
      </Polygon>
    </Placemark>
    <Placemark>
      <name>8566a2b7fffffff</name>
      <styleUrl>#h3_poly_style</styleUrl>
      <Polygon>
        <outerBoundaryIs>
          <LinearRing>
            <coordinates>-81.22579024002748,8.414108059321105,0 -81.28086804567843,8.343996878797228,0 -81.24312317527148,8.263117438625818,0 -81.15027862363857,8.25239854435109,0 -81.09522594381741,8.322562192201037,0 -81.13299256065653,8.403392247187137,0 -81.22579024002748,8.414108059321105,0</coordinates>
          </LinearRing>
        </outerBoundaryIs>
      </Polygon>
    </Placemark>
    <Placemark>
      <name>8566a557fffffff</name>
      <styleUrl>#h3_poly_style</styleUrl>
      <Polygon>
        <outerBoundaryIs>
          <LinearRing>
            <coordinates>-80.01263210406601,9.184477371170248,0 -80.06716961949824,9.115301680679275,0 -80.02929667691788,9.035101418419496,0 -79.93686879164798,9.024129485543991,0 -79.88236158712292,9.093356799663859,0 -79.92025182925342,9.173504407978166,0 -80.01263210406601,9.184477371170248,0</coordinates>
          </LinearRing>
        </outerBoundaryIs>
      </Polygon>
    </Placemark>
    <Placemark>
      <name>8566a59bfffffff</name>
      <styleUrl>#h3_poly_style</styleUrl>
      <Polygon>
        <outerBoundaryIs>
          <LinearRing>
            <coordinates>-79.68607016342847,9.597946229625933,0 -79.74041785320338,9.529224793843403,0 -79.70254198467765,9.449405999790509,0 -79.61030221545764,9.438362111497792,0 -79.55598616246296,9.507135076623266,0 -79.5938781149582,9.586900386859124,0 -79.68607016342847,9.597946229625933,0</coordinates>
          </LinearRing>
        </outerBoundaryIs>
      </Polygon>
    </Placemark>
    <Placemark>
      <name>8566a23bfffffff</name>
      <styleUrl>#h3_poly_style</styleUrl>
      <Polygon>
        <outerBoundaryIs>
          <LinearRing>
            <coordinates>-81.68735874275727,8.084132132519779,0 -81.74263595903811,8.013655514464826,0 -81.7049450138668,7.932495820015359,0 -81.61195327766987,7.921860780547329,0 -81.55669918089814,7.992390154711274,0 -81.59441357126202,8.073501790636374,0 -81.68735874275727,8.084132132519779,0</coordinates>
          </LinearRing>
        </outerBoundaryIs>
      </Polygon>
    </Placemark>
    <Placemark>
      <name>8566b583fffffff</name>
      <styleUrl>#h3_poly_style</styleUrl>
      <Polygon>
        <outerBoundaryIs>
          <LinearRing>
            <coordinates>-82.52855318393692,9.322683076161352,0 -82.58384955968212,9.253108150707948,0 -82.54649086058562,9.173135436540958,0 -82.4538094277766,9.162783820879067,0 -82.3985322353617,9.232413279831235,0 -82.43591716466467,9.312339795700883,0 -82.52855318393692,9.322683076161352,0</coordinates>
          </LinearRing>
        </outerBoundaryIs>
      </Polygon>
    </Placemark>
    <Placemark>
      <name>8566b537fffffff</name>
      <styleUrl>#h3_poly_style</styleUrl>
      <Polygon>
        <outerBoundaryIs>
          <LinearRing>
            <coordinates>-82.32195940397291,8.691657860888279,0 -82.37731160274609,8.621578697273195,0 -82.33983054749875,8.541000201672318,0 -82.2469715581602,8.530547409186799,0 -82.19163954953838,8.600680497044234,0 -82.22914621146873,8.681212428857263,0 -82.32195940397291,8.691657860888279,0</coordinates>
          </LinearRing>
        </outerBoundaryIs>
      </Polygon>
    </Placemark>
    <Placemark>
      <name>8566b547fffffff</name>
      <styleUrl>#h3_poly_style</styleUrl>
      <Polygon>
        <outerBoundaryIs>
          <LinearRing>
            <coordinates>-83.00899035081092,8.844460667153687,0 -83.0644972312519,8.774393411294136,0 -83.02719312707869,8.694003969930554,0 -82.93435401528139,8.683726555071953,0 -82.87886421332806,8.753848610753622,0 -82.91619631663143,8.834193254456245,0 -83.00899035081092,8.844460667153687,0</coordinates>
          </LinearRing>
        </outerBoundaryIs>
      </Polygon>
    </Placemark>
    <Placemark>
      <name>8566a397fffffff</name>
      <styleUrl>#h3_poly_style</styleUrl>
      <Polygon>
        <outerBoundaryIs>
          <LinearRing>
            <coordinates>-80.55550645222672,8.106615113560713,0 -80.61042043788657,8.036375905000352,0 -80.57251137201257,7.9552108082174895,0 -80.47966881263007,7.944335986443534,0 -80.42478296909489,8.014626635447955,0 -80.46271141347502,8.09574064880977,0 -80.55550645222672,8.106615113560713,0</coordinates>
          </LinearRing>
        </outerBoundaryIs>
      </Polygon>
    </Placemark>
    <Placemark>
      <name>8566b517fffffff</name>
      <styleUrl>#h3_poly_style</styleUrl>
      <Polygon>
        <outerBoundaryIs>
          <LinearRing>
            <coordinates>-82.56444607967822,9.023314302868329,0 -82.61980537351938,8.953474839213289,0 -82.58241886342937,8.873221022897008,0 -82.48964652438941,8.86285266953502,0 -82.43430628985506,8.932746537861787,0 -82.4717192069418,9.012954329558877,0 -82.56444607967822,9.023314302868329,0</coordinates>
          </LinearRing>
        </outerBoundaryIs>
      </Polygon>
    </Placemark>
    <Placemark>
      <name>8566b563fffffff</name>
      <styleUrl>#h3_poly_style</styleUrl>
      <Polygon>
        <outerBoundaryIs>
          <LinearRing>
            <coordinates>-82.8970081830295,8.603242561504924,0 -82.95252942425567,8.532991260547737,0 -82.91516986153832,8.452368608663933,0 -82.82226128001824,8.442042238929512,0 -82.7667576498564,8.512348063170274,0 -82.80414486172053,8.59292570733475,0 -82.8970081830295,8.603242561504924,0</coordinates>
          </LinearRing>
        </outerBoundaryIs>
      </Polygon>
    </Placemark>
    <Placemark>
      <name>8566a39bfffffff</name>
      <styleUrl>#h3_poly_style</styleUrl>
      <Polygon>
        <outerBoundaryIs>
          <LinearRing>
            <coordinates>-80.83395746563589,8.139116664814688,0 -80.88895811155417,8.06884874869848,0 -80.85110447702904,7.9877156019280315,0 -80.75822969016465,7.976900706016337,0 -80.70325595194223,8.047220417690207,0 -80.74112996348471,8.128303211586452,0 -80.83395746563589,8.139116664814688,0</coordinates>
          </LinearRing>
        </outerBoundaryIs>
      </Polygon>
    </Placemark>
    <Placemark>
      <name>8566a393fffffff</name>
      <styleUrl>#h3_poly_style</styleUrl>
      <Polygon>
        <outerBoundaryIs>
          <LinearRing>
            <coordinates>-80.68618842796683,8.198490750863561,0 -80.74112996348471,8.128303211586452,0 -80.70325595194223,8.047220417690207,0 -80.61042043788657,8.036375905000352,0 -80.55550645222672,8.106615113560713,0 -80.59340030148363,8.187647147988539,0 -80.68618842796683,8.198490750863561,0</coordinates>
          </LinearRing>
        </outerBoundaryIs>
      </Polygon>
    </Placemark>
    <Placemark>
      <name>8566b527fffffff</name>
      <styleUrl>#h3_poly_style</styleUrl>
      <Polygon>
        <outerBoundaryIs>
          <LinearRing>
            <coordinates>-82.33983054749875,8.541000201672318,0 -82.39521439005041,8.470790656943203,0 -82.3577192426812,8.390074499233847,0 -82.26481442934924,8.379614330052298,0 -82.20945071619384,8.449877719598552,0 -82.2469715581602,8.530547409186799,0 -82.33983054749875,8.541000201672318,0</coordinates>
          </LinearRing>
        </outerBoundaryIs>
      </Polygon>
    </Placemark>
    <Placemark>
      <name>8566a353fffffff</name>
      <styleUrl>#h3_poly_style</styleUrl>
      <Polygon>
        <outerBoundaryIs>
          <LinearRing>
            <coordinates>-81.29522545321792,7.808551328590028,0 -81.3504315164926,7.737917122191997,0 -81.31262744510742,7.656502771352597,0 -81.21959510066492,7.645771626811395,0 -81.1644139512648,7.716457903947055,0 -81.20224010253246,7.797823234953105,0 -81.29522545321792,7.808551328590028,0</coordinates>
          </LinearRing>
        </outerBoundaryIs>
      </Polygon>
    </Placemark>
    <Placemark>
      <name>8566b1d3fffffff</name>
      <styleUrl>#h3_poly_style</styleUrl>
      <Polygon>
        <outerBoundaryIs>
          <LinearRing>
            <coordinates>-83.06365190808613,8.392286301903818,0 -83.11925297993204,8.32183327525299,0 -83.08190795733893,8.241028186912747,0 -82.98893346224754,8.230720577880083,0 -82.93334927113831,8.30122818024725,0 -82.97072256581458,8.381988788801895,0 -83.06365190808613,8.392286301903818,0</coordinates>
          </LinearRing>
        </outerBoundaryIs>
      </Polygon>
    </Placemark>
    <Placemark>
      <name>8566b59bfffffff</name>
      <styleUrl>#h3_poly_style</styleUrl>
      <Polygon>
        <outerBoundaryIs>
          <LinearRing>
            <coordinates>-82.6585126093701,9.41281641341758,0 -82.71382757489975,9.343296213656673,0 -82.67650944938018,9.26341915325008,0 -82.58384955968212,9.253108150707948,0 -82.52855318393692,9.322683076161352,0 -82.56589798052532,9.402514252691589,0 -82.6585126093701,9.41281641341758,0</coordinates>
          </LinearRing>
        </outerBoundaryIs>
      </Polygon>
    </Placemark>
    <Placemark>
      <name>8566a2cbfffffff</name>
      <styleUrl>#h3_poly_style</styleUrl>
      <Polygon>
        <outerBoundaryIs>
          <LinearRing>
            <coordinates>-82.19163954953838,8.600680497044234,0 -82.2469715581602,8.530547409186799,0 -82.20945071619384,8.449877719598552,0 -82.11657257676487,8.439387974700812,0 -82.06126135517903,8.509574777485025,0 -82.09880735718919,8.590197586491488,0 -82.19163954953838,8.600680497044234,0</coordinates>
          </LinearRing>
        </outerBoundaryIs>
      </Polygon>
    </Placemark>
    <Placemark>
      <name>8566a583fffffff</name>
      <styleUrl>#h3_poly_style</styleUrl>
      <Polygon>
        <outerBoundaryIs>
          <LinearRing>
            <coordinates>-79.55598616246296,9.507135076623266,0 -79.61030221545764,9.438362111497792,0 -79.57239462157567,9.358458543358712,0 -79.48015522089078,9.347381739660346,0 -79.42587138170437,9.41620603090409,0 -79.4637946024449,9.49605578646179,0 -79.55598616246296,9.507135076623266,0</coordinates>
          </LinearRing>
        </outerBoundaryIs>
      </Polygon>
    </Placemark>
    <Placemark>
      <name>8566a07bfffffff</name>
      <styleUrl>#h3_poly_style</styleUrl>
      <Polygon>
        <outerBoundaryIs>
          <LinearRing>
            <coordinates>-81.07797193184561,8.473423432564218,0 -81.13299256065653,8.403392247187137,0 -81.09522594381741,8.322562192201037,0 -81.00241736030729,8.311813093283156,0 -80.94742250298327,8.381896618276446,0 -80.98521032863472,8.462676883345774,0 -81.07797193184561,8.473423432564218,0</coordinates>
          </LinearRing>
        </outerBoundaryIs>
      </Polygon>
    </Placemark>
    <Placemark>
      <name>8566a287fffffff</name>
      <styleUrl>#h3_poly_style</styleUrl>
      <Polygon>
        <outerBoundaryIs>
          <LinearRing>
            <coordinates>-81.48677229774158,8.596837549384697,0 -81.54189857214722,8.526831956493792,0 -81.50422804989952,8.44612644273218,0 -81.41140847081618,8.435475243453933,0 -81.35630613360543,8.505533738100183,0 -81.39399930935392,8.586190509348322,0 -81.48677229774158,8.596837549384697,0</coordinates>
          </LinearRing>
        </outerBoundaryIs>
      </Polygon>
    </Placemark>
    <Placemark>
      <name>8566a14ffffffff</name>
      <styleUrl>#h3_poly_style</styleUrl>
      <Polygon>
        <outerBoundaryIs>
          <LinearRing>
            <coordinates>-80.29401932038785,7.922527050772359,0 -80.34887642985616,7.852185192870499,0 -80.3108983799993,7.770858445038074,0 -80.21804463424176,7.759925271504356,0 -80.16321685042041,7.8303181040441965,0 -80.20121335726792,7.9115931196467875,0 -80.29401932038785,7.922527050772359,0</coordinates>
          </LinearRing>
        </outerBoundaryIs>
      </Polygon>
    </Placemark>
    <Placemark>
      <name>8566a507fffffff</name>
      <styleUrl>#h3_poly_style</styleUrl>
      <Polygon>
        <outerBoundaryIs>
          <LinearRing>
            <coordinates>-79.60526108059402,9.060273411354338,0 -79.6596736793759,8.99108178167838,0 -79.62171912496477,8.910767385985608,0 -79.52933599516416,8.899698292553763,0 -79.47495549155086,8.968940996325989,0 -79.51292589502575,9.049201706119925,0 -79.60526108059402,9.060273411354338,0</coordinates>
          </LinearRing>
        </outerBoundaryIs>
      </Polygon>
    </Placemark>
    <Placemark>
      <name>8566a50bfffffff</name>
      <styleUrl>#h3_poly_style</styleUrl>
      <Polygon>
        <outerBoundaryIs>
          <LinearRing>
            <coordinates>-79.88236158712292,9.093356799663859,0 -79.93686879164798,9.024129485543991,0 -79.89896304653632,8.943845025709926,0 -79.80653312742773,8.932840846731041,0 -79.75205681577908,9.002119573702634,0 -79.78997940263572,9.082351052320517,0 -79.88236158712292,9.093356799663859,0</coordinates>
          </LinearRing>
        </outerBoundaryIs>
      </Polygon>
    </Placemark>
    <Placemark>
      <name>8566a073fffffff</name>
      <styleUrl>#h3_poly_style</styleUrl>
      <Polygon>
        <outerBoundaryIs>
          <LinearRing>
            <coordinates>-80.93024754710895,8.532627334014578,0 -80.98521032863472,8.462676883345774,0 -80.94742250298327,8.381896618276446,0 -80.85465109550012,8.37111697715818,0 -80.79971472883787,8.441119639880277,0 -80.83752322585282,8.52184971302962,0 -80.93024754710895,8.532627334014578,0</coordinates>
          </LinearRing>
        </outerBoundaryIs>
      </Polygon>
    </Placemark>
    <Placemark>
      <name>8566a5c7fffffff</name>
      <styleUrl>#h3_poly_style</styleUrl>
      <Polygon>
        <outerBoundaryIs>
          <LinearRing>
            <coordinates>-79.84920860442055,9.391553089950689,0 -79.90365152532713,9.322603342159349,0 -79.86577678050729,9.242593253392279,0 -79.77344229683746,9.231585973278078,0 -79.71903035234058,9.300587299286205,0 -79.75692178776985,9.38054431274771,0 -79.84920860442055,9.391553089950689,0</coordinates>
          </LinearRing>
        </outerBoundaryIs>
      </Polygon>
    </Placemark>
    <Placemark>
      <name>8566a573fffffff</name>
      <styleUrl>#h3_poly_style</styleUrl>
      <Polygon>
        <outerBoundaryIs>
          <LinearRing>
            <coordinates>-79.89896304653632,8.943845025709926,0 -79.9535024347991,8.874479881842527,0 -79.91558118104994,8.794059248476648,0 -79.82310349351026,8.783056673362967,0 -79.76859495607458,8.852473142250439,0 -79.80653312742773,8.932840846731041,0 -79.89896304653632,8.943845025709926,0</coordinates>
          </LinearRing>
        </outerBoundaryIs>
      </Polygon>
    </Placemark>
    <Placemark>
      <name>8566aed3fffffff</name>
      <styleUrl>#h3_poly_style</styleUrl>
      <Polygon>
        <outerBoundaryIs>
          <LinearRing>
            <coordinates>-80.19686538112002,7.52645822580337,0 -80.25175797584843,7.455802647493042,0 -80.2137150436103,7.374136724058738,0 -80.12076123536406,7.363178248540027,0 -80.06589846775415,7.433884329424627,0 -80.10395955139602,7.515498367938871,0 -80.19686538112002,7.52645822580337,0</coordinates>
          </LinearRing>
        </outerBoundaryIs>
      </Polygon>
    </Placemark>
    <Placemark>
      <name>8566b533fffffff</name>
      <styleUrl>#h3_poly_style</styleUrl>
      <Polygon>
        <outerBoundaryIs>
          <LinearRing>
            <coordinates>-82.45221961015716,8.782505241387925,0 -82.50759140237848,8.712480208692574,0 -82.47015048886095,8.631993825164026,0 -82.37731160274609,8.621578697273195,0 -82.32195940397291,8.691657860888279,0 -82.35942636940113,8.772097996650889,0 -82.45221961015716,8.782505241387925,0</coordinates>
          </LinearRing>
        </outerBoundaryIs>
      </Polygon>
    </Placemark>
    <Placemark>
      <name>856613dbfffffff</name>
      <styleUrl>#h3_poly_style</styleUrl>
      <Polygon>
        <outerBoundaryIs>
          <LinearRing>
            <coordinates>-78.28521791575388,8.292598743567641,0 -78.33925101091465,8.223044311953263,0 -78.30101423948364,8.142084242326202,0 -78.20873309466204,8.130735618552775,0 -78.1547378856911,8.200338966200064,0 -78.19298580842515,8.281242014146429,0 -78.28521791575388,8.292598743567641,0</coordinates>
          </LinearRing>
        </outerBoundaryIs>
      </Polygon>
    </Placemark>
    <Placemark>
      <name>8566a023fffffff</name>
      <styleUrl>#h3_poly_style</styleUrl>
      <Polygon>
        <outerBoundaryIs>
          <LinearRing>
            <coordinates>-80.52154761231687,8.40862474355189,0 -80.57639717727844,8.338651811197579,0 -80.53851853983474,8.257753571326198,0 -80.44577098938588,8.246879486466478,0 -80.39094966130999,8.316904061240635,0 -80.42884751784364,8.39775106153525,0 -80.52154761231687,8.40862474355189,0</coordinates>
          </LinearRing>
        </outerBoundaryIs>
      </Polygon>
    </Placemark>
    <Placemark>
      <name>8566105bfffffff</name>
      <styleUrl>#h3_poly_style</styleUrl>
      <Polygon>
        <outerBoundaryIs>
          <LinearRing>
            <coordinates>-78.35239462691898,8.983615394046605,0 -78.4063352059499,8.914668693970745,0 -78.36819188223501,8.834311022532617,0 -78.27609650918201,8.822956894771684,0 -78.22219336655424,8.89195318060068,0 -78.26034803439462,8.97225400044478,0 -78.35239462691898,8.983615394046605,0</coordinates>
          </LinearRing>
        </outerBoundaryIs>
      </Polygon>
    </Placemark>
    <Placemark>
      <name>8566a3bbfffffff</name>
      <styleUrl>#h3_poly_style</styleUrl>
      <Polygon>
        <outerBoundaryIs>
          <LinearRing>
            <coordinates>-80.58953332174511,7.803542113392801,0 -80.64451183746415,7.733039492099809,0 -80.6065723240104,7.651610507320917,0 -80.5136346263802,7.640735039755336,0 -80.45868415722454,7.711288885546597,0 -80.49664320940327,7.792666957377275,0 -80.58953332174511,7.803542113392801,0</coordinates>
          </LinearRing>
        </outerBoundaryIs>
      </Polygon>
    </Placemark>
    <Placemark>
      <name>8566a3cbfffffff</name>
      <styleUrl>#h3_poly_style</styleUrl>
      <Polygon>
        <outerBoundaryIs>
          <LinearRing>
            <coordinates>-81.27784075933202,7.9603376147099025,0 -81.33301471865576,7.889833066774604,0 -81.29522545321792,7.808551328590028,0 -81.20224010253246,7.797823234953105,0 -81.14709111038586,7.868379958054417,0 -81.1849023720371,7.949612579724071,0 -81.27784075933202,7.9603376147099025,0</coordinates>
          </LinearRing>
        </outerBoundaryIs>
      </Polygon>
    </Placemark>
    <Placemark>
      <name>8566a17bfffffff</name>
      <styleUrl>#h3_poly_style</styleUrl>
      <Polygon>
        <outerBoundaryIs>
          <LinearRing>
            <coordinates>-80.16321685042041,7.8303181040441965,0 -80.21804463424176,7.759925271504356,0 -80.18003265759971,7.678519188452604,0 -80.08717477291825,7.667557979682134,0 -80.03237690592435,7.7380015498825925,0 -80.07040687730526,7.819355575932627,0 -80.16321685042041,7.8303181040441965,0</coordinates>
          </LinearRing>
        </outerBoundaryIs>
      </Polygon>
    </Placemark>
    <Placemark>
      <name>8566b1c7fffffff</name>
      <styleUrl>#h3_poly_style</styleUrl>
      <Polygon>
        <outerBoundaryIs>
          <LinearRing>
            <coordinates>-82.95154643414249,8.149822724404087,0 -83.00716213587322,8.079188085962157,0 -82.96976137289313,7.998153709421606,0 -82.87671685793299,7.987798623944714,0 -82.82111857150082,8.0584875416632,0 -82.85854725577929,8.139477238945208,0 -82.95154643414249,8.149822724404087,0</coordinates>
          </LinearRing>
        </outerBoundaryIs>
      </Polygon>
    </Placemark>
    <Placemark>
      <name>8566a1c3fffffff</name>
      <styleUrl>#h3_poly_style</styleUrl>
      <Polygon>
        <outerBoundaryIs>
          <LinearRing>
            <coordinates>-80.09612233371558,8.434863840847424,0 -80.15082083080682,8.365005134954869,0 -80.11287070114538,8.284127790678758,0 -80.02020426190855,8.27316149512085,0 -79.96553585872081,8.34307136708469,0 -80.00350367217749,8.423896353374772,0 -80.09612233371558,8.434863840847424,0</coordinates>
          </LinearRing>
        </outerBoundaryIs>
      </Polygon>
    </Placemark>
    <Placemark>
      <name>85679b2bfffffff</name>
      <styleUrl>#h3_poly_style</styleUrl>
      <Polygon>
        <outerBoundaryIs>
          <LinearRing>
            <coordinates>-82.49273036926057,9.620952582547599,0 -82.54796392364938,9.551644888628337,0 -82.51063302754706,9.471955894043921,0 -82.4180423954066,9.461620926299561,0 -82.36282814749144,9.53098326850352,0 -82.40018509783276,9.61062590499691,0 -82.49273036926057,9.620952582547599,0</coordinates>
          </LinearRing>
        </outerBoundaryIs>
      </Polygon>
    </Placemark>
    <Placemark>
      <name>8566106ffffffff</name>
      <styleUrl>#h3_poly_style</styleUrl>
      <Polygon>
        <outerBoundaryIs>
          <LinearRing>
            <coordinates>-77.99295935242884,8.408692237772689,0 -78.04685095211019,8.339317540756243,0 -78.00859241088585,8.25847188916372,0 -77.91643205696238,8.247058696438206,0 -77.86257953861346,8.316482070680875,0 -77.90084816652465,8.397269954195313,0 -77.99295935242884,8.408692237772689,0</coordinates>
          </LinearRing>
        </outerBoundaryIs>
      </Polygon>
    </Placemark>
    <Placemark>
      <name>8566a5b7fffffff</name>
      <styleUrl>#h3_poly_style</styleUrl>
      <Polygon>
        <outerBoundaryIs>
          <LinearRing>
            <coordinates>-79.1655548089235,9.234000978107185,0 -79.21977249182734,9.165074654990704,0 -79.18177198979448,9.084922437135535,0 -79.08953942715296,9.073751331296318,0 -79.03535568542353,9.142728354803877,0 -79.07337043825946,9.222825772226997,0 -79.1655548089235,9.234000978107185,0</coordinates>
          </LinearRing>
        </outerBoundaryIs>
      </Polygon>
    </Placemark>
    <Placemark>
      <name>8566a237fffffff</name>
      <styleUrl>#h3_poly_style</styleUrl>
      <Polygon>
        <outerBoundaryIs>
          <LinearRing>
            <coordinates>-81.40854132281088,8.052178633601377,0 -81.46373965220212,7.981726488837914,0 -81.42598764093061,7.900529317952894,0 -81.33301471865576,7.889833066774604,0 -81.27784075933202,7.9603376147099025,0 -81.31561522261185,8.041485990192202,0 -81.40854132281088,8.052178633601377,0</coordinates>
          </LinearRing>
        </outerBoundaryIs>
      </Polygon>
    </Placemark>
    <Placemark>
      <name>8566a2affffffff</name>
      <styleUrl>#h3_poly_style</styleUrl>
      <Polygon>
        <outerBoundaryIs>
          <LinearRing>
            <coordinates>-81.3911123138956,8.203563444549333,0 -81.44627861974904,8.133241794738158,0 -81.40854132281088,8.052178633601377,0 -81.31561522261185,8.041485990192202,0 -81.2604733408668,8.111860140930727,0 -81.29823300579675,8.192874413722333,0 -81.3911123138956,8.203563444549333,0</coordinates>
          </LinearRing>
        </outerBoundaryIs>
      </Polygon>
    </Placemark>
    <Placemark>
      <name>8566b587fffffff</name>
      <styleUrl>#h3_poly_style</styleUrl>
      <Polygon>
        <outerBoundaryIs>
          <LinearRing>
            <coordinates>-82.3985322353617,9.232413279831235,0 -82.4538094277766,9.162783820879067,0 -82.41641050567361,9.082716336628467,0 -82.32370847532009,9.072324800220962,0 -82.26845106002004,9.142008597884217,0 -82.30587577002464,9.22202956852852,0 -82.3985322353617,9.232413279831235,0</coordinates>
          </LinearRing>
        </outerBoundaryIs>
      </Polygon>
    </Placemark>
    <Placemark>
      <name>8566a593fffffff</name>
      <styleUrl>#h3_poly_style</styleUrl>
      <Polygon>
        <outerBoundaryIs>
          <LinearRing>
            <coordinates>-79.53959418736085,9.655532572386257,0 -79.5938781149582,9.586900386859124,0 -79.55598616246296,9.507135076623266,0 -79.4637946024449,9.49605578646179,0 -79.4095429278353,9.564739375294861,0 -79.44745043350383,9.644450837731505,0 -79.53959418736085,9.655532572386257,0</coordinates>
          </LinearRing>
        </outerBoundaryIs>
      </Polygon>
    </Placemark>
    <Placemark>
      <name>8566a3b7fffffff</name>
      <styleUrl>#h3_poly_style</styleUrl>
      <Polygon>
        <outerBoundaryIs>
          <LinearRing>
            <coordinates>-80.3108983799993,7.770858445038074,0 -80.36578783520888,7.700384733418228,0 -80.32779439438787,7.618927002091419,0 -80.23489283289739,7.607994614799529,0 -80.18003265759971,7.678519188452604,0 -80.21804463424176,7.759925271504356,0 -80.3108983799993,7.770858445038074,0</coordinates>
          </LinearRing>
        </outerBoundaryIs>
      </Polygon>
    </Placemark>
    <Placemark>
      <name>8566a5c3fffffff</name>
      <styleUrl>#h3_poly_style</styleUrl>
      <Polygon>
        <outerBoundaryIs>
          <LinearRing>
            <coordinates>-79.97935301181172,9.482399927074857,0 -80.03382632909155,9.413501961840481,0 -79.99598422311716,9.333577303080435,0 -79.90365152532713,9.322603342159349,0 -79.84920860442055,9.391553089950689,0 -79.88706785761438,9.471425001092236,0 -79.97935301181172,9.482399927074857,0</coordinates>
          </LinearRing>
        </outerBoundaryIs>
      </Polygon>
    </Placemark>
    <Placemark>
      <name>8566a14bfffffff</name>
      <styleUrl>#h3_poly_style</styleUrl>
      <Polygon>
        <outerBoundaryIs>
          <LinearRing>
            <coordinates>-80.42478296909489,8.014626635447955,0 -80.47966881263007,7.944335986443534,0 -80.44172506683661,7.86308956951226,0 -80.34887642985616,7.852185192870499,0 -80.29401932038785,7.922527050772359,0 -80.33198198443696,8.003722060014775,0 -80.42478296909489,8.014626635447955,0</coordinates>
          </LinearRing>
        </outerBoundaryIs>
      </Polygon>
    </Placemark>
    <Placemark>
      <name>8566b50ffffffff</name>
      <styleUrl>#h3_poly_style</styleUrl>
      <Polygon>
        <outerBoundaryIs>
          <LinearRing>
            <coordinates>-82.73060548072596,8.813588006041101,0 -82.7860461267335,8.743541243858864,0 -82.7486727356342,8.663102360496765,0 -82.65583154281862,8.652755736054294,0 -82.60040923408344,8.722856964468852,0 -82.63780965261417,8.803250325169538,0 -82.73060548072596,8.813588006041101,0</coordinates>
          </LinearRing>
        </outerBoundaryIs>
      </Polygon>
    </Placemark>
    <Placemark>
      <name>8566a387fffffff</name>
      <styleUrl>#h3_poly_style</styleUrl>
      <Polygon>
        <outerBoundaryIs>
          <LinearRing>
            <coordinates>-80.57251137201257,7.9552108082174895,0 -80.6274576090236,7.884839530301842,0 -80.58953332174511,7.803542113392801,0 -80.49664320940327,7.792666957377275,0 -80.44172506683661,7.86308956951226,0 -80.47966881263007,7.944335986443534,0 -80.57251137201257,7.9552108082174895,0</coordinates>
          </LinearRing>
        </outerBoundaryIs>
      </Polygon>
    </Placemark>
    <Placemark>
      <name>8566a38bfffffff</name>
      <styleUrl>#h3_poly_style</styleUrl>
      <Polygon>
        <outerBoundaryIs>
          <LinearRing>
            <coordinates>-80.85110447702904,7.9877156019280315,0 -80.90613730299434,7.917316132527819,0 -80.86826861380793,7.836050093184055,0 -80.77534651067621,7.825233771385425,0 -80.72034054259454,7.895684932977675,0 -80.75822969016465,7.976900706016337,0 -80.85110447702904,7.9877156019280315,0</coordinates>
          </LinearRing>
        </outerBoundaryIs>
      </Polygon>
    </Placemark>
    <Placemark>
      <name>8566a2c7fffffff</name>
      <styleUrl>#h3_poly_style</styleUrl>
      <Polygon>
        <outerBoundaryIs>
          <LinearRing>
            <coordinates>-81.91315307723991,8.56916455295475,0 -81.96841111676707,8.4990551018065,0 -81.93082613280862,8.41834234169616,0 -81.83795880393868,8.40778661884282,0 -81.7827228033955,8.477949443556483,0 -81.82033196382368,8.558614594928224,0 -81.91315307723991,8.56916455295475,0</coordinates>
          </LinearRing>
        </outerBoundaryIs>
      </Polygon>
    </Placemark>
    <Placemark>
      <name>8566a31bfffffff</name>
      <styleUrl>#h3_poly_style</styleUrl>
      <Polygon>
        <outerBoundaryIs>
          <LinearRing>
            <coordinates>-81.01629371084692,7.776307382346691,0 -81.07141713882493,7.705698714783095,0 -81.03355447163834,7.624250772180989,0 -80.94054716552955,7.613461238429904,0 -80.8854498985557,7.684121617048232,0 -80.92333364678666,7.7655197995808205,0 -81.01629371084692,7.776307382346691,0</coordinates>
          </LinearRing>
        </outerBoundaryIs>
      </Polygon>
    </Placemark>
    <Placemark>
      <name>85661663fffffff</name>
      <styleUrl>#h3_poly_style</styleUrl>
      <Polygon>
        <outerBoundaryIs>
          <LinearRing>
            <coordinates>-78.88905870646093,9.200409813586257,0 -78.94317562103788,9.13152266487243,0 -78.90513111901245,9.051344606038736,0 -78.81295631658557,9.040109181972985,0 -78.7588745255907,9.109046693910162,0 -78.79693228681252,9.189169256334678,0 -78.88905870646093,9.200409813586257,0</coordinates>
          </LinearRing>
        </outerBoundaryIs>
      </Polygon>
    </Placemark>
    <Placemark>
      <name>8566164ffffffff</name>
      <styleUrl>#h3_poly_style</styleUrl>
      <Polygon>
        <outerBoundaryIs>
          <LinearRing>
            <coordinates>-79.14935398814906,9.382802578442805,0 -79.20353943103433,9.31401679364704,0 -79.1655548089235,9.234000978107185,0 -79.07337043825946,9.222825772226997,0 -79.01921897280455,9.29166234432944,0 -79.05721777388192,9.371623323485013,0 -79.14935398814906,9.382802578442805,0</coordinates>
          </LinearRing>
        </outerBoundaryIs>
      </Polygon>
    </Placemark>
    <Placemark>
      <name>8566a567fffffff</name>
      <styleUrl>#h3_poly_style</styleUrl>
      <Polygon>
        <outerBoundaryIs>
          <LinearRing>
            <coordinates>-79.78514973182374,8.702553427438264,0 -79.83969052321379,8.632999869091648,0 -79.80172116537092,8.552361776109192,0 -79.70919435424062,8.54133042762628,0 -79.65468495484625,8.610934999809185,0 -79.69267084645178,8.69151989269249,0 -79.78514973182374,8.702553427438264,0</coordinates>
          </LinearRing>
        </outerBoundaryIs>
      </Polygon>
    </Placemark>
    <Placemark>
      <name>8566a2a3fffffff</name>
      <styleUrl>#h3_poly_style</styleUrl>
      <Polygon>
        <outerBoundaryIs>
          <LinearRing>
            <coordinates>-81.37370059165858,8.354682292197909,0 -81.42883490012277,8.28449186245523,0 -81.3911123138956,8.203563444549333,0 -81.29823300579675,8.192874413722333,0 -81.24312317527148,8.263117438625818,0 -81.28086804567843,8.343996878797228,0 -81.37370059165858,8.354682292197909,0</coordinates>
          </LinearRing>
        </outerBoundaryIs>
      </Polygon>
    </Placemark>
    <Placemark>
      <name>8566a3c3fffffff</name>
      <styleUrl>#h3_poly_style</styleUrl>
      <Polygon>
        <outerBoundaryIs>
          <LinearRing>
            <coordinates>-81.12978551056216,8.020039006533178,0 -81.1849023720371,7.949612579724071,0 -81.14709111038586,7.868379958054417,0 -81.05414140133101,7.8576232752685415,0 -80.99905015616504,7.928101750598834,0 -81.03688287412648,8.00928484088036,0 -81.12978551056216,8.020039006533178,0</coordinates>
          </LinearRing>
        </outerBoundaryIs>
      </Polygon>
    </Placemark>
    <Placemark>
      <name>8566a56bfffffff</name>
      <styleUrl>#h3_poly_style</styleUrl>
      <Polygon>
        <outerBoundaryIs>
          <LinearRing>
            <coordinates>-80.0626759875358,8.735526698695407,0 -80.11731000850794,8.665939211900929,0 -80.079390769988,8.585330605946014,0 -79.9868198526917,8.57436195868614,0 -79.93221601299982,8.644000804936518,0 -79.97015278102856,8.724556923875971,0 -80.0626759875358,8.735526698695407,0</coordinates>
          </LinearRing>
        </outerBoundaryIs>
      </Polygon>
    </Placemark>
    <Placemark>
      <name>8566a28ffffffff</name>
      <styleUrl>#h3_poly_style</styleUrl>
      <Polygon>
        <outerBoundaryIs>
          <LinearRing>
            <coordinates>-81.63470422460325,8.537448212662081,0 -81.68988570297682,8.467363627643477,0 -81.65223837061428,8.386609777421267,0 -81.55938624099737,8.375988827175398,0 -81.50422804989952,8.44612644273218,0 -81.54189857214722,8.526831956493792,0 -81.63470422460325,8.537448212662081,0</coordinates>
          </LinearRing>
        </outerBoundaryIs>
      </Polygon>
    </Placemark>
    <Placemark>
      <name>8566a337fffffff</name>
      <styleUrl>#h3_poly_style</styleUrl>
      <Polygon>
        <outerBoundaryIs>
          <LinearRing>
            <coordinates>-80.4926534063795,7.406902636314265,0 -80.5476686114542,7.336088552096448,0 -80.50966361045036,7.25432010777006,0 -80.41662403703864,7.24341678248338,0 -80.36163737799414,7.314281616981815,0 -80.39966161614949,7.395999009969975,0 -80.4926534063795,7.406902636314265,0</coordinates>
          </LinearRing>
        </outerBoundaryIs>
      </Polygon>
    </Placemark>
    <Placemark>
      <name>85661013fffffff</name>
      <styleUrl>#h3_poly_style</styleUrl>
      <Polygon>
        <outerBoundaryIs>
          <LinearRing>
            <coordinates>-77.78498156262276,9.064120318030268,0 -77.83867159487357,8.995400852311173,0 -77.8004694647483,8.915139402180081,0 -77.70856788088886,8.903655671419452,0 -77.65491762647822,8.972424140533754,0 -77.69312905289823,9.052627331414048,0 -77.78498156262276,9.064120318030268,0</coordinates>
          </LinearRing>
        </outerBoundaryIs>
      </Polygon>
    </Placemark>
    <Placemark>
      <name>8566a30ffffffff</name>
      <styleUrl>#h3_poly_style</styleUrl>
      <Polygon>
        <outerBoundaryIs>
          <LinearRing>
            <coordinates>-80.90264835388837,7.531931672132699,0 -80.95777788185423,7.461141957794395,0 -80.91986400245474,7.379481777193683,0 -80.82679976121379,7.3686612777945335,0 -80.77169694046728,7.439502353175779,0 -80.80963152356651,7.5211125486646875,0 -80.90264835388837,7.531931672132699,0</coordinates>
          </LinearRing>
        </outerBoundaryIs>
      </Polygon>
    </Placemark>
    <Placemark>
      <name>8566138ffffffff</name>
      <styleUrl>#h3_poly_style</styleUrl>
      <Polygon>
        <outerBoundaryIs>
          <LinearRing>
            <coordinates>-77.74768763052995,8.07371600330956,0 -77.80153311618743,8.004105441256542,0 -77.76320477439975,7.922988303163888,0 -77.67102160029872,7.911540104550908,0 -77.61721630235573,7.981198737864591,0 -77.65555386447258,8.062257493487465,0 -77.74768763052995,8.07371600330956,0</coordinates>
          </LinearRing>
        </outerBoundaryIs>
      </Polygon>
    </Placemark>
    <Placemark>
      <name>8566a043fffffff</name>
      <styleUrl>#h3_poly_style</styleUrl>
      <Polygon>
        <outerBoundaryIs>
          <LinearRing>
            <coordinates>-81.19117597067928,8.715283576543472,0 -81.24618980556409,8.645438200057793,0 -81.20847451264824,8.564830574689706,0 -81.11572367515383,8.554117852604811,0 -81.06073507082756,8.624015873636209,0 -81.0984719446716,8.704573952452897,0 -81.19117597067928,8.715283576543472,0</coordinates>
          </LinearRing>
        </outerBoundaryIs>
      </Polygon>
    </Placemark>
    <Placemark>
      <name>8566b5bbfffffff</name>
      <styleUrl>#h3_poly_style</styleUrl>
      <Polygon>
        <outerBoundaryIs>
          <LinearRing>
            <coordinates>-82.41641050567361,9.082716336628467,0 -82.4717192069418,9.012954329558877,0 -82.43430628985506,8.932746537861787,0 -82.3415586676907,8.922347156964646,0 -82.28626968253488,8.992163437005908,0 -82.32370847532009,9.072324800220962,0 -82.41641050567361,9.082716336628467,0</coordinates>
          </LinearRing>
        </outerBoundaryIs>
      </Polygon>
    </Placemark>
    <Placemark>
      <name>8566a663fffffff</name>
      <styleUrl>#h3_poly_style</styleUrl>
      <Polygon>
        <outerBoundaryIs>
          <LinearRing>
            <coordinates>-81.8602383175424,9.020012771184703,0 -81.91540111481326,8.950300109653176,0 -81.8778591919749,8.87000115585667,0 -81.78513042428642,8.859462705902274,0 -81.72998983805856,8.929228975511274,0 -81.7675556801089,9.00948006446593,0 -81.8602383175424,9.020012771184703,0</coordinates>
          </LinearRing>
        </outerBoundaryIs>
      </Polygon>
    </Placemark>
    <Placemark>
      <name>8566b597fffffff</name>
      <styleUrl>#h3_poly_style</styleUrl>
      <Polygon>
        <outerBoundaryIs>
          <LinearRing>
            <coordinates>-82.38067145669811,9.381836029694824,0 -82.43591716466467,9.312339795700883,0 -82.3985322353617,9.232413279831235,0 -82.30587577002464,9.22202956852852,0 -82.25064989995647,9.291580203461256,0 -82.28806052956973,9.371460124079096,0 -82.38067145669811,9.381836029694824,0</coordinates>
          </LinearRing>
        </outerBoundaryIs>
      </Polygon>
    </Placemark>
    <Placemark>
      <name>8566b5b3fffffff</name>
      <styleUrl>#h3_poly_style</styleUrl>
      <Polygon>
        <outerBoundaryIs>
          <LinearRing>
            <coordinates>-82.26845106002004,9.142008597884217,0 -82.32370847532009,9.072324800220962,0 -82.28626968253488,8.992163437005908,0 -82.19354800217089,8.981732677038814,0 -82.13831095797221,9.051470616021385,0 -82.17577509493663,9.131585149469723,0 -82.26845106002004,9.142008597884217,0</coordinates>
          </LinearRing>
        </outerBoundaryIs>
      </Polygon>
    </Placemark>
    <Placemark>
      <name>8566b50bfffffff</name>
      <styleUrl>#h3_poly_style</styleUrl>
      <Polygon>
        <outerBoundaryIs>
          <LinearRing>
            <coordinates>-82.86073793017947,8.904185348517679,0 -82.91619631663143,8.834193254456245,0 -82.87886421332806,8.753848610753622,0 -82.7860461267335,8.743541243858864,0 -82.73060548072596,8.813588006041101,0 -82.76796505278548,8.893887440545338,0 -82.86073793017947,8.904185348517679,0</coordinates>
          </LinearRing>
        </outerBoundaryIs>
      </Polygon>
    </Placemark>
    <Placemark>
      <name>8566b52ffffffff</name>
      <styleUrl>#h3_poly_style</styleUrl>
      <Polygon>
        <outerBoundaryIs>
          <LinearRing>
            <coordinates>-82.48809894827744,8.481213687263724,0 -82.54353392916624,8.410928456646143,0 -82.50606501074753,8.330166245890098,0 -82.41313475366907,8.319735293903774,0 -82.3577192426812,8.390074499233847,0 -82.39521439005041,8.470790656943203,0 -82.48809894827744,8.481213687263724,0</coordinates>
          </LinearRing>
        </outerBoundaryIs>
      </Polygon>
    </Placemark>
    <Placemark>
      <name>85661043fffffff</name>
      <styleUrl>#h3_poly_style</styleUrl>
      <Polygon>
        <outerBoundaryIs>
          <LinearRing>
            <coordinates>-78.22219336655424,8.89195318060068,0 -78.27609650918201,8.822956894771684,0 -78.23792543632827,8.742522815385447,0 -78.14584021321969,8.731142196529227,0 -78.0919750744456,8.800187844458138,0 -78.13015702882555,8.880564741743223,0 -78.22219336655424,8.89195318060068,0</coordinates>
          </LinearRing>
        </outerBoundaryIs>
      </Polygon>
    </Placemark>
    <Placemark>
      <name>8566a55bfffffff</name>
      <styleUrl>#h3_poly_style</styleUrl>
      <Polygon>
        <outerBoundaryIs>
          <LinearRing>
            <coordinates>-80.28985522121167,9.217260975926646,0 -80.34448366249333,9.148051080377202,0 -80.30666218744959,9.067884013301741,0 -80.21419385324386,9.0569787743225,0 -80.15959451260859,9.12624062884283,0 -80.19743427769501,9.206355747162426,0 -80.28985522121167,9.217260975926646,0</coordinates>
          </LinearRing>
        </outerBoundaryIs>
      </Polygon>
    </Placemark>
    <Placemark>
      <name>8566a66bfffffff</name>
      <styleUrl>#h3_poly_style</styleUrl>
      <Polygon>
        <outerBoundaryIs>
          <LinearRing>
            <coordinates>-82.00811323288866,8.960800932068965,0 -82.06332931183425,8.89100905177268,0 -82.02581184157864,8.810662633482229,0 -81.9330537113874,8.800155536875684,0 -81.8778591919749,8.87000115585667,0 -81.91540111481326,8.950300109653176,0 -82.00811323288866,8.960800932068965,0</coordinates>
          </LinearRing>
        </outerBoundaryIs>
      </Polygon>
    </Placemark>
    <Placemark>
      <name>8566a5b3fffffff</name>
      <styleUrl>#h3_poly_style</styleUrl>
      <Polygon>
        <outerBoundaryIs>
          <LinearRing>
            <coordinates>-79.29572715272701,9.325160769113669,0 -79.34997820167256,9.256285357646886,0 -79.31200828980933,9.176215071176422,0 -79.21977249182734,9.165074654990704,0 -79.1655548089235,9.234000978107185,0 -79.20353943103433,9.31401679364704,0 -79.29572715272701,9.325160769113669,0</coordinates>
          </LinearRing>
        </outerBoundaryIs>
      </Polygon>
    </Placemark>
    <Placemark>
      <name>8566a06ffffffff</name>
      <styleUrl>#h3_poly_style</styleUrl>
      <Polygon>
        <outerBoundaryIs>
          <LinearRing>
            <coordinates>-80.96461457477999,8.230897826974406,0 -81.01964153463364,8.160681933031025,0 -80.98182378499708,8.079632388302919,0 -80.88895811155417,8.06884874869848,0 -80.83395746563589,8.139116664814688,0 -80.87179604990044,8.220116179668254,0 -80.96461457477999,8.230897826974406,0</coordinates>
          </LinearRing>
        </outerBoundaryIs>
      </Polygon>
    </Placemark>
    <Placemark>
      <name>8566167bfffffff</name>
      <styleUrl>#h3_poly_style</styleUrl>
      <Polygon>
        <outerBoundaryIs>
          <LinearRing>
            <coordinates>-79.01921897280455,9.29166234432944,0 -79.07337043825946,9.222825772226997,0 -79.03535568542353,9.142728354803877,0 -78.94317562103788,9.13152266487243,0 -78.88905870646093,9.200409813586257,0 -78.92708717872299,9.280452064681386,0 -79.01921897280455,9.29166234432944,0</coordinates>
          </LinearRing>
        </outerBoundaryIs>
      </Polygon>
    </Placemark>
    <Placemark>
      <name>85679b67fffffff</name>
      <styleUrl>#h3_poly_style</styleUrl>
      <Polygon>
        <outerBoundaryIs>
          <LinearRing>
            <coordinates>-82.64053331764224,9.56193823309541,0 -82.69581692297861,9.492551373502842,0 -82.6585126093701,9.41281641341758,0 -82.56589798052532,9.402514252691589,0 -82.51063302754706,9.471955894043921,0 -82.54796392364938,9.551644888628337,0 -82.64053331764224,9.56193823309541,0</coordinates>
          </LinearRing>
        </outerBoundaryIs>
      </Polygon>
    </Placemark>
    <Placemark>
      <name>856d6453fffffff</name>
      <styleUrl>#h3_poly_style</styleUrl>
      <Polygon>
        <outerBoundaryIs>
          <LinearRing>
            <coordinates>-87.15705145530521,14.072359478798857,0 -87.09786277398192,14.141571811385264,0 -87.12440500316141,14.223815945878846,0 -87.21026626862042,14.23686032928087,0 -87.26951724766035,14.167559268199287,0 -87.24284472133299,14.085302646414528,0 -87.15705145530521,14.072359478798857,0</coordinates>
          </LinearRing>
        </outerBoundaryIs>
      </Polygon>
    </Placemark>
    <Placemark>
      <name>8566a2bbfffffff</name>
      <styleUrl>#h3_poly_style</styleUrl>
      <Polygon>
        <outerBoundaryIs>
          <LinearRing>
            <coordinates>-81.50422804989952,8.44612644273218,0 -81.55938624099737,8.375988827175398,0 -81.52170109949385,8.295147219106308,0 -81.42883490012277,8.28449186245523,0 -81.37370059165858,8.354682292197909,0 -81.41140847081618,8.435475243453933,0 -81.50422804989952,8.44612644273218,0</coordinates>
          </LinearRing>
        </outerBoundaryIs>
      </Polygon>
    </Placemark>
    <Placemark>
      <name>85661053fffffff</name>
      <styleUrl>#h3_poly_style</styleUrl>
      <Polygon>
        <outerBoundaryIs>
          <LinearRing>
            <coordinates>-78.2064773049426,9.041109175568673,0 -78.26034803439462,8.97225400044478,0 -78.22219336655424,8.89195318060068,0 -78.13015702882555,8.880564741743223,0 -78.07632433222888,8.94946938199352,0 -78.11448981461031,9.029712988581458,0 -78.2064773049426,9.041109175568673,0</coordinates>
          </LinearRing>
        </outerBoundaryIs>
      </Polygon>
    </Placemark>
    <Placemark>
      <name>8566107bfffffff</name>
      <styleUrl>#h3_poly_style</styleUrl>
      <Polygon>
        <outerBoundaryIs>
          <LinearRing>
            <coordinates>-78.10764177879669,8.650632699898146,0 -78.16153938986996,8.581446667335888,0 -78.12332446736785,8.500805272568416,0 -78.03120132265187,8.489407380932176,0 -77.97734225375173,8.558642439511228,0 -78.01556766117557,8.639226356895803,0 -78.10764177879669,8.650632699898146,0</coordinates>
          </LinearRing>
        </outerBoundaryIs>
      </Polygon>
    </Placemark>
    <Placemark>
      <name>8566a257fffffff</name>
      <styleUrl>#h3_poly_style</styleUrl>
      <Polygon>
        <outerBoundaryIs>
          <LinearRing>
            <coordinates>-82.07901230482499,8.358628016480715,0 -82.1343552907862,8.28831099453539,0 -82.09678074624298,8.20741459797035,0 -82.00383828769648,8.196882302388865,0 -81.9485166268771,8.26725274166124,0 -81.98611597032955,8.34810203594752,0 -82.07901230482499,8.358628016480715,0</coordinates>
          </LinearRing>
        </outerBoundaryIs>
      </Polygon>
    </Placemark>
    <Placemark>
      <name>8566a06bfffffff</name>
      <styleUrl>#h3_poly_style</styleUrl>
      <Polygon>
        <outerBoundaryIs>
          <LinearRing>
            <coordinates>-81.09522594381741,8.322562192201037,0 -81.15027862363857,8.25239854435109,0 -81.11249712921986,8.171433570744387,0 -81.01964153463364,8.160681933031025,0 -80.96461457477999,8.230897826974406,0 -81.00241736030729,8.311813093283156,0 -81.09522594381741,8.322562192201037,0</coordinates>
          </LinearRing>
        </outerBoundaryIs>
      </Polygon>
    </Placemark>
    <Placemark>
      <name>8566a033fffffff</name>
      <styleUrl>#h3_poly_style</styleUrl>
      <Polygon>
        <outerBoundaryIs>
          <LinearRing>
            <coordinates>-80.50459364718645,8.559227212403142,0 -80.55941104276764,8.4893884666913,0 -80.52154761231687,8.40862474355189,0 -80.42884751784364,8.39775106153525,0 -80.37405840623002,8.467641545427261,0 -80.41194097636249,8.548353956261995,0 -80.50459364718645,8.559227212403142,0</coordinates>
          </LinearRing>
        </outerBoundaryIs>
      </Polygon>
    </Placemark>
    <Placemark>
      <name>85661647fffffff</name>
      <styleUrl>#h3_poly_style</styleUrl>
      <Polygon>
        <outerBoundaryIs>
          <LinearRing>
            <coordinates>-79.00309855574939,9.440318834881113,0 -79.05721777388192,9.371623323485013,0 -79.01921897280455,9.29166234432944,0 -78.92708717872299,9.280452064681386,0 -78.87300254656759,9.349198239460364,0 -78.91101499604889,9.42910401957633,0 -79.00309855574939,9.440318834881113,0</coordinates>
          </LinearRing>
        </outerBoundaryIs>
      </Polygon>
    </Placemark>
    <Placemark>
      <name>856612b3fffffff</name>
      <styleUrl>#h3_poly_style</styleUrl>
      <Polygon>
        <outerBoundaryIs>
          <LinearRing>
            <coordinates>-78.38400521333038,8.684732831634202,0 -78.43801064811768,8.615505569491825,0 -78.39983464234362,8.534882146138361,0 -78.30764159523544,8.523542756259648,0 -78.25367353635993,8.592819394494992,0 -78.29186102208841,8.673386038505198,0 -78.38400521333038,8.684732831634202,0</coordinates>
          </LinearRing>
        </outerBoundaryIs>
      </Polygon>
    </Placemark>
    <Placemark>
      <name>8566a563fffffff</name>
      <styleUrl>#h3_poly_style</styleUrl>
      <Polygon>
        <outerBoundaryIs>
          <LinearRing>
            <coordinates>-79.91558118104994,8.794059248476648,0 -79.97015278102856,8.724556923875971,0 -79.93221601299982,8.644000804936518,0 -79.83969052321379,8.632999869091648,0 -79.78514973182374,8.702553427438264,0 -79.82310349351026,8.783056673362967,0 -79.91558118104994,8.794059248476648,0</coordinates>
          </LinearRing>
        </outerBoundaryIs>
      </Polygon>
    </Placemark>
    <Placemark>
      <name>8566a217fffffff</name>
      <styleUrl>#h3_poly_style</styleUrl>
      <Polygon>
        <outerBoundaryIs>
          <LinearRing>
            <coordinates>-81.65223837061428,8.386609777421267,0 -81.70745173589576,8.31639379329794,0 -81.6697898691746,8.235503937873398,0 -81.57689123320867,8.224878292393218,0 -81.52170109949385,8.295147219106308,0 -81.55938624099737,8.375988827175398,0 -81.65223837061428,8.386609777421267,0</coordinates>
          </LinearRing>
        </outerBoundaryIs>
      </Polygon>
    </Placemark>
    <Placemark>
      <name>8566b507fffffff</name>
      <styleUrl>#h3_poly_style</styleUrl>
      <Polygon>
        <outerBoundaryIs>
          <LinearRing>
            <coordinates>-82.58241886342937,8.873221022897008,0 -82.63780965261417,8.803250325169538,0 -82.60040923408344,8.722856964468852,0 -82.50759140237848,8.712480208692574,0 -82.45221961015716,8.782505241387925,0 -82.48964652438941,8.86285266953502,0 -82.58241886342937,8.873221022897008,0</coordinates>
          </LinearRing>
        </outerBoundaryIs>
      </Polygon>
    </Placemark>
    <Placemark>
      <name>8566a063fffffff</name>
      <styleUrl>#h3_poly_style</styleUrl>
      <Polygon>
        <outerBoundaryIs>
          <LinearRing>
            <coordinates>-80.94742250298327,8.381896618276446,0 -81.00241736030729,8.311813093283156,0 -80.96461457477999,8.230897826974406,0 -80.87179604990044,8.220116179668254,0 -80.81682755707804,8.290251823524526,0 -80.85465109550012,8.37111697715818,0 -80.94742250298327,8.381896618276446,0</coordinates>
          </LinearRing>
        </outerBoundaryIs>
      </Polygon>
    </Placemark>
    <Placemark>
      <name>856613cffffffff</name>
      <styleUrl>#h3_poly_style</styleUrl>
      <Polygon>
        <outerBoundaryIs>
          <LinearRing>
            <coordinates>-78.17046865979243,8.049702835307905,0 -78.22449646181903,7.979961695818047,0 -78.18621550681252,7.898799917969187,0 -78.0938958699363,7.88743657361459,0 -78.03990649576043,7.957226266302792,0 -78.07819820356079,8.03833074328629,0 -78.17046865979243,8.049702835307905,0</coordinates>
          </LinearRing>
        </outerBoundaryIs>
      </Polygon>
    </Placemark>
    <Placemark>
      <name>85661067fffffff</name>
      <styleUrl>#h3_poly_style</styleUrl>
      <Polygon>
        <outerBoundaryIs>
          <LinearRing>
            <coordinates>-77.8470282062888,8.466553806396549,0 -77.90084816652465,8.397269954195313,0 -77.86257953861346,8.316482070680875,0 -77.7704812685153,8.305036170596537,0 -77.71670098240412,8.374368581292337,0 -77.75497916624705,8.455098327956978,0 -77.8470282062888,8.466553806396549,0</coordinates>
          </LinearRing>
        </outerBoundaryIs>
      </Polygon>
    </Placemark>
    <Placemark>
      <name>8566b503fffffff</name>
      <styleUrl>#h3_poly_style</styleUrl>
      <Polygon>
        <outerBoundaryIs>
          <LinearRing>
            <coordinates>-82.71255586286647,8.963803601876792,0 -82.76796505278548,8.893887440545338,0 -82.73060548072596,8.813588006041101,0 -82.63780965261417,8.803250325169538,0 -82.58241886342937,8.873221022897008,0 -82.61980537351938,8.953474839213289,0 -82.71255586286647,8.963803601876792,0</coordinates>
          </LinearRing>
        </outerBoundaryIs>
      </Polygon>
    </Placemark>
    <Placemark>
      <name>8566a2abfffffff</name>
      <styleUrl>#h3_poly_style</styleUrl>
      <Polygon>
        <outerBoundaryIs>
          <LinearRing>
            <coordinates>-81.52170109949385,8.295147219106308,0 -81.57689123320867,8.224878292393218,0 -81.53919146899328,8.143901306913783,0 -81.44627861974904,8.133241794738158,0 -81.3911123138956,8.203563444549333,0 -81.42883490012277,8.28449186245523,0 -81.52170109949385,8.295147219106308,0</coordinates>
          </LinearRing>
        </outerBoundaryIs>
      </Polygon>
    </Placemark>
    <Placemark>
      <name>8566a5bbfffffff</name>
      <styleUrl>#h3_poly_style</styleUrl>
      <Polygon>
        <outerBoundaryIs>
          <LinearRing>
            <coordinates>-79.44221627881667,9.267394338560456,0 -79.49653231101516,9.198429954010207,0 -79.4585776413587,9.118305564857202,0 -79.36629157015666,9.107199650232094,0 -79.31200828980933,9.176215071176422,0 -79.34997820167256,9.256285357646886,0 -79.44221627881667,9.267394338560456,0</coordinates>
          </LinearRing>
        </outerBoundaryIs>
      </Polygon>
    </Placemark>
    <Placemark>
      <name>8566b193fffffff</name>
      <styleUrl>#h3_poly_style</styleUrl>
      <Polygon>
        <outerBoundaryIs>
          <LinearRing>
            <coordinates>-82.63644282522615,8.421322084153145,0 -82.6919282457107,8.350961944658795,0 -82.65448609035201,8.270154098533476,0 -82.5615316226323,8.259752001806763,0 -82.50606501074753,8.330166245890098,0 -82.54353392916624,8.410928456646143,0 -82.63644282522615,8.421322084153145,0</coordinates>
          </LinearRing>
        </outerBoundaryIs>
      </Polygon>
    </Placemark>
    <Placemark>
      <name>8566a53bfffffff</name>
      <styleUrl>#h3_poly_style</styleUrl>
      <Polygon>
        <outerBoundaryIs>
          <LinearRing>
            <coordinates>-79.62171912496477,8.910767385985608,0 -79.67616396227615,8.841437459621954,0 -79.6381937422764,8.760987469915065,0 -79.54576263370599,8.749921029859046,0 -79.4913498516476,8.819301939465612,0 -79.52933599516416,8.899698292553763,0 -79.62171912496477,8.910767385985608,0</coordinates>
          </LinearRing>
        </outerBoundaryIs>
      </Polygon>
    </Placemark>
    <Placemark>
      <name>8566a3b3fffffff</name>
      <styleUrl>#h3_poly_style</styleUrl>
      <Polygon>
        <outerBoundaryIs>
          <LinearRing>
            <coordinates>-80.44172506683661,7.86308956951226,0 -80.49664320940327,7.792666957377275,0 -80.45868415722454,7.711288885546597,0 -80.36578783520888,7.700384733418228,0 -80.3108983799993,7.770858445038074,0 -80.34887642985616,7.852185192870499,0 -80.44172506683661,7.86308956951226,0</coordinates>
          </LinearRing>
        </outerBoundaryIs>
      </Polygon>
    </Placemark>
    <Placemark>
      <name>85661667fffffff</name>
      <styleUrl>#h3_poly_style</styleUrl>
      <Polygon>
        <outerBoundaryIs>
          <LinearRing>
            <coordinates>-78.7588745255907,9.109046693910162,0 -78.81295631658557,9.040109181972985,0 -78.77488244804958,8.959851448412232,0 -78.68271386363354,8.94858704360461,0 -78.62866776814509,9.017574702678015,0 -78.66675443498661,9.097776609653488,0 -78.7588745255907,9.109046693910162,0</coordinates>
          </LinearRing>
        </outerBoundaryIs>
      </Polygon>
    </Placemark>
    <Placemark>
      <name>8566a58ffffffff</name>
      <styleUrl>#h3_poly_style</styleUrl>
      <Polygon>
        <outerBoundaryIs>
          <LinearRing>
            <coordinates>-79.57239462157567,9.358458543358712,0 -79.62674282821979,9.289545404334772,0 -79.5888195868808,9.209504229367331,0 -79.49653231101516,9.198429954010207,0 -79.44221627881667,9.267394338560456,0 -79.48015522089078,9.347381739660346,0 -79.57239462157567,9.358458543358712,0</coordinates>
          </LinearRing>
        </outerBoundaryIs>
      </Polygon>
    </Placemark>
    <Placemark>
      <name>8566a037fffffff</name>
      <styleUrl>#h3_poly_style</styleUrl>
      <Polygon>
        <outerBoundaryIs>
          <LinearRing>
            <coordinates>-80.37405840623002,8.467641545427261,0 -80.42884751784364,8.39775106153525,0 -80.39094966130999,8.316904061240635,0 -80.29824388316547,8.305999165778251,0 -80.24348364455888,8.375941165883912,0 -80.28140018228001,8.45673652891224,0 -80.37405840623002,8.467641545427261,0</coordinates>
          </LinearRing>
        </outerBoundaryIs>
      </Polygon>
    </Placemark>
  </Document>
</kml>