  id   | account_id 
-------+------------
    26 |          3
    27 |          3
    28 |          3
    31 |          3
    35 |          3
    36 |          3
    40 |          3
    41 |          3
    42 |          3
    43 |          3
    44 |          3
    47 |          3
    48 |          3
    49 |          3
    50 |          3
    51 |          3
    52 |          3
    53 |          3
    55 |          3
    57 |          3
    59 |          3
    61 |          3
    62 |          3
    63 |          3
    64 |          3
    68 |          3
    69 |          3
    71 |          3
    72 |          3
    73 |          3
    74 |          3
    75 |          3
  2305 |          3
    76 |          3
    77 |          3
    79 |          3
    80 |          3
    81 |          3
    82 |          3
    83 |          3
    84 |          3
    85 |          3
    87 |          3
    88 |          3
    90 |          3
    91 |          3
    95 |          3
    96 |          3
    97 |          3
    98 |          3
    99 |          3
   101 |          3
   102 |          3
   103 |          3
   104 |          3
   105 |          3
   106 |          3
   107 |          3
   108 |          3
   109 |          3
   114 |          3
   115 |          3
   116 |          3
   118 |          3
   119 |          3
   120 |          3
   121 |          3
   122 |          3
   123 |          3
   124 |          3
   126 |          3
   127 |          3
   128 |          3
   129 |          3
   132 |          3
   134 |          3
   135 |          3
   137 |          3
   138 |          3
   139 |          3
   141 |          3
   143 |          3
   144 |          3
   145 |          3
   146 |          3
   147 |          3
   148 |          3
   149 |          3
   151 |          3
   153 |          3
   155 |          3
   158 |          3
   159 |          3
   160 |          3
   161 |          3
   162 |          3
   163 |          3
   164 |          3
   166 |          3
   168 |          3
   169 |          3
   170 |          3
   171 |          3
   173 |          3
   175 |          3
   176 |          3
   177 |          3
   179 |          3
   183 |          3
   184 |          3
   185 |          3
   186 |          3
   188 |          3
   189 |          3
   191 |          3
   195 |          3
   196 |          3
   197 |          3
   198 |          3
   199 |          3
   200 |          3
   201 |          3
   203 |          3
   204 |          3
   205 |          3
   206 |          3
   207 |          3
   208 |          3
   209 |          3
   210 |          3
   212 |          3
   214 |          3
   215 |          3
   217 |          3
   219 |          3
   220 |          3
   221 |          3
   222 |          3
   223 |          3
   225 |          3
   226 |          3
   228 |          3
   229 |          3
   232 |          3
   233 |          3
   234 |          3
   235 |          3
   237 |          3
   239 |          3
   240 |          3
   241 |          3
   242 |          3
   243 |          3
   245 |          3
   247 |          3
   248 |          3
   249 |          3
   250 |          3
   252 |          3
   253 |          3
   254 |          3
   255 |          3
   257 |          3
   258 |          3
   259 |          3
   260 |          3
   261 |          3
   262 |          3
   263 |          3
   265 |          3
 20407 |          3
   268 |          3
   271 |          3
   272 |          3
   273 |          3
   275 |          3
   277 |          3
   278 |          3
   280 |          3
   281 |          3
   283 |          3
   284 |          3
   288 |          3
   291 |          3
   293 |          3
   294 |          3
   295 |          3
   296 |          3
   297 |          3
   299 |          3
   300 |          3
   301 |          3
   302 |          3
   303 |          3
   304 |          3
   306 |          3
   307 |          3
   308 |          3
   309 |          3
   311 |          3
   312 |          3
   313 |          3
   317 |          3
   351 |          3
   352 |          3
   355 |          3
   356 |          3
 20432 |          3
   359 |          3
   360 |          3
   361 |          3
   362 |          3
   365 |          3
   366 |          3
   369 |          3
   370 |          3
   371 |          3
   372 |          3
   373 |          3
   374 |          3
   377 |          3
   379 |          3
   382 |          3
   383 |          3
   384 |          3
   385 |          3
   386 |          3
   387 |          3
   389 |          3
   391 |          3
   393 |          3
   394 |          3
   395 |          3
   396 |          3
   397 |          3
   399 |          3
   400 |          3
   404 |          3
   405 |          3
   407 |          3
   408 |          3
   409 |          3
   411 |          3
   412 |          3
   413 |          3
   414 |          3
   416 |          3
   419 |          3
   420 |          3
   421 |          3
   423 |          3
   425 |          3
   426 |          3
   427 |          3
   428 |          3
   429 |          3
   430 |          3
  2460 |          3
   431 |          3
   432 |          3
   435 |          3
   437 |          3
   438 |          3
   439 |          3
   440 |          3
   442 |          3
   443 |          3
   444 |          3
   445 |          3
   446 |          3
   447 |          3
   448 |          3
   449 |          3
   450 |          3
   451 |          3
   452 |          3
   453 |          3
   454 |          3
   455 |          3
   456 |          3
   457 |          3
   458 |          3
   459 |          3
   460 |          3
   461 |          3
   462 |          3
   464 |          3
   465 |          3
   466 |          3
   468 |          3
   471 |          3
   472 |          3
   473 |          3
   474 |          3
   476 |          3
   477 |          3
   478 |          3
   479 |          3
   480 |          3
   513 |          3
   514 |          3
   515 |          3
   516 |          3
   517 |          3
   519 |          3
   522 |          3
   523 |          3
   524 |          3
   526 |          3
   527 |          3
   528 |          3
   529 |          3
   531 |          3
   532 |          3
   533 |          3
   536 |          3
   537 |          3
   538 |          3
   539 |          3
   540 |          3
   541 |          3
   543 |          3
   544 |          3
   546 |          3
   548 |          3
   550 |          3
   554 |          3
   555 |          3
   556 |          3
   557 |          3
   558 |          3
   559 |          3
   560 |          3
   561 |          3
   563 |          3
   564 |          3
   565 |          3
   567 |          3
   568 |          3
   571 |          3
   572 |          3
   573 |          3
   575 |          3
   576 |          3
   577 |          3
   580 |          3
   582 |          3
   583 |          3
   586 |          3
   587 |          3
   588 |          3
   589 |          3
   590 |          3
   593 |          3
  2613 |          3
   594 |          3
   596 |          3
   598 |          3
   599 |          3
   600 |          3
   602 |          3
   604 |          3
   605 |          3
   609 |          3
   610 |          3
   611 |          3
   613 |          3
   614 |          3
   615 |          3
   616 |          3
   618 |          3
   619 |          3
   621 |          3
   622 |          3
   623 |          3
   624 |          3
   626 |          3
   627 |          3
   628 |          3
   630 |          3
   631 |          3
   632 |          3
   634 |          3
   635 |          3
   636 |          3
   638 |          3
   639 |          3
   640 |          3
   641 |          3
   642 |          3
   646 |          3
   647 |          3
   648 |          3
   649 |          3
   652 |          3
   654 |          3
   726 |          3
   656 |          3
   657 |          3
   658 |          3
   659 |          3
   662 |          3
   663 |          3
   664 |          3
   665 |          3
   667 |          3
   668 |          3
   669 |          3
   672 |          3
   673 |          3
   674 |          3
   675 |          3
   676 |          3
   680 |          3
   682 |          3
   684 |          3
   685 |          3
   686 |          3
   687 |          3
   688 |          3
   690 |          3
   692 |          3
   693 |          3
   697 |          3
   699 |          3
   701 |          3
   703 |          3
   704 |          3
   705 |          3
   706 |          3
   707 |          3
   709 |          3
   710 |          3
   713 |          3
   714 |          3
   716 |          3
   718 |          3
   719 |          3
   720 |          3
   721 |          3
   722 |          3
   724 |          3
   725 |          3
   727 |          3
   728 |          3
   729 |          3
   730 |          3
   731 |          3
   732 |          3
   733 |          3
   734 |          3
   736 |          3
   738 |          3
   739 |          3
   741 |          3
   742 |          3
   743 |          3
   744 |          3
   745 |          3
   746 |          3
   747 |          3
   750 |          3
   752 |          3
   753 |          3
   755 |          3
   756 |          3
   760 |          3
   761 |          3
   763 |          3
   764 |          3
   765 |          3
   766 |          3
   767 |          3
   768 |          3
   769 |          3
   770 |          3
   771 |          3
   772 |          3
   773 |          3
   774 |          3
   775 |          3
   776 |          3
   781 |          3
   782 |          3
   783 |          3
   784 |          3
   785 |          3
   787 |          3
   788 |          3
   789 |          3
   790 |          3
   791 |          3
   792 |          3
   794 |          3
   795 |          3
   796 |          3
   797 |          3
   798 |          3
   800 |          3
   801 |          3
   802 |          3
   803 |          3
   804 |          3
   805 |          3
   807 |          3
   808 |          3
   809 |          3
   812 |          3
   813 |          3
   814 |          3
   815 |          3
   816 |          3
   817 |          3
   818 |          3
   819 |          3
   820 |          3
   821 |          3
   822 |          3
   824 |          3
   827 |          3
   828 |          3
   829 |          3
   830 |          3
   831 |          3
   832 |          3
   833 |          3
   834 |          3
   836 |          3
   838 |          3
   840 |          3
   842 |          3
   847 |          3
   848 |          3
   849 |          3
   850 |          3
   853 |          3
   854 |          3
   855 |          3
   856 |          3
   859 |          3
   860 |          3
   861 |          3
   867 |          3
   868 |          3
   869 |          3
   870 |          3
   871 |          3
   872 |          3
   874 |          3
   875 |          3
   876 |          3
   879 |          3
   881 |          3
   883 |          3
   884 |          3
   885 |          3
   886 |          3
   888 |          3
   889 |          3
   890 |          3
   891 |          3
   892 |          3
   893 |          3
   895 |          3
   896 |          3
   897 |          3
   898 |          3
   899 |          3
   900 |          3
   901 |          3
   902 |          3
   903 |          3
   904 |          3
   905 |          3
   906 |          3
   907 |          3
   908 |          3
   909 |          3
   910 |          3
   912 |          3
   913 |          3
   914 |          3
   915 |          3
   917 |          3
   918 |          3
   919 |          3
   920 |          3
   922 |          3
   924 |          3
   926 |          3
   927 |          3
   929 |          3
   931 |          3
   932 |          3
   935 |          3
   936 |          3
   937 |          3
   940 |          3
   941 |          3
   942 |          3
   943 |          3
   944 |          3
   945 |          3
   946 |          3
   949 |          3
   950 |          3
   951 |          3
   952 |          3
   956 |          3
   957 |          3
   958 |          3
   959 |          3
   960 |          3
   961 |          3
   963 |          3
   964 |          3
   965 |          3
   966 |          3
   967 |          3
   970 |          3
   972 |          3
   973 |          3
   975 |          3
   976 |          3
   977 |          3
   978 |          3
   980 |          3
   981 |          3
   982 |          3
   984 |          3
   985 |          3
   986 |          3
   987 |          3
   988 |          3
   992 |          3
   993 |          3
   994 |          3
   997 |          3
   998 |          3
   999 |          3
  1000 |          3
  1001 |          3
  1002 |          3
  1003 |          3
  1004 |          3
  1005 |          3
  1006 |          3
  1007 |          3
  1008 |          3
  1011 |          3
  1012 |          3
  1013 |          3
  1014 |          3
  1015 |          3
  1016 |          3
  1018 |          3
  1019 |          3
  1020 |          3
  1022 |          3
  1024 |          3
  1025 |          3
  1026 |          3
  1027 |          3
  1030 |          3
  1031 |          3
  1032 |          3
  1033 |          3
  1034 |          3
  1035 |          3
  1036 |          3
  1037 |          3
  1038 |          3
  1039 |          3
  1040 |          3
  1041 |          3
  1042 |          3
  1043 |          3
  1044 |          3
  1046 |          3
 20521 |          3
  1049 |          3
  1050 |          3
  1054 |          3
  1055 |          3
  1056 |          3
  1057 |          3
  1058 |          3
  1059 |          3
  1060 |          3
  1062 |          3
  1063 |          3
  1064 |          3
  1065 |          3
  1066 |          3
  1068 |          3
  1069 |          3
  1070 |          3
  1071 |          3
  1074 |          3
  1075 |          3
  1076 |          3
  1077 |          3
  1078 |          3
  1080 |          3
  1082 |          3
  1083 |          3
  1084 |          3
  1085 |          3
  1086 |          3
  1087 |          3
  1088 |          3
  1089 |          3
  1091 |          3
  1092 |          3
  1093 |          3
  1095 |          3
  1096 |          3
  1097 |          3
  1098 |          3
  1099 |          3
  1101 |          3
  1102 |          3
  1103 |          3
  1106 |          3
  1107 |          3
  1109 |          3
  1110 |          3
  1111 |          3
  1112 |          3
  1114 |          3
  1115 |          3
  1116 |          3
  1117 |          3
  1313 |          3
  1119 |          3
  1120 |          3
  1122 |          3
  1123 |          3
  1124 |          3
  1125 |          3
  1126 |          3
  1127 |          3
  1128 |          3
  1130 |          3
  1131 |          3
  1132 |          3
  1133 |          3
  1134 |          3
  1135 |          3
  1136 |          3
  1137 |          3
  1140 |          3
  1141 |          3
  1142 |          3
  1145 |          3
  1147 |          3
  1150 |          3
  1151 |          3
  1152 |          3
  1155 |          3
  1156 |          3
  1157 |          3
  1159 |          3
  1160 |          3
  1161 |          3
  1162 |          3
  1163 |          3
  1164 |          3
  1165 |          3
 20393 |          3
  1169 |          3
  1170 |          3
  1171 |          3
  1173 |          3
  1174 |          3
  1176 |          3
  1178 |          3
  1181 |          3
  1183 |          3
  1184 |          3
  1187 |          3
  1188 |          3
  1192 |          3
  1194 |          3
  1197 |          3
  1198 |          3
  1199 |          3
  1200 |          3
  1203 |          3
  1204 |          3
  1205 |          3
  1209 |          3
  1210 |          3
  1211 |          3
  1213 |          3
  1215 |          3
  1217 |          3
  1218 |          3
  1219 |          3
  1224 |          3
  1225 |          3
  1226 |          3
  1228 |          3
  1229 |          3
  1230 |          3
  1231 |          3
  1232 |          3
  1233 |          3
  1234 |          3
  1235 |          3
  1237 |          3
  1238 |          3
  1239 |          3
  1240 |          3
  1241 |          3
  1242 |          3
  1385 |          3
  1245 |          3
  1247 |          3
  1249 |          3
  1250 |          3
  1252 |          3
  1254 |          3
  1255 |          3
  1256 |          3
  1257 |          3
  1258 |          3
  1260 |          3
  1261 |          3
  1263 |          3
  1264 |          3
  1268 |          3
  1269 |          3
  1271 |          3
  1272 |          3
  1274 |          3
  1276 |          3
  1277 |          3
  1279 |          3
  1284 |          3
  1285 |          3
  1286 |          3
  1287 |          3
  1288 |          3
  1289 |          3
  1290 |          3
  1291 |          3
  1292 |          3
  1293 |          3
  1294 |          3
  1295 |          3
  1296 |          3
  1297 |          3
  1298 |          3
  1299 |          3
  1301 |          3
  1302 |          3
  1303 |          3
  1304 |          3
  1305 |          3
  1306 |          3
  1307 |          3
  1309 |          3
  1310 |          3
  1311 |          3
  1315 |          3
  1317 |          3
  1320 |          3
  1321 |          3
  1322 |          3
  1323 |          3
  1324 |          3
  1325 |          3
  3114 |          3
  1327 |          3
  1328 |          3
  1329 |          3
  1330 |          3
  1333 |          3
  1337 |          3
  1339 |          3
  1341 |          3
  1342 |          3
  1343 |          3
  1344 |          3
  1345 |          3
  1346 |          3
  1347 |          3
  1348 |          3
  1349 |          3
  1355 |          3
  1357 |          3
  1358 |          3
  1360 |          3
  1362 |          3
  1363 |          3
  1365 |          3
  1367 |          3
  1368 |          3
  1369 |          3
  1372 |          3
  1373 |          3
  1374 |          3
  1376 |          3
  1378 |          3
  1379 |          3
  1381 |          3
  1383 |          3
  1384 |          3
 20394 |          3
  1387 |          3
  1388 |          3
  1390 |          3
  1391 |          3
  1392 |          3
  1393 |          3
  1394 |          3
  1395 |          3
  1396 |          3
  1397 |          3
  1398 |          3
  1399 |          3
  1400 |          3
  1401 |          3
  1402 |          3
  1404 |          3
  1405 |          3
  1408 |          3
  1409 |          3
  1412 |          3
  1413 |          3
  1415 |          3
  1416 |          3
  1417 |          3
  1418 |          3
  1419 |          3
  1422 |          3
  1423 |          3
  1424 |          3
  1426 |          3
  1427 |          3
  1428 |          3
  1429 |          3
  1430 |          3
  1434 |          3
  1436 |          3
  1437 |          3
  1438 |          3
  1440 |          3
  1441 |          3
  1442 |          3
  1443 |          3
  1446 |          3
  1447 |          3
  1448 |          3
  1449 |          3
  1450 |          3
  1454 |          3
  1456 |          3
  1457 |          3
  1458 |          3
  1459 |          3
  1460 |          3
  1462 |          3
  1464 |          3
  1467 |          3
  1468 |          3
  1469 |          3
  1470 |          3
  1471 |          3
  1472 |          3
  1474 |          3
  1476 |          3
  1477 |          3
  1478 |          3
  1479 |          3
  1480 |          3
  1481 |          3
  1483 |          3
  1484 |          3
  1485 |          3
  1486 |          3
  1487 |          3
  1488 |          3
  1493 |          3
  1494 |          3
  1497 |          3
  1498 |          3
  1501 |          3
  1503 |          3
  1504 |          3
  1508 |          3
  1512 |          3
  1513 |          3
  1514 |          3
  1518 |          3
  1519 |          3
  1522 |          3
  1523 |          3
  1524 |          3
  1525 |          3
  1527 |          3
  1529 |          3
  1676 |          3
  1534 |          3
  1535 |          3
  1536 |          3
  1537 |          3
  1538 |          3
  1539 |          3
  1540 |          3
  1542 |          3
  1543 |          3
  1544 |          3
  1546 |          3
  1547 |          3
  1548 |          3
  1549 |          3
  1550 |          3
  1552 |          3
  1554 |          3
  1555 |          3
  1558 |          3
  1560 |          3
  1561 |          3
  1562 |          3
  1564 |          3
  1567 |          3
  1568 |          3
  1571 |          3
  1572 |          3
  1573 |          3
  1576 |          3
  1578 |          3
  1579 |          3
  1581 |          3
  1582 |          3
  1583 |          3
  1585 |          3
  1586 |          3
  1593 |          3
  1595 |          3
  1597 |          3
  1600 |          3
  1601 |          3
  1602 |          3
  3136 |          3
  1604 |          3
  1605 |          3
  1606 |          3
  1607 |          3
  1609 |          3
  1610 |          3
  1611 |          3
  1612 |          3
  1614 |          3
  1618 |          3
  1619 |          3
  1620 |          3
  1622 |          3
  1624 |          3
  1625 |          3
  1627 |          3
  1628 |          3
  1633 |          3
  1634 |          3
  1635 |          3
  1636 |          3
  1638 |          3
  1639 |          3
  1640 |          3
  1642 |          3
  1643 |          3
  1645 |          3
  1647 |          3
  1648 |          3
  1652 |          3
  1653 |          3
  1654 |          3
  1656 |          3
  1657 |          3
  1659 |          3
  1661 |          3
  1662 |          3
  1664 |          3
  1665 |          3
  1666 |          3
  1669 |          3
  1670 |          3
  1671 |          3
  1672 |          3
  1682 |          3
  1683 |          3
  1684 |          3
  1685 |          3
  1686 |          3
  1688 |          3
  1690 |          3
  1694 |          3
  1699 |          3
  1702 |          3
  1703 |          3
  1704 |          3
  1706 |          3
  1707 |          3
  1708 |          3
  1709 |          3
  1712 |          3
  1714 |          3
  1720 |          3
  1721 |          3
  1722 |          3
  1724 |          3
  1725 |          3
  1727 |          3
  1728 |          3
  1730 |          3
  1731 |          3
  1732 |          3
  1733 |          3
  1734 |          3
  1737 |          3
  1739 |          3
  1740 |          3
  1744 |          3
  1745 |          3
  1746 |          3
  1748 |          3
  1750 |          3
  1751 |          3
  1753 |          3
  1754 |          3
  1755 |          3
  1756 |          3
  1757 |          3
  1758 |          3
  1759 |          3
  1760 |          3
  1761 |          3
  1763 |          3
  1765 |          3
  1766 |          3
  1767 |          3
  1768 |          3
  1770 |          3
  1775 |          3
  1776 |          3
  1777 |          3
  1779 |          3
  1783 |          3
  1785 |          3
  1787 |          3
  1788 |          3
  1789 |          3
  1790 |          3
  1792 |          3
  1794 |          3
  1795 |          3
  1798 |          3
  1799 |          3
  1800 |          3
  1801 |          3
  1803 |          3
  1804 |          3
  1805 |          3
  1806 |          3
  1811 |          3
  1812 |          3
  1815 |          3
  1816 |          3
  1818 |          3
  1820 |          3
  1821 |          3
  1822 |          3
  1824 |          3
  1826 |          3
  1827 |          3
  1828 |          3
  1829 |          3
  1830 |          3
  1831 |          3
  1832 |          3
  1833 |          3
  1835 |          3
  1836 |          3
  1837 |          3
  1838 |          3
  1839 |          3
  1840 |          3
  1842 |          3
  1844 |          3
  1845 |          3
  1846 |          3
  1852 |          3
  1853 |          3
  1855 |          3
  1856 |          3
  1857 |          3
  1858 |          3
  1860 |          3
  1864 |          3
  1865 |          3
  1866 |          3
  1867 |          3
  1868 |          3
  1869 |          3
  1870 |          3
  1871 |          3
  1875 |          3
  1876 |          3
  1877 |          3
  1878 |          3
  1879 |          3
  1880 |          3
  1881 |          3
  1882 |          3
  1883 |          3
  1884 |          3
  1886 |          3
  1887 |          3
  1888 |          3
  1889 |          3
  1890 |          3
  1891 |          3
  1892 |          3
  1893 |          3
  1894 |          3
  1897 |          3
  1901 |          3
  1902 |          3
  1903 |          3
  1904 |          3
  1905 |          3
  1906 |          3
  1907 |          3
  1908 |          3
  1909 |          3
  1910 |          3
  1914 |          3
  1916 |          3
  1918 |          3
  1919 |          3
  1920 |          3
  1922 |          3
 20396 |          3
  1924 |          3
  1925 |          3
  1926 |          3
  1927 |          3
  1928 |          3
  1929 |          3
  1930 |          3
  1931 |          3
  1932 |          3
  1933 |          3
  1934 |          3
  1936 |          3
  1937 |          3
  1938 |          3
  1940 |          3
  1941 |          3
  1942 |          3
  1943 |          3
  1944 |          3
  1945 |          3
  1947 |          3
  1948 |          3
  1949 |          3
  1951 |          3
  1953 |          3
  1955 |          3
  1956 |          3
  1957 |          3
  1958 |          3
  1959 |          3
  1960 |          3
  1963 |          3
  1964 |          3
  1965 |          3
  1966 |          3
  1969 |          3
  1970 |          3
  1971 |          3
  1972 |          3
  1973 |          3
  1976 |          3
  1977 |          3
  1981 |          3
  1984 |          3
  1985 |          3
  1986 |          3
  1987 |          3
  1989 |          3
  1990 |          3
  1991 |          3
  1992 |          3
  2067 |          3
 20590 |          3
  1994 |          3
  1995 |          3
  2000 |          3
  2001 |          3
  2004 |          3
  2005 |          3
  2006 |          3
  2007 |          3
  2009 |          3
  2010 |          3
  2011 |          3
  2012 |          3
  2013 |          3
  2014 |          3
  2016 |          3
  2018 |          3
  2020 |          3
  2022 |          3
  2023 |          3
  2025 |          3
  2026 |          3
  2027 |          3
  2028 |          3
  2029 |          3
  2030 |          3
  2032 |          3
  2033 |          3
  2035 |          3
  2036 |          3
  2037 |          3
  2038 |          3
  2039 |          3
  2040 |          3
  2043 |          3
  2044 |          3
  2045 |          3
  2047 |          3
  2048 |          3
  2050 |          3
  2053 |          3
  2054 |          3
  2055 |          3
  2056 |          3
  2058 |          3
  2059 |          3
  2060 |          3
  2061 |          3
  2062 |          3
  2065 |          3
  2066 |          3
  2069 |          3
  2071 |          3
  2073 |          3
  2074 |          3
  2075 |          3
  2077 |          3
  2080 |          3
  2081 |          3
  2082 |          3
  2083 |          3
  2085 |          3
  2086 |          3
  2088 |          3
  2089 |          3
  2090 |          3
  2092 |          3
  2093 |          3
  2094 |          3
  2095 |          3
  2096 |          3
  2097 |          3
  2098 |          3
  2100 |          3
  2101 |          3
  2103 |          3
  2104 |          3
  2105 |          3
  2107 |          3
  2108 |          3
  2109 |          3
  2110 |          3
  2111 |          3
  2112 |          3
  2113 |          3
  2114 |          3
  2115 |          3
  2117 |          3
  2118 |          3
  2119 |          3
  2120 |          3
  2121 |          3
  2122 |          3
  2124 |          3
  2127 |          3
  2128 |          3
  2129 |          3
  2132 |          3
  2133 |          3
  2135 |          3
  2136 |          3
  2138 |          3
  2141 |          3
  2142 |          3
  2148 |          3
  2149 |          3
  2150 |          3
  2153 |          3
  2156 |          3
  2157 |          3
  2158 |          3
  2159 |          3
  2161 |          3
  2163 |          3
  2164 |          3
  2165 |          3
  2167 |          3
  2169 |          3
  2170 |          3
  2171 |          3
  2172 |          3
  2173 |          3
  2176 |          3
  2177 |          3
  2178 |          3
  2179 |          3
  2180 |          3
  2181 |          3
  2182 |          3
  2183 |          3
  2184 |          3
  2188 |          3
  2189 |          3
  2190 |          3
  2191 |          3
  2193 |          3
  2194 |          3
  2195 |          3
  2196 |          3
  2197 |          3
  2198 |          3
  2200 |          3
  2205 |          3
  2206 |          3
  2207 |          3
  2210 |          3
  2211 |          3
  2212 |          3
  2213 |          3
  2215 |          3
  2216 |          3
  2217 |          3
  2218 |          3
  2219 |          3
  2220 |          3
  2221 |          3
  2222 |          3
  2224 |          3
  2226 |          3
  2227 |          3
  2228 |          3
  2229 |          3
  2230 |          3
  2232 |          3
  2233 |          3
  2238 |          3
  2239 |          3
  2241 |          3
  2242 |          3
  2243 |          3
  2244 |          3
  2246 |          3
  2249 |          3
  2250 |          3
  2254 |          3
  2255 |          3
  2256 |          3
  2260 |          3
  2261 |          3
  2262 |          3
  2263 |          3
  2264 |          3
  2265 |          3
  2266 |          3
  2267 |          3
  2269 |          3
  2271 |          3
  2273 |          3
  2274 |          3
  2275 |          3
  2277 |          3
  2280 |          3
  2281 |          3
  2283 |          3
  2284 |          3
  2286 |          3
  2287 |          3
  2288 |          3
  2291 |          3
  2292 |          3
  2293 |          3
  2295 |          3
  2296 |          3
  2300 |          3
  2302 |          3
  2303 |          3
  2304 |          3
  2307 |          3
  2309 |          3
  2313 |          3
  2314 |          3
  2315 |          3
  2317 |          3
  2318 |          3
  2320 |          3
  2322 |          3
  2324 |          3
  2326 |          3
  2327 |          3
  2329 |          3
  2330 |          3
  2331 |          3
  2332 |          3
  2333 |          3
  2334 |          3
  2335 |          3
  2337 |          3
  2338 |          3
  2339 |          3
  2341 |          3
  2343 |          3
  2344 |          3
  2345 |          3
  2346 |          3
  2347 |          3
  2348 |          3
  2349 |          3
  2350 |          3
  2353 |          3
  2354 |          3
  2356 |          3
  2357 |          3
  2358 |          3
  2359 |          3
  2360 |          3
  2362 |          3
  2364 |          3
  2365 |          3
  2366 |          3
  2367 |          3
  2368 |          3
  2370 |          3
  2372 |          3
  2376 |          3
  2378 |          3
  2379 |          3
  2380 |          3
  2381 |          3
  2382 |          3
  2383 |          3
  2384 |          3
  2386 |          3
  2388 |          3
  2391 |          3
  2392 |          3
  2393 |          3
  2395 |          3
  2396 |          3
  2397 |          3
  2398 |          3
  2401 |          3
  2402 |          3
  2403 |          3
  2405 |          3
  2406 |          3
  2407 |          3
  2408 |          3
  2410 |          3
  2411 |          3
  2412 |          3
  2413 |          3
  2414 |          3
  2415 |          3
  2416 |          3
  2417 |          3
  2418 |          3
  2419 |          3
  2420 |          3
  2421 |          3
  2422 |          3
  2423 |          3
  2424 |          3
  2425 |          3
  2426 |          3
  2428 |          3
  2429 |          3
  2430 |          3
  2431 |          3
  2432 |          3
  2433 |          3
  2434 |          3
  2435 |          3
  2436 |          3
  2440 |          3
  2442 |          3
  2443 |          3
  2444 |          3
  2445 |          3
  2447 |          3
  2448 |          3
  2449 |          3
  2451 |          3
  2452 |          3
  2454 |          3
  2455 |          3
  2456 |          3
  2457 |          3
  2458 |          3
  2459 |          3
  2462 |          3
  2463 |          3
  2464 |          3
  2465 |          3
  2466 |          3
  2467 |          3
  2470 |          3
  2471 |          3
  2472 |          3
  2473 |          3
  2474 |          3
  2475 |          3
  2476 |          3
  2478 |          3
  2479 |          3
  2480 |          3
  2483 |          3
  2484 |          3
  2485 |          3
  2487 |          3
  2489 |          3
  2493 |          3
  2494 |          3
  2495 |          3
  2497 |          3
  2498 |          3
  2499 |          3
  2500 |          3
  2501 |          3
  2502 |          3
  2503 |          3
  2504 |          3
  2506 |          3
  2507 |          3
  2508 |          3
  2509 |          3
  2510 |          3
  2511 |          3
  2512 |          3
  2513 |          3
  2514 |          3
  2515 |          3
  2517 |          3
  2518 |          3
  2519 |          3
  2520 |          3
  2521 |          3
  2523 |          3
  2524 |          3
  2525 |          3
  2526 |          3
  2527 |          3
  2529 |          3
  2530 |          3
  2531 |          3
  2532 |          3
  2533 |          3
  2535 |          3
  2536 |          3
  2537 |          3
  2538 |          3
  2539 |          3
  2542 |          3
  2543 |          3
  2545 |          3
  2546 |          3
  2547 |          3
  2548 |          3
  2549 |          3
  2550 |          3
  2552 |          3
  2554 |          3
  2555 |          3
  2556 |          3
  2557 |          3
  2559 |          3
  2561 |          3
  2562 |          3
  2563 |          3
  2565 |          3
  2567 |          3
  2568 |          3
  2569 |          3
  2570 |          3
  2571 |          3
  2572 |          3
  2573 |          3
  2574 |          3
  2578 |          3
  2581 |          3
  2582 |          3
  2584 |          3
  2586 |          3
  2589 |          3
  2590 |          3
  2591 |          3
  2592 |          3
  2594 |          3
  2595 |          3
  2596 |          3
  2597 |          3
  2600 |          3
  2601 |          3
  2602 |          3
  2605 |          3
  2606 |          3
  2607 |          3
  2608 |          3
  2609 |          3
  2610 |          3
  2611 |          3
  2612 |          3
  2614 |          3
  2616 |          3
  2617 |          3
  2619 |          3
  2621 |          3
  2622 |          3
  2623 |          3
  2624 |          3
  2625 |          3
  2626 |          3
  2628 |          3
  2629 |          3
  2631 |          3
  2632 |          3
  2633 |          3
  2634 |          3
  2635 |          3
  2638 |          3
  2639 |          3
  2640 |          3
  2641 |          3
  2644 |          3
  2649 |          3
  2650 |          3
  2651 |          3
  2653 |          3
  2654 |          3
 20399 |          3
  2657 |          3
  2658 |          3
  2659 |          3
  2660 |          3
  2661 |          3
  2662 |          3
  2663 |          3
  2665 |          3
  2666 |          3
  2667 |          3
  2669 |          3
  2671 |          3
  2672 |          3
  2673 |          3
  2675 |          3
  2676 |          3
  2678 |          3
  2681 |          3
  2682 |          3
  2683 |          3
  2684 |          3
  2685 |          3
  2687 |          3
  4051 |          3
  2689 |          3
  2691 |          3
  2694 |          3
  2695 |          3
  2696 |          3
  2699 |          3
  2700 |          3
  2701 |          3
  2702 |          3
  2703 |          3
  2705 |          3
  2706 |          3
  2707 |          3
  2709 |          3
  2710 |          3
  2711 |          3
  2712 |          3
  2714 |          3
  2717 |          3
  2718 |          3
  2719 |          3
  2721 |          3
  2722 |          3
  2723 |          3
  2724 |          3
  2725 |          3
  2726 |          3
  2727 |          3
  2728 |          3
  2729 |          3
  2732 |          3
  2733 |          3
  2734 |          3
  2735 |          3
  2738 |          3
  2739 |          3
  2740 |          3
  2741 |          3
  2742 |          3
  2747 |          3
  2749 |          3
  2751 |          3
  2752 |          3
  2754 |          3
  2756 |          3
  2757 |          3
  2759 |          3
  2760 |          3
  2761 |          3
  2765 |          3
  2766 |          3
  2767 |          3
  2769 |          3
  2770 |          3
  2774 |          3
  2775 |          3
  2776 |          3
  2777 |          3
  2782 |          3
  2784 |          3
  2788 |          3
  2790 |          3
  2791 |          3
  2792 |          3
  2794 |          3
  2795 |          3
  2796 |          3
  2797 |          3
  2800 |          3
  2801 |          3
  2802 |          3
  2803 |          3
  2805 |          3
  2806 |          3
  2808 |          3
  2809 |          3
  2810 |          3
  2811 |          3
  2812 |          3
  2813 |          3
  2814 |          3
  2816 |          3
  2817 |          3
  2820 |          3
  2821 |          3
  2823 |          3
  2824 |          3
  2825 |          3
  2826 |          3
  2827 |          3
  2828 |          3
  2829 |          3
  2830 |          3
  2831 |          3
  2832 |          3
  2833 |          3
  2834 |          3
  2835 |          3
  2836 |          3
  2837 |          3
  2838 |          3
  2840 |          3
  2841 |          3
  2843 |          3
  2844 |          3
  2845 |          3
  2846 |          3
  2848 |          3
  2849 |          3
  2850 |          3
  2852 |          3
  2854 |          3
  2855 |          3
  2856 |          3
  2857 |          3
  2858 |          3
  2860 |          3
  2861 |          3
  2862 |          3
  2863 |          3
  2864 |          3
  2865 |          3
  2866 |          3
  2867 |          3
  2868 |          3
  2869 |          3
  2871 |          3
  2872 |          3
  2873 |          3
  2874 |          3
  2875 |          3
  2876 |          3
  2877 |          3
  2878 |          3
  2879 |          3
  2880 |          3
  2881 |          3
  2882 |          3
  2883 |          3
  2884 |          3
  2885 |          3
  2886 |          3
  2888 |          3
  2891 |          3
  2892 |          3
  2893 |          3
  2894 |          3
  2895 |          3
  2896 |          3
  2897 |          3
  2898 |          3
  2899 |          3
  2900 |          3
  2901 |          3
  2902 |          3
  2903 |          3
  2906 |          3
  2908 |          3
  2912 |          3
  2917 |          3
  2919 |          3
  2920 |          3
  2923 |          3
  2924 |          3
  2925 |          3
  2926 |          3
  2927 |          3
  2929 |          3
  2930 |          3
  2931 |          3
  2933 |          3
  2935 |          3
  2936 |          3
  2937 |          3
  2938 |          3
  2940 |          3
  2941 |          3
  2942 |          3
  2943 |          3
  2945 |          3
  2947 |          3
  2949 |          3
  2950 |          3
  2951 |          3
  2954 |          3
  2955 |          3
  2956 |          3
  2958 |          3
  2959 |          3
  2963 |          3
  2964 |          3
  2966 |          3
  2968 |          3
  2969 |          3
  2970 |          3
  2972 |          3
  2973 |          3
  2974 |          3
  2977 |          3
  2979 |          3
  2980 |          3
  2981 |          3
  2982 |          3
  2983 |          3
  2984 |          3
  2985 |          3
  2986 |          3
  2987 |          3
  2989 |          3
  2990 |          3
  2992 |          3
  2993 |          3
  2994 |          3
  2996 |          3
  2997 |          3
  2998 |          3
  3000 |          3
  3001 |          3
  3004 |          3
  3005 |          3
  3007 |          3
  3008 |          3
  3009 |          3
  3010 |          3
  3011 |          3
  3013 |          3
  3014 |          3
  3015 |          3
  3016 |          3
  3017 |          3
  3018 |          3
  3019 |          3
  3020 |          3
  3022 |          3
  3024 |          3
  3025 |          3
  3026 |          3
  3027 |          3
  3028 |          3
  3029 |          3
  3030 |          3
  3031 |          3
  3032 |          3
  3033 |          3
  3035 |          3
  3036 |          3
  3038 |          3
  3039 |          3
  3040 |          3
  3042 |          3
  3045 |          3
  3047 |          3
  3048 |          3
  3049 |          3
  3050 |          3
  3051 |          3
  3053 |          3
  3054 |          3
  3056 |          3
  3057 |          3
  3058 |          3
  3062 |          3
  3063 |          3
  3064 |          3
  3065 |          3
  3071 |          3
  3072 |          3
  3073 |          3
  3075 |          3
  3076 |          3
  3077 |          3
  3078 |          3
  3080 |          3
  3081 |          3
  3083 |          3
  3086 |          3
  3087 |          3
  3089 |          3
  3092 |          3
  3094 |          3
  3097 |          3
  3100 |          3
  3101 |          3
  3103 |          3
  3104 |          3
  3105 |          3
  3106 |          3
  3108 |          3
  3109 |          3
  3112 |          3
  3113 |          3
  3115 |          3
  3116 |          3
  3117 |          3
  3118 |          3
  3119 |          3
  3120 |          3
  3121 |          3
  3122 |          3
  3123 |          3
  3124 |          3
  3125 |          3
  3126 |          3
  3128 |          3
  3129 |          3
  3130 |          3
  3132 |          3
  3133 |          3
  3134 |          3
  3135 |          3
  3139 |          3
  3140 |          3
  3142 |          3
  3143 |          3
  3145 |          3
  3148 |          3
  3151 |          3
  3152 |          3
  3153 |          3
  3155 |          3
  3156 |          3
  3157 |          3
  3158 |          3
  3159 |          3
  3160 |          3
  3161 |          3
  3162 |          3
  3163 |          3
  3164 |          3
  3165 |          3
  3166 |          3
  3167 |          3
  3168 |          3
  3169 |          3
  3170 |          3
  3172 |          3
  3173 |          3
  3176 |          3
  3178 |          3
  3179 |          3
  3180 |          3
  3182 |          3
  3183 |          3
  3184 |          3
  3185 |          3
  3186 |          3
  3188 |          3
  3189 |          3
  3190 |          3
  3192 |          3
  3194 |          3
  3195 |          3
  3199 |          3
  3200 |          3
  3201 |          3
  3202 |          3
  3203 |          3
  3204 |          3
  3205 |          3
  3209 |          3
  3210 |          3
  3211 |          3
  3212 |          3
  3214 |          3
  3215 |          3
  5103 |          3
  3216 |          3
  3217 |          3
  3218 |          3
  3220 |          3
  3221 |          3
  3222 |          3
  3223 |          3
  3224 |          3
  3225 |          3
  3227 |          3
  3231 |          3
  3232 |          3
  3233 |          3
  3234 |          3
  3235 |          3
  3237 |          3
  3238 |          3
  3240 |          3
  3241 |          3
  3244 |          3
  3247 |          3
  3248 |          3
  3249 |          3
  3250 |          3
  3251 |          3
  3252 |          3
  3253 |          3
  3254 |          3
  3256 |          3
  3257 |          3
  3259 |          3
  3260 |          3
  3261 |          3
  3262 |          3
  3265 |          3
  3268 |          3
  3269 |          3
  3271 |          3
  3272 |          3
  3273 |          3
  3274 |          3
  3275 |          3
  3276 |          3
  3277 |          3
  3278 |          3
  3281 |          3
  3282 |          3
  3283 |          3
  3286 |          3
  3288 |          3
  3289 |          3
  3290 |          3
  3291 |          3
  3292 |          3
  3294 |          3
  3295 |          3
  3296 |          3
  3298 |          3
  3299 |          3
  3300 |          3
  3302 |          3
  3304 |          3
  3305 |          3
  3307 |          3
  3308 |          3
  3309 |          3
  3310 |          3
  3312 |          3
  3314 |          3
  3315 |          3
  3318 |          3
  3320 |          3
  3321 |          3
  3323 |          3
  3324 |          3
  3326 |          3
  3327 |          3
  3329 |          3
  3330 |          3
  3332 |          3
  3333 |          3
  3335 |          3
  3336 |          3
  3337 |          3
  3339 |          3
  3340 |          3
  3341 |          3
  3342 |          3
  3343 |          3
  3345 |          3
  3347 |          3
  3348 |          3
  3349 |          3
  3350 |          3
  3353 |          3
  3354 |          3
  3355 |          3
  3359 |          3
  3360 |          3
  3361 |          3
  3362 |          3
  3363 |          3
  3364 |          3
  3365 |          3
  3366 |          3
  3367 |          3
  3368 |          3
  3369 |          3
  3370 |          3
  3371 |          3
  3372 |          3
  3374 |          3
  3375 |          3
  3376 |          3
  3377 |          3
  3378 |          3
  3379 |          3
  3380 |          3
  3381 |          3
  3382 |          3
  3383 |          3
  3384 |          3
  3385 |          3
  3386 |          3
  3387 |          3
  3390 |          3
  3392 |          3
  3394 |          3
  3395 |          3
  3396 |          3
  3397 |          3
  3398 |          3
  3399 |          3
  3400 |          3
  3402 |          3
  3404 |          3
  3405 |          3
  3406 |          3
  3407 |          3
  3408 |          3
  3409 |          3
  3412 |          3
  3413 |          3
  3414 |          3
  3415 |          3
  3418 |          3
 20339 |          3
  3423 |          3
  3424 |          3
  3425 |          3
  3427 |          3
  3428 |          3
  3430 |          3
  3431 |          3
  3432 |          3
  3434 |          3
  3436 |          3
  3437 |          3
  3439 |          3
  3441 |          3
  3442 |          3
  3443 |          3
  3444 |          3
  3445 |          3
  3446 |          3
  3448 |          3
  3449 |          3
  3450 |          3
  3451 |          3
  3454 |          3
  3455 |          3
  3456 |          3
  3459 |          3
  3460 |          3
  3461 |          3
  3462 |          3
  3463 |          3
  3464 |          3
  3466 |          3
  3468 |          3
  3469 |          3
  3470 |          3
  3472 |          3
  3473 |          3
  3474 |          3
  3475 |          3
  3476 |          3
  3477 |          3
  3478 |          3
  3479 |          3
  3480 |          3
  3481 |          3
  3482 |          3
  3483 |          3
  3484 |          3
  3485 |          3
  3486 |          3
  3487 |          3
  3488 |          3
  3489 |          3
  3491 |          3
  3492 |          3
  3493 |          3
  3494 |          3
  3498 |          3
  3499 |          3
  3500 |          3
  3501 |          3
  3502 |          3
  3503 |          3
  3504 |          3
  3505 |          3
  3506 |          3
  3507 |          3
  3508 |          3
  3510 |          3
  3511 |          3
  3512 |          3
  3513 |          3
  3514 |          3
  3516 |          3
  3518 |          3
  3519 |          3
  3520 |          3
  3521 |          3
  3523 |          3
  3524 |          3
  3525 |          3
  3526 |          3
  3527 |          3
  3528 |          3
  3529 |          3
  3530 |          3
  3531 |          3
  3532 |          3
  3534 |          3
  3535 |          3
  3536 |          3
  3537 |          3
  3538 |          3
  3539 |          3
  3540 |          3
  3541 |          3
  3542 |          3
  3543 |          3
  3544 |          3
  3545 |          3
  3546 |          3
  3548 |          3
  3549 |          3
  3550 |          3
  3554 |          3
  3556 |          3
  3557 |          3
  3558 |          3
  3559 |          3
  3562 |          3
  3563 |          3
  3564 |          3
  3566 |          3
  3569 |          3
  3570 |          3
  3571 |          3
  3573 |          3
  3574 |          3
  3575 |          3
  3577 |          3
  3578 |          3
  3580 |          3
  3581 |          3
  3582 |          3
  3584 |          3
  3585 |          3
  3587 |          3
  3588 |          3
  3589 |          3
  3590 |          3
  3592 |          3
  3594 |          3
  3595 |          3
  3596 |          3
  3599 |          3
  3600 |          3
  3604 |          3
  3606 |          3
  3608 |          3
  3609 |          3
  3610 |          3
  3612 |          3
  3613 |          3
  3614 |          3
  3615 |          3
  3616 |          3
  3618 |          3
  3619 |          3
  3620 |          3
  3621 |          3
  3622 |          3
  3623 |          3
  3624 |          3
  7717 |          3
  3626 |          3
  5104 |          3
  3627 |          3
  3628 |          3
  3629 |          3
  3631 |          3
  3634 |          3
  3635 |          3
  3636 |          3
  3637 |          3
  3638 |          3
  3639 |          3
  3640 |          3
  3641 |          3
  3642 |          3
  3643 |          3
  3645 |          3
  3646 |          3
  3647 |          3
  3648 |          3
  3649 |          3
  3650 |          3
  3651 |          3
  3652 |          3
  3654 |          3
  3655 |          3
  3657 |          3
  3658 |          3
  3660 |          3
  3661 |          3
  3662 |          3
  3663 |          3
  3664 |          3
  3665 |          3
  3667 |          3
  3668 |          3
  3669 |          3
  3670 |          3
  3671 |          3
  3672 |          3
  3673 |          3
  3674 |          3
  3675 |          3
  3676 |          3
  3677 |          3
  3678 |          3
  3679 |          3
  3681 |          3
  3683 |          3
  3684 |          3
  3685 |          3
  3686 |          3
  3687 |          3
  3688 |          3
  3689 |          3
  3691 |          3
  3692 |          3
  3693 |          3
  3695 |          3
  3696 |          3
  3916 |          3
  3698 |          3
  3700 |          3
  3701 |          3
  3704 |          3
  3705 |          3
  3707 |          3
  3709 |          3
  3711 |          3
  3712 |          3
  3713 |          3
  3714 |          3
  3716 |          3
  3717 |          3
  3718 |          3
  3719 |          3
  3722 |          3
  3723 |          3
  3725 |          3
  3727 |          3
  3728 |          3
  3730 |          3
  3731 |          3
  3733 |          3
  3734 |          3
  3735 |          3
  3736 |          3
  3737 |          3
  3738 |          3
  3742 |          3
  3743 |          3
  3744 |          3
  3745 |          3
  3746 |          3
  3747 |          3
  3749 |          3
  3750 |          3
  3752 |          3
  3753 |          3
  3754 |          3
  3755 |          3
  3756 |          3
  3760 |          3
  3761 |          3
  3763 |          3
  3764 |          3
  3768 |          3
  3770 |          3
  3771 |          3
  3917 |          3
  3772 |          3
  3773 |          3
  3774 |          3
  3776 |          3
  3778 |          3
  3779 |          3
  3780 |          3
  3781 |          3
  3782 |          3
 20533 |          3
  3785 |          3
  3786 |          3
  3788 |          3
  3793 |          3
  3797 |          3
  3798 |          3
  3800 |          3
  3801 |          3
  3803 |          3
  3805 |          3
  3806 |          3
  3807 |          3
  3809 |          3
  3810 |          3
  3812 |          3
  3813 |          3
  3814 |          3
  3815 |          3
  3818 |          3
  3820 |          3
  3821 |          3
  3822 |          3
  3823 |          3
  3824 |          3
  3825 |          3
  3828 |          3
  3829 |          3
  3832 |          3
  3834 |          3
  3835 |          3
  3836 |          3
  3837 |          3
  3841 |          3
 20375 |          3
  3845 |          3
  3846 |          3
  3848 |          3
  3849 |          3
  3850 |          3
  3851 |          3
  3853 |          3
  3854 |          3
  3856 |          3
  3857 |          3
  3858 |          3
  3860 |          3
  3861 |          3
  3862 |          3
  3864 |          3
  3865 |          3
  3866 |          3
  3867 |          3
  3868 |          3
  3869 |          3
  3871 |          3
  3874 |          3
  3875 |          3
  3876 |          3
  3877 |          3
  3878 |          3
  3879 |          3
  3880 |          3
  3882 |          3
  3883 |          3
  3886 |          3
  3887 |          3
  3888 |          3
  3889 |          3
  3890 |          3
  3891 |          3
  3892 |          3
  3893 |          3
  3894 |          3
  3896 |          3
  3897 |          3
  3899 |          3
  3900 |          3
  3901 |          3
  3902 |          3
  3903 |          3
  3904 |          3
  3905 |          3
  3906 |          3
  3907 |          3
  3909 |          3
  3910 |          3
  3912 |          3
  3913 |          3
  3914 |          3
  3920 |          3
  3921 |          3
  3922 |          3
  3923 |          3
  3924 |          3
  3925 |          3
  3926 |          3
  3928 |          3
  3930 |          3
  3931 |          3
  3933 |          3
  3934 |          3
  3935 |          3
  3936 |          3
  3937 |          3
  3938 |          3
  3939 |          3
  3940 |          3
  3943 |          3
  3947 |          3
  3949 |          3
  3950 |          3
  3953 |          3
  3954 |          3
  3955 |          3
  3956 |          3
  3957 |          3
  3958 |          3
  3959 |          3
  3960 |          3
  3961 |          3
  3963 |          3
  3964 |          3
  3965 |          3
  3968 |          3
  3969 |          3
  3970 |          3
  3971 |          3
  3972 |          3
  3973 |          3
  3975 |          3
  3977 |          3
  3978 |          3
  3981 |          3
  3983 |          3
  3984 |          3
  3985 |          3
  3987 |          3
  3988 |          3
  3989 |          3
  3990 |          3
  3992 |          3
  3993 |          3
  3994 |          3
  3995 |          3
  3996 |          3
  3997 |          3
  3998 |          3
  4001 |          3
  4002 |          3
  4003 |          3
  4004 |          3
  4005 |          3
  4006 |          3
  4007 |          3
  4010 |          3
  4011 |          3
  4012 |          3
  4013 |          3
  4014 |          3
  4017 |          3
  4019 |          3
  4020 |          3
  4021 |          3
  4022 |          3
  4023 |          3
  4025 |          3
  4029 |          3
  4031 |          3
  4033 |          3
  4035 |          3
  4036 |          3
  4037 |          3
  4038 |          3
  4039 |          3
  4040 |          3
  4041 |          3
  4042 |          3
  4044 |          3
  4045 |          3
  4047 |          3
  4048 |          3
  4050 |          3
  4052 |          3
  4053 |          3
  4055 |          3
  4056 |          3
  4057 |          3
  4058 |          3
  4059 |          3
  4060 |          3
  4061 |          3
  4062 |          3
  4063 |          3
  4064 |          3
  4065 |          3
  4066 |          3
  4067 |          3
  4068 |          3
  4069 |          3
  4071 |          3
  4072 |          3
  4074 |          3
  4077 |          3
  4078 |          3
  4080 |          3
  4081 |          3
  4082 |          3
  4084 |          3
  4086 |          3
  4087 |          3
  4088 |          3
  4089 |          3
  4090 |          3
  4092 |          3
  4093 |          3
  4094 |          3
  4096 |          3
  4097 |          3
  4098 |          3
  4099 |          3
  4100 |          3
  4102 |          3
  4104 |          3
  4105 |          3
  4106 |          3
  4107 |          3
  4110 |          3
  4111 |          3
  4115 |          3
  4117 |          3
  4118 |          3
  4119 |          3
  4120 |          3
  4122 |          3
  4123 |          3
  4124 |          3
  4125 |          3
  4126 |          3
  4127 |          3
  4128 |          3
  4129 |          3
  4130 |          3
  4132 |          3
  4134 |          3
  4135 |          3
  4136 |          3
  4137 |          3
  4139 |          3
  4141 |          3
  4142 |          3
  4145 |          3
  4146 |          3
  4148 |          3
  4150 |          3
  4154 |          3
  4156 |          3
  4157 |          3
  4159 |          3
  4160 |          3
  4161 |          3
  4162 |          3
  4164 |          3
  4165 |          3
  4166 |          3
  4167 |          3
  4168 |          3
  4169 |          3
  4170 |          3
  4171 |          3
  4173 |          3
  4174 |          3
  4175 |          3
  4177 |          3
  4178 |          3
  4179 |          3
  4180 |          3
  4183 |          3
  4185 |          3
  4186 |          3
  4187 |          3
  4188 |          3
  4189 |          3
  4191 |          3
  4192 |          3
  4193 |          3
  4194 |          3
  4195 |          3
  4196 |          3
  4197 |          3
  4198 |          3
  4199 |          3
  4200 |          3
  4201 |          3
  4204 |          3
  4205 |          3
  4206 |          3
  4207 |          3
  4208 |          3
  4209 |          3
  4210 |          3
  4211 |          3
  4215 |          3
  4216 |          3
  4220 |          3
  4221 |          3
  4222 |          3
  4224 |          3
  4226 |          3
  4227 |          3
  4228 |          3
  4230 |          3
  4231 |          3
  4233 |          3
  4234 |          3
  4236 |          3
  4237 |          3
  4239 |          3
  4240 |          3
  4244 |          3
  4245 |          3
  4246 |          3
  4250 |          3
  4251 |          3
  4253 |          3
  4254 |          3
  4255 |          3
  4256 |          3
  4257 |          3
  4258 |          3
  4261 |          3
  4263 |          3
  4265 |          3
  4266 |          3
  4267 |          3
  4268 |          3
  4269 |          3
  4270 |          3
  4271 |          3
  4272 |          3
  4273 |          3
  4275 |          3
  4277 |          3
  4278 |          3
  4279 |          3
  4280 |          3
  4281 |          3
  4284 |          3
  4285 |          3
  4286 |          3
  4287 |          3
  4288 |          3
  4289 |          3
  4290 |          3
  4291 |          3
  4292 |          3
  4293 |          3
  4294 |          3
  4296 |          3
  4300 |          3
  4301 |          3
  4303 |          3
  4305 |          3
  4306 |          3
  4307 |          3
  4310 |          3
  4311 |          3
  4312 |          3
  4313 |          3
  4314 |          3
  4315 |          3
  4317 |          3
  4318 |          3
  4650 |          3
  4319 |          3
  4321 |          3
  4322 |          3
  4323 |          3
  4324 |          3
  4325 |          3
  4326 |          3
  4329 |          3
  4330 |          3
  4331 |          3
  4332 |          3
  4333 |          3
  4334 |          3
  4335 |          3
  4337 |          3
  4483 |          3
  4488 |          3
  4492 |          3
  4493 |          3
  4494 |          3
  4496 |          3
  4498 |          3
  4499 |          3
  4500 |          3
  4503 |          3
  4507 |          3
  4508 |          3
  4509 |          3
  4511 |          3
  4513 |          3
  4516 |          3
  4521 |          3
  4522 |          3
  4525 |          3
  4528 |          3
  4533 |          3
  4536 |          3
  4538 |          3
  4539 |          3
  4540 |          3
  4542 |          3
  4543 |          3
  4547 |          3
  4548 |          3
  4552 |          3
  4553 |          3
  4555 |          3
  4558 |          3
  4563 |          3
  4568 |          3
  4569 |          3
  4571 |          3
  4572 |          3
  4573 |          3
  4575 |          3
  4577 |          3
  4579 |          3
  4582 |          3
  4583 |          3
  4585 |          3
  4588 |          3
  4589 |          3
  4591 |          3
  4592 |          3
  4593 |          3
  4594 |          3
  4595 |          3
  4597 |          3
  4598 |          3
  4599 |          3
  4600 |          3
  4601 |          3
  4602 |          3
  4604 |          3
  4606 |          3
  4608 |          3
  4609 |          3
  4610 |          3
  4611 |          3
  4614 |          3
  4615 |          3
  4616 |          3
  4617 |          3
  4618 |          3
  4619 |          3
  4620 |          3
  4622 |          3
  4623 |          3
  4624 |          3
  4625 |          3
  4626 |          3
  4630 |          3
  4631 |          3
  4632 |          3
  4633 |          3
  4635 |          3
  4636 |          3
  4637 |          3
  4638 |          3
  4640 |          3
  4641 |          3
  4643 |          3
  4644 |          3
  4645 |          3
  4646 |          3
  4647 |          3
  4649 |          3
  4652 |          3
  4654 |          3
 20436 |          3
  4656 |          3
  4657 |          3
  4661 |          3
  4662 |          3
  4664 |          3
  4665 |          3
  4667 |          3
  4668 |          3
  4669 |          3
  4670 |          3
  4671 |          3
  4672 |          3
  4673 |          3
  4674 |          3
  4675 |          3
  4677 |          3
  4678 |          3
  4679 |          3
  4681 |          3
  4682 |          3
  4684 |          3
  4685 |          3
  4686 |          3
  4687 |          3
  4688 |          3
  4689 |          3
  4690 |          3
  4691 |          3
  4692 |          3
  4693 |          3
  4694 |          3
  4695 |          3
  4697 |          3
  4698 |          3
  4699 |          3
  4700 |          3
  4701 |          3
  4702 |          3
  4703 |          3
  4705 |          3
  4706 |          3
  4707 |          3
  4708 |          3
  4709 |          3
  4712 |          3
  4721 |          3
  4723 |          3
  4725 |          3
  4726 |          3
  4728 |          3
  4731 |          3
  4732 |          3
  4733 |          3
  4734 |          3
  4735 |          3
  4737 |          3
  4738 |          3
  4740 |          3
  4742 |          3
  4743 |          3
  4745 |          3
  4748 |          3
  4749 |          3
  4750 |          3
  4751 |          3
  4752 |          3
  4754 |          3
  4755 |          3
  4756 |          3
  4757 |          3
  4758 |          3
  4762 |          3
  4766 |          3
  4767 |          3
  4770 |          3
  4772 |          3
  4773 |          3
  4774 |          3
  4775 |          3
  4776 |          3
  4777 |          3
  4779 |          3
  4780 |          3
  4781 |          3
  4782 |          3
  4783 |          3
  4785 |          3
  4788 |          3
  4789 |          3
  4790 |          3
  4792 |          3
  4793 |          3
  4795 |          3
  4796 |          3
  4797 |          3
  4799 |          3
  4801 |          3
  4802 |          3
  4804 |          3
  4806 |          3
  4807 |          3
  4809 |          3
  4810 |          3
  4812 |          3
  4813 |          3
  4816 |          3
  4818 |          3
  4820 |          3
  4822 |          3
  4826 |          3
  4827 |          3
  4829 |          3
  4830 |          3
  4831 |          3
  4832 |          3
  4833 |          3
  4834 |          3
  4838 |          3
  4839 |          3
  4841 |          3
  4844 |          3
  4845 |          3
  4848 |          3
  4849 |          3
  4851 |          3
  4852 |          3
  4853 |          3
  4854 |          3
  4856 |          3
 20408 |          3
  4863 |          3
  4864 |          3
  4867 |          3
  4868 |          3
  4869 |          3
  4871 |          3
  4874 |          3
  4875 |          3
  4880 |          3
  4881 |          3
  4882 |          3
  4884 |          3
  4885 |          3
  4886 |          3
  4892 |          3
  4893 |          3
  4896 |          3
  4897 |          3
  4898 |          3
  4900 |          3
  4901 |          3
  4902 |          3
  4905 |          3
  4906 |          3
  4926 |          3
  4927 |          3
  4929 |          3
  4931 |          3
  4932 |          3
  4933 |          3
  4934 |          3
  4935 |          3
  4937 |          3
  4938 |          3
  4940 |          3
  4943 |          3
  4944 |          3
  4945 |          3
  4948 |          3
  4949 |          3
  4950 |          3
  4952 |          3
  4953 |          3
  4955 |          3
  5102 |          3
  4956 |          3
  4958 |          3
  4959 |          3
  4960 |          3
  4962 |          3
  4964 |          3
  4965 |          3
  4966 |          3
  4967 |          3
  4968 |          3
  4969 |          3
  4973 |          3
  4974 |          3
  4975 |          3
  4976 |          3
  4977 |          3
  4978 |          3
  4979 |          3
  4982 |          3
  4987 |          3
  4988 |          3
  4990 |          3
  4991 |          3
  4995 |          3
  4996 |          3
  4997 |          3
  4998 |          3
  4999 |          3
  5001 |          3
  5002 |          3
  5003 |          3
  5004 |          3
  5005 |          3
  5011 |          3
  5014 |          3
  5015 |          3
  5016 |          3
  5017 |          3
  5018 |          3
  5019 |          3
  5024 |          3
  5025 |          3
  5027 |          3
  5028 |          3
  5032 |          3
  5033 |          3
  5035 |          3
  5037 |          3
  5038 |          3
  5040 |          3
  5043 |          3
  5044 |          3
  5046 |          3
  5048 |          3
  5050 |          3
  5051 |          3
  5052 |          3
  5054 |          3
  5056 |          3
  5057 |          3
  5058 |          3
  5059 |          3
  5060 |          3
  5061 |          3
  5062 |          3
  5063 |          3
  5065 |          3
  5066 |          3
  5067 |          3
  5069 |          3
  5070 |          3
  5071 |          3
  5073 |          3
  5074 |          3
  5075 |          3
  5078 |          3
  5080 |          3
  5082 |          3
  5084 |          3
  5085 |          3
  5086 |          3
  5087 |          3
  5088 |          3
  5089 |          3
  5091 |          3
  5094 |          3
  5097 |          3
  5098 |          3
  5099 |          3
  5101 |          3
  5105 |          3
  5107 |          3
  5108 |          3
  5109 |          3
  5113 |          3
  5114 |          3
  5116 |          3
  5117 |          3
  5120 |          3
  5123 |          3
  5125 |          3
  5126 |          3
  5128 |          3
  5131 |          3
  5132 |          3
  5133 |          3
  5134 |          3
  5135 |          3
  5136 |          3
  5139 |          3
  5140 |          3
  5141 |          3
  5142 |          3
  5144 |          3
  5145 |          3
  5146 |          3
  5148 |          3
  5149 |          3
  5150 |          3
  5154 |          3
  5156 |          3
  5159 |          3
  5162 |          3
  5163 |          3
  5164 |          3
  5169 |          3
  5170 |          3
  5171 |          3
  5172 |          3
  5173 |          3
  5176 |          3
  5177 |          3
  5178 |          3
  5180 |          3
  5183 |          3
  5184 |          3
  5185 |          3
  5186 |          3
 20031 |          3
  5187 |          3
  5188 |          3
  5192 |          3
  5196 |          3
  5198 |          3
  5199 |          3
  5201 |          3
  5203 |          3
  5206 |          3
  5207 |          3
  5208 |          3
  5209 |          3
  5210 |          3
  5211 |          3
  5213 |          3
  5214 |          3
  5215 |          3
  5216 |          3
  5217 |          3
  5218 |          3
  5223 |          3
  5224 |          3
  5225 |          3
  5226 |          3
  5228 |          3
  5229 |          3
  5231 |          3
  5232 |          3
  5233 |          3
  5234 |          3
  5235 |          3
  5237 |          3
  5238 |          3
  5239 |          3
  5241 |          3
  5243 |          3
  5244 |          3
  5247 |          3
  5251 |          3
  5252 |          3
  5253 |          3
  5257 |          3
  5258 |          3
  5259 |          3
  5263 |          3
  5266 |          3
  5267 |          3
  5269 |          3
  5270 |          3
  5273 |          3
  5274 |          3
  5275 |          3
  5277 |          3
  5278 |          3
  5280 |          3
 20409 |          3
  5285 |          3
  5289 |          3
  5290 |          3
  5292 |          3
  5293 |          3
  5294 |          3
  5295 |          3
  5297 |          3
  5298 |          3
  5299 |          3
  5301 |          3
  5306 |          3
  5311 |          3
  5312 |          3
  5315 |          3
  5318 |          3
  5319 |          3
  5320 |          3
  5324 |          3
  5325 |          3
  5326 |          3
  5330 |          3
  5332 |          3
  5334 |          3
  5337 |          3
  5339 |          3
  5342 |          3
 20410 |          3
  5344 |          3
  5347 |          3
  5350 |          3
  5351 |          3
  5352 |          3
  5353 |          3
  5354 |          3
  5356 |          3
  5359 |          3
  5360 |          3
  5362 |          3
  5363 |          3
  5365 |          3
  5366 |          3
  5369 |          3
  5372 |          3
  5373 |          3
  5374 |          3
  5375 |          3
  5376 |          3
  5377 |          3
  5378 |          3
  5380 |          3
  5382 |          3
  5383 |          3
  5384 |          3
  5386 |          3
  5387 |          3
  5388 |          3
  5392 |          3
  5393 |          3
  5394 |          3
  5395 |          3
  5396 |          3
  5397 |          3
  5398 |          3
  5400 |          3
  5402 |          3
  5478 |          3
  5404 |          3
  5406 |          3
  5407 |          3
  5408 |          3
  5409 |          3
  5410 |          3
  5411 |          3
  5412 |          3
  5413 |          3
  5414 |          3
  5417 |          3
  5419 |          3
  5421 |          3
  5424 |          3
  5428 |          3
  5430 |          3
  5432 |          3
  5433 |          3
  5435 |          3
  5436 |          3
  5437 |          3
  5438 |          3
  5443 |          3
  5446 |          3
 20437 |          3
  5449 |          3
  5453 |          3
  5454 |          3
  5456 |          3
  5457 |          3
  5461 |          3
  5462 |          3
  5463 |          3
  5464 |          3
  5465 |          3
  5466 |          3
  5469 |          3
  5470 |          3
  5472 |          3
  5473 |          3
  5477 |          3
  5481 |          3
  5483 |          3
  5484 |          3
  5485 |          3
  5486 |          3
  5487 |          3
  5488 |          3
  5491 |          3
  5492 |          3
  5493 |          3
  5495 |          3
  5496 |          3
  5498 |          3
  5499 |          3
  5500 |          3
  5501 |          3
  5507 |          3
  5508 |          3
  5512 |          3
  5513 |          3
  5514 |          3
  5515 |          3
  5516 |          3
  5520 |          3
  5523 |          3
  5524 |          3
  5526 |          3
  5528 |          3
  5529 |          3
  5531 |          3
  5533 |          3
  5534 |          3
  5535 |          3
  5536 |          3
  5537 |          3
  5538 |          3
  5539 |          3
  5540 |          3
  5541 |          3
  5542 |          3
  5544 |          3
  5547 |          3
  5550 |          3
  5553 |          3
  5554 |          3
  5555 |          3
  5556 |          3
  5557 |          3
  5558 |          3
  5560 |          3
  5561 |          3
  5562 |          3
  5564 |          3
  5565 |          3
  5566 |          3
  5567 |          3
  5569 |          3
  5570 |          3
  5572 |          3
  5573 |          3
  5576 |          3
  5579 |          3
  5580 |          3
  5582 |          3
  5584 |          3
  5585 |          3
  5586 |          3
  5587 |          3
  5589 |          3
  5590 |          3
  5591 |          3
  5592 |          3
  5593 |          3
  5595 |          3
  5597 |          3
  5603 |          3
 20411 |          3
  5608 |          3
  5609 |          3
  5610 |          3
  5611 |          3
  5613 |          3
  5615 |          3
  5616 |          3
  5620 |          3
  5621 |          3
  5622 |          3
  5623 |          3
  5624 |          3
  5625 |          3
  5626 |          3
  5627 |          3
  5629 |          3
  5631 |          3
  5633 |          3
  5635 |          3
  5637 |          3
  5638 |          3
  5639 |          3
  5642 |          3
  5645 |          3
  5646 |          3
  5648 |          3
  5650 |          3
  5651 |          3
  5652 |          3
  5657 |          3
  5660 |          3
  5661 |          3
  5662 |          3
  5663 |          3
  5666 |          3
  5667 |          3
  5668 |          3
  5669 |          3
  5670 |          3
  5675 |          3
  5676 |          3
  5677 |          3
  5678 |          3
  5679 |          3
  5681 |          3
  5683 |          3
  5686 |          3
  5687 |          3
  5689 |          3
  5690 |          3
  5691 |          3
  5699 |          3
  5700 |          3
  5703 |          3
  5705 |          3
  5706 |          3
  5708 |          3
  5711 |          3
  5712 |          3
  5713 |          3
  5715 |          3
  5716 |          3
  5717 |          3
  5718 |          3
  5719 |          3
  5724 |          3
  5725 |          3
  5728 |          3
  5729 |          3
  5730 |          3
  5731 |          3
  5734 |          3
  5735 |          3
  5738 |          3
  5739 |          3
  5741 |          3
  5748 |          3
  5751 |          3
  5752 |          3
  5754 |          3
  5755 |          3
  6931 |          3
  5758 |          3
  5761 |          3
 20414 |          3
  5763 |          3
  5764 |          3
  5765 |          3
  5766 |          3
 20415 |          3
  5768 |          3
  5770 |          3
  5771 |          3
  5772 |          3
  5775 |          3
  5777 |          3
  5778 |          3
  5779 |          3
  5780 |          3
  5781 |          3
  5784 |          3
  5785 |          3
  5787 |          3
  5788 |          3
  5790 |          3
  5791 |          3
  5794 |          3
  5795 |          3
  5797 |          3
  5798 |          3
  5799 |          3
  5802 |          3
  5805 |          3
  5806 |          3
  5807 |          3
  5810 |          3
  5811 |          3
  5814 |          3
  5816 |          3
  5818 |          3
  5819 |          3
  5820 |          3
  5821 |          3
  5822 |          3
  5824 |          3
  5827 |          3
  5828 |          3
  5833 |          3
  5835 |          3
  5836 |          3
  5838 |          3
  5841 |          3
  5843 |          3
  5844 |          3
  5845 |          3
  5846 |          3
  5849 |          3
  5850 |          3
  5851 |          3
  5856 |          3
  5857 |          3
  5863 |          3
  5864 |          3
  5866 |          3
  5868 |          3
  5870 |          3
  5873 |          3
  5874 |          3
  5877 |          3
  5880 |          3
  5881 |          3
  5885 |          3
  5887 |          3
  5890 |          3
  5896 |          3
  5901 |          3
  5902 |          3
  5907 |          3
  5909 |          3
  5911 |          3
  5912 |          3
  5913 |          3
  5914 |          3
  5916 |          3
  5919 |          3
  5920 |          3
  5922 |          3
  5924 |          3
  5927 |          3
  5930 |          3
  5932 |          3
  5934 |          3
  5935 |          3
  5937 |          3
  5944 |          3
  5946 |          3
  5949 |          3
  5950 |          3
  5952 |          3
  5962 |          3
  5964 |          3
  5966 |          3
  5969 |          3
  5970 |          3
  5971 |          3
  5972 |          3
  5973 |          3
  5974 |          3
  5978 |          3
  5979 |          3
  5980 |          3
  5981 |          3
  5983 |          3
  5988 |          3
  5989 |          3
  5996 |          3
  5997 |          3
  5998 |          3
  5999 |          3
  6000 |          3
  6003 |          3
  6004 |          3
  6005 |          3
  6009 |          3
  6011 |          3
  6012 |          3
  6013 |          3
  6014 |          3
  6017 |          3
  6018 |          3
  6020 |          3
  6024 |          3
  6025 |          3
  6026 |          3
  6028 |          3
  6029 |          3
  6031 |          3
  6033 |          3
  6035 |          3
  6040 |          3
  6042 |          3
  6008 |          3
  6044 |          3
  6046 |          3
  6048 |          3
  6050 |          3
  6056 |          3
  6057 |          3
  6061 |          3
  6062 |          3
  6066 |          3
  6068 |          3
  6069 |          3
  6070 |          3
  6072 |          3
  6073 |          3
  6074 |          3
  6082 |          3
  6085 |          3
  6093 |          3
  6097 |          3
  6101 |          3
  6109 |          3
  6110 |          3
  6113 |          3
  6115 |          3
  6118 |          3
  6059 |          3
  6120 |          3
  6122 |          3
  6125 |          3
  6126 |          3
  6127 |          3
  6128 |          3
  6130 |          3
  6133 |          3
  6135 |          3
  6137 |          3
  6138 |          3
  6140 |          3
  6141 |          3
  6142 |          3
  6143 |          3
  6144 |          3
  6146 |          3
  6151 |          3
  6152 |          3
  6153 |          3
  6154 |          3
  6155 |          3
  6156 |          3
  6157 |          3
 20418 |          3
  6160 |          3
  6162 |          3
  6163 |          3
  6165 |          3
  6166 |          3
  6170 |          3
  6171 |          3
  6177 |          3
  6178 |          3
  6180 |          3
  6182 |          3
  6184 |          3
  6186 |          3
  6187 |          3
  6188 |          3
  6189 |          3
  6192 |          3
  6194 |          3
  6197 |          3
  6201 |          3
  6202 |          3
  6203 |          3
  6206 |          3
  6208 |          3
  6209 |          3
  6213 |          3
  6215 |          3
  6216 |          3
  6217 |          3
  6218 |          3
  6219 |          3
  6222 |          3
  6225 |          3
  6227 |          3
  6229 |          3
  6231 |          3
  6233 |          3
  6234 |          3
  6238 |          3
  6240 |          3
  6242 |          3
  6247 |          3
  6248 |          3
  6250 |          3
  6212 |          3
  6265 |          3
  6271 |          3
  6272 |          3
  6274 |          3
  6275 |          3
  6278 |          3
  6281 |          3
  6282 |          3
  6284 |          3
  6287 |          3
  6289 |          3
  6291 |          3
  6294 |          3
  6295 |          3
  6296 |          3
  6299 |          3
  6300 |          3
  6302 |          3
  6305 |          3
  6308 |          3
  6311 |          3
  6318 |          3
  6322 |          3
  6323 |          3
  6327 |          3
  6330 |          3
  6331 |          3
  6333 |          3
  6335 |          3
  6336 |          3
  6337 |          3
  6342 |          3
  6350 |          3
  6351 |          3
  6359 |          3
  6364 |          3
  6367 |          3
  6370 |          3
  6371 |          3
  6372 |          3
  6375 |          3
  6377 |          3
  6379 |          3
  6383 |          3
  6389 |          3
  6390 |          3
  6397 |          3
  6398 |          3
  6400 |          3
  6401 |          3
  6406 |          3
  6414 |          3
  6416 |          3
  6420 |          3
  6421 |          3
  6422 |          3
  6423 |          3
  6424 |          3
  6425 |          3
  6427 |          3
  6428 |          3
  6495 |          3
  6500 |          3
  6501 |          3
  6502 |          3
  6507 |          3
  6511 |          3
  6515 |          3
  6516 |          3
  6517 |          3
  6520 |          3
  6525 |          3
  6532 |          3
  6533 |          3
  6536 |          3
  6538 |          3
  6540 |          3
  6543 |          3
  6581 |          3
  6584 |          3
  6587 |          3
  6590 |          3
  6594 |          3
  6596 |          3
  6598 |          3
  6599 |          3
  6602 |          3
  6603 |          3
  6604 |          3
  6605 |          3
  6610 |          3
  6611 |          3
  6615 |          3
  6619 |          3
  6620 |          3
  6622 |          3
  6630 |          3
  6634 |          3
  6638 |          3
  6641 |          3
  6646 |          3
  6647 |          3
  6648 |          3
  6651 |          3
  6654 |          3
  6655 |          3
  6658 |          3
  6660 |          3
  6637 |          3
  6664 |          3
  6665 |          3
  6670 |          3
  6676 |          3
  6679 |          3
  6682 |          3
  6686 |          3
  6687 |          3
  6689 |          3
  6692 |          3
  6694 |          3
  6695 |          3
  6697 |          3
  6699 |          3
  6700 |          3
  6702 |          3
  6704 |          3
  6708 |          3
  6709 |          3
  6710 |          3
  6711 |          3
  6717 |          3
  6718 |          3
  6720 |          3
  6722 |          3
  6723 |          3
  6724 |          3
  6725 |          3
  6726 |          3
  6727 |          3
  6729 |          3
  6730 |          3
  6734 |          3
  6735 |          3
  6740 |          3
  6742 |          3
  6757 |          3
  6759 |          3
  6761 |          3
  6763 |          3
  6765 |          3
  6781 |          3
  6782 |          3
  6783 |          3
  6785 |          3
  6792 |          3
  6799 |          3
  6800 |          3
  6809 |          3
  6812 |          3
  6813 |          3
  6816 |          3
  6817 |          3
  6818 |          3
  6821 |          3
  6822 |          3
  6826 |          3
  6829 |          3
  6835 |          3
  6838 |          3
  6840 |          3
  6844 |          3
  6845 |          3
  6847 |          3
  6849 |          3
  6852 |          3
  6854 |          3
  6856 |          3
  6857 |          3
  6863 |          3
  6865 |          3
  6866 |          3
  6870 |          3
  6881 |          3
  6890 |          3
  6891 |          3
  6893 |          3
  6894 |          3
  6896 |          3
  6903 |          3
  6904 |          3
  6905 |          3
  6910 |          3
  6914 |          3
  6917 |          3
  6918 |          3
  6920 |          3
  6921 |          3
  6923 |          3
  6925 |          3
  6928 |          3
  6933 |          3
  6936 |          3
  6938 |          3
  6939 |          3
  6940 |          3
  6944 |          3
  6947 |          3
  6949 |          3
  6954 |          3
  6955 |          3
  6959 |          3
  6962 |          3
  6963 |          3
  6964 |          3
  6965 |          3
  6967 |          3
  6968 |          3
  6971 |          3
  6976 |          3
  6979 |          3
  6980 |          3
  6981 |          3
  6982 |          3
  6983 |          3
  6987 |          3
  6988 |          3
  6989 |          3
  6990 |          3
  6994 |          3
  6996 |          3
  6997 |          3
  7004 |          3
  7006 |          3
  7007 |          3
  7008 |          3
  7009 |          3
  7014 |          3
  7023 |          3
  7035 |          3
  7036 |          3
  7037 |          3
  7038 |          3
  7042 |          3
  7043 |          3
  7055 |          3
  7064 |          3
  7065 |          3
  7080 |          3
  6998 |          3
 20523 |          3
  7084 |          3
  7085 |          3
  7086 |          3
  7090 |          3
  7096 |          3
  7101 |          3
  7103 |          3
  7105 |          3
  7110 |          3
  7111 |          3
  7113 |          3
  7114 |          3
  7118 |          3
  7119 |          3
  7121 |          3
  7123 |          3
  7124 |          3
  7126 |          3
  7127 |          3
  7128 |          3
  7136 |          3
  7139 |          3
  7144 |          3
  7145 |          3
  7151 |          3
  7155 |          3
  7157 |          3
  7159 |          3
  7160 |          3
  7169 |          3
  7170 |          3
  7171 |          3
  7172 |          3
  7174 |          3
  7177 |          3
  7179 |          3
  7183 |          3
  7190 |          3
  7198 |          3
  7204 |          3
  7207 |          3
  7212 |          3
  7216 |          3
  7217 |          3
  7218 |          3
  7221 |          3
  7222 |          3
  7226 |          3
  7227 |          3
 20439 |          3
  7230 |          3
  7231 |          3
  7245 |          3
  7246 |          3
  7248 |          3
  7249 |          3
  7252 |          3
  7253 |          3
  7255 |          3
  7256 |          3
  7257 |          3
  7258 |          3
  7259 |          3
  7269 |          3
  7270 |          3
  7271 |          3
  7272 |          3
  7273 |          3
  7278 |          3
  7284 |          3
  7295 |          3
  7296 |          3
  7299 |          3
  7301 |          3
  7305 |          3
  7311 |          3
  7315 |          3
  7322 |          3
  7323 |          3
  7324 |          3
  7326 |          3
  7329 |          3
  7333 |          3
  7335 |          3
  7292 |          3
  7907 |          3
  7372 |          3
  7374 |          3
  7375 |          3
  7378 |          3
  7380 |          3
  7381 |          3
  7382 |          3
  7386 |          3
  7389 |          3
  7396 |          3
  7399 |          3
  7403 |          3
 20450 |          3
  7408 |          3
  7411 |          3
  7414 |          3
  7418 |          3
  7421 |          3
  7424 |          3
  7428 |          3
  7429 |          3
  7430 |          3
  7433 |          3
  7434 |          3
  7439 |          3
  7446 |          3
  7447 |          3
  7448 |          3
  7449 |          3
  7452 |          3
  7454 |          3
  7455 |          3
  7456 |          3
  7458 |          3
  7462 |          3
  7463 |          3
  7476 |          3
  7478 |          3
  7479 |          3
  7481 |          3
  7483 |          3
  7488 |          3
  7490 |          3
  7497 |          3
  7498 |          3
  7499 |          3
  7504 |          3
  7507 |          3
  7512 |          3
  7513 |          3
  7515 |          3
  7516 |          3
  7517 |          3
  7519 |          3
  7527 |          3
 20454 |          3
  7531 |          3
  7533 |          3
  7534 |          3
  7537 |          3
  7539 |          3
  7542 |          3
  7548 |          3
  7550 |          3
  7555 |          3
  7561 |          3
  7562 |          3
  7567 |          3
  7570 |          3
  7574 |          3
  7578 |          3
  7582 |          3
  7585 |          3
  7593 |          3
  7595 |          3
  7597 |          3
  7600 |          3
  7634 |          3
  7635 |          3
  7637 |          3
  7645 |          3
  7647 |          3
  7650 |          3
  7655 |          3
  7656 |          3
  7658 |          3
  7659 |          3
  7660 |          3
  7671 |          3
  7672 |          3
  7676 |          3
  7679 |          3
  7680 |          3
 20363 |          3
  7718 |          3
  7720 |          3
  7722 |          3
  7724 |          3
  7726 |          3
  7728 |          3
  7729 |          3
  7730 |          3
  7731 |          3
  7733 |          3
  7734 |          3
  7735 |          3
  7736 |          3
  7741 |          3
  7742 |          3
  7746 |          3
  7750 |          3
  7751 |          3
  7752 |          3
  7757 |          3
  7761 |          3
  7771 |          3
  7772 |          3
  7778 |          3
  7782 |          3
  7784 |          3
  7785 |          3
  7787 |          3
  7788 |          3
  7790 |          3
  7798 |          3
  7806 |          3
  7809 |          3
  7815 |          3
  7816 |          3
  7817 |          3
  7818 |          3
  7822 |          3
  7824 |          3
  7825 |          3
  7829 |          3
  7832 |          3
  7834 |          3
  7836 |          3
  7843 |          3
  7847 |          3
  7813 |          3
  7849 |          3
  7853 |          3
  7857 |          3
  7858 |          3
  7867 |          3
  7868 |          3
  7869 |          3
  7870 |          3
  7878 |          3
  7880 |          3
  7881 |          3
  7884 |          3
  7890 |          3
  7894 |          3
  7895 |          3
  7896 |          3
  7897 |          3
  7898 |          3
  7900 |          3
  7901 |          3
 20443 |          3
  7908 |          3
  7909 |          3
  7911 |          3
  7912 |          3
  7913 |          3
  7917 |          3
  7921 |          3
  7926 |          3
  7927 |          3
  7931 |          3
  7933 |          3
  7936 |          3
  7937 |          3
  7938 |          3
  7950 |          3
  7956 |          3
  7958 |          3
  7960 |          3
  7961 |          3
  7963 |          3
  7964 |          3
  7965 |          3
  7972 |          3
  7974 |          3
  7975 |          3
  7979 |          3
  7982 |          3
  7985 |          3
  7991 |          3
  7994 |          3
  7997 |          3
  7998 |          3
  8002 |          3
  8006 |          3
  8015 |          3
  8016 |          3
  8017 |          3
  8018 |          3
  8020 |          3
  8025 |          3
  8026 |          3
  8030 |          3
 20445 |          3
  8032 |          3
  8039 |          3
  8047 |          3
  8048 |          3
  8050 |          3
  8052 |          3
  8053 |          3
  8055 |          3
  8056 |          3
  8057 |          3
  8058 |          3
  8062 |          3
  8065 |          3
  8071 |          3
  8075 |          3
  8082 |          3
  8083 |          3
  8087 |          3
  8097 |          3
  8098 |          3
  8099 |          3
  8100 |          3
  8104 |          3
  8111 |          3
  8112 |          3
  8113 |          3
  8115 |          3
  8118 |          3
  8123 |          3
  8124 |          3
  8125 |          3
  8126 |          3
  8127 |          3
  8128 |          3
  8129 |          3
  8134 |          3
  8140 |          3
  8146 |          3
  8147 |          3
  8152 |          3
  8153 |          3
  8158 |          3
  8167 |          3
  8175 |          3
  8177 |          3
  8180 |          3
 20447 |          3
  8184 |          3
  8185 |          3
  8191 |          3
  8192 |          3
  8193 |          3
  8197 |          3
  8210 |          3
  8214 |          3
  8219 |          3
  8220 |          3
  8221 |          3
  8222 |          3
  8223 |          3
  8227 |          3
  8228 |          3
  8234 |          3
  8235 |          3
  8240 |          3
  8243 |          3
  8245 |          3
  8248 |          3
  8252 |          3
  8256 |          3
  8261 |          3
  8263 |          3
  8264 |          3
  8266 |          3
  8268 |          3
  8270 |          3
 20449 |          3
  8275 |          3
  8277 |          3
  8279 |          3
  8290 |          3
  8291 |          3
  8292 |          3
  8298 |          3
  8299 |          3
  8300 |          3
  8302 |          3
  8303 |          3
  8305 |          3
  8306 |          3
  8307 |          3
  8310 |          3
  8311 |          3
  8315 |          3
  8318 |          3
  8319 |          3
  8323 |          3
  8324 |          3
  8325 |          3
  8328 |          3
  8329 |          3
 20455 |          3
  8335 |          3
  8338 |          3
  8342 |          3
  8349 |          3
  8350 |          3
  8362 |          3
  8363 |          3
  8367 |          3
  8369 |          3
  8370 |          3
  8371 |          3
  8374 |          3
  8375 |          3
 20458 |          3
  8379 |          3
  8383 |          3
  8384 |          3
  8386 |          3
  8387 |          3
  8388 |          3
  8389 |          3
  8391 |          3
  8392 |          3
  8393 |          3
  8394 |          3
  8395 |          3
  8396 |          3
  8397 |          3
  8399 |          3
  8402 |          3
  8403 |          3
  8406 |          3
  8407 |          3
  8408 |          3
  8412 |          3
  8415 |          3
  8418 |          3
  8419 |          3
  8422 |          3
  8432 |          3
  8433 |          3
  8436 |          3
  8437 |          3
  8448 |          3
  8449 |          3
  8450 |          3
  8451 |          3
  8453 |          3
  8455 |          3
  8460 |          3
  8462 |          3
  8465 |          3
  8468 |          3
  8471 |          3
  8445 |          3
  8476 |          3
  8477 |          3
  8481 |          3
  8482 |          3
  8484 |          3
  8485 |          3
  8492 |          3
  8496 |          3
  8497 |          3
  8499 |          3
  4482 |          1
  5720 |          1
 20001 |          3
 20002 |          3
 20003 |          3
 20004 |          3
 20005 |          3
 20009 |          3
 20013 |          3
 20014 |          3
 20015 |          3
 20020 |          3
 20021 |          3
 20023 |          3
 20026 |          3
 20027 |          3
 20028 |          3
 20030 |          3
 20032 |          3
 20040 |          3
 20044 |          3
 20045 |          3
 20062 |          3
 20065 |          3
 20066 |          3
 20067 |          3
 20068 |          3
 20070 |          3
 20072 |          3
 20073 |          3
 20111 |          3
 20080 |          3
 20084 |          3
 20085 |          3
 20087 |          3
 20091 |          3
 20095 |          3
 20096 |          3
 20100 |          3
 20114 |          3
 20117 |          3
 20121 |          3
  5961 |          3
 20123 |          3
 20124 |          3
 20128 |          3
 20130 |          3
 20133 |          3
 20142 |          3
 20144 |          3
 20146 |          3
 20147 |          3
 20148 |          3
 20151 |          3
 20154 |          3
 20155 |          3
 20158 |          3
 20162 |          3
 20165 |          3
 20170 |          3
 20171 |          3
 20172 |          3
 20173 |          3
 20178 |          3
 20182 |          3
 20183 |          3
 20192 |          3
 20194 |          3
 20304 |          3
 20198 |          3
 20203 |          3
 20206 |          3
 20218 |          3
 20264 |          3
  4163 |          3
 20325 |          3
 20321 |          3
 20344 |          3
 20326 |          3
 20335 |          3
 20338 |          3
 20341 |          3
 20343 |          3
 20231 |          3
 20240 |          3
 20269 |          3
 20242 |          3
 20243 |          3
 20245 |          3
 20247 |          3
 20249 |          3
 20475 |          3
 20252 |          3
 20254 |          3
 20255 |          3
 20256 |          3
 20260 |          3
 20263 |          3
 20272 |          3
 20273 |          3
 20279 |          3
 20282 |          3
  1407 |          3
 20292 |          3
 20311 |          3
 20313 |          3
 20317 |          3
 20346 |          3
 20349 |          3
 20353 |          3
 20354 |          3
 20355 |          3
 20470 |          3
 20472 |          3
 20491 |          3
 20492 |          3
  7293 |          3
 20364 |          3
 20365 |          3
 20371 |          3
  6246 |          3
 20378 |          3
 20379 |          3
  5343 |          3
 20383 |          3
 20480 |          3
 20482 |          3
 20485 |          3
 20501 |          3
 20503 |          3
 20504 |          3
 20505 |          3
 20506 |          3
 20507 |          3
 20511 |          3
 20512 |          3
 20513 |          3
 20517 |          3
 20520 |          3
 20540 |          3
 20541 |          3
 20542 |          3
 20547 |          3
 20548 |          3
 20551 |          3
 20553 |          3
 20555 |          3
 20557 |          3
 20561 |          3
 20562 |          3
 20563 |          3
 20564 |          3
 20566 |          3
 20567 |          3
 20569 |          3
 20570 |          3
 20573 |          3
 20577 |          3
 20579 |          3
   436 |          3
 20584 |          3
 20605 |          3
 20607 |          3
 20608 |          3
 20609 |          3
 20611 |          3
 20612 |          3
 20621 |          3
 20622 |          3
 20624 |          3
 20627 |          3
 20628 |          3
 20630 |          3
 20638 |          3
 20644 |          3
 20645 |          3
 20649 |          3
 20650 |          3
 20653 |          3
 20654 |          3
 20655 |          3
 20660 |          3
 20661 |          3
 20675 |          3
 20676 |          3
 20677 |          3
 20678 |          3
 20679 |          3
 20684 |          3
 20685 |          3
 20686 |          3
 20691 |          3
 20693 |          3
 20695 |          3
 20703 |          3
 20706 |          3
 20708 |          3
 20709 |          3
 20711 |          3
 20713 |          3
 20716 |          3
 20720 |          3
 20722 |          3
 20729 |          3
 20736 |          3
 20739 |          3
 20740 |          3
 20741 |          3
 20742 |          3
 20753 |          3
 20758 |          3
 20764 |          3
 20765 |          3
 20766 |          3
 20769 |          3
 20771 |          3
 20773 |          3
 20776 |          3
 20779 |          3
 20780 |          3
 20781 |          3
 20459 |          3
 20784 |          3
 20787 |          3
 20791 |          3
 20794 |          3
 20797 |          3
 20801 |          3
 20802 |          3
 20808 |          3
 20813 |          3
 20815 |          3
 20816 |          3
 20818 |          3
 20819 |          3
 20821 |          3
 20831 |          3
 20837 |          3
 20838 |          3
 20843 |          3
 20150 |          3
 20397 |          3
 20846 |          3
 20851 |          3
 20852 |          3
 20853 |          3
 20862 |          3
 20873 |          3
 20875 |          3
 20876 |          3
 20877 |          3
 20882 |          3
 20883 |          3
 20887 |          3
 20888 |          3
 20898 |          3
 20901 |          3
 20902 |          3
 20905 |          3
 20920 |          3
 20921 |          3
 20928 |          3
 20929 |          3
 20934 |          3
 20935 |          3
 20937 |          3
 20940 |          3
 20956 |          3
 20957 |          3
 20959 |          3
 20974 |          3
 20978 |          3
 20982 |          3
 20984 |          3
 20988 |          3
 20989 |          3
 20991 |          3
 20994 |          3
 21009 |          3
 21014 |          3
 21018 |          3
 21019 |          3
 21028 |          3
 21030 |          3
 21032 |          3
 21045 |          3
 21046 |          3
 21050 |          3
 21065 |          3
 21066 |          3
 21069 |          3
 21082 |          3
 21085 |          3
 21092 |          3
 21098 |          3
 20426 |          3
 21106 |          3
 21111 |          3
 21112 |          3
 21113 |          3
 21116 |          3
 21119 |          3
 21126 |          3
 21131 |          3
 21133 |          3
 21145 |          3
 21151 |          3
 21154 |          3
 21158 |          3
 21163 |          3
 21170 |          3
 21176 |          3
 21177 |          3
 21184 |          3
 21188 |          3
  1807 |          3
 21200 |          3
 21202 |          3
 21206 |          3
 21208 |          3
 21216 |          3
 21218 |          3
  6356 |          3
 21221 |          3
 21224 |          3
 21228 |          3
 21235 |          3
 21245 |          3
 21249 |          3
 21253 |          3
 21254 |          3
 21259 |          3
 21262 |          3
 21265 |          3
 21268 |          3
 21272 |          3
 21278 |          3
 21279 |          3
 21281 |          3
 21285 |          3
 21286 |          3
 21288 |          3
 21291 |          3
 21294 |          3
  8078 |          3
 21299 |          3
 21300 |          3
 21305 |          3
 21307 |          3
 21311 |          3
 21316 |          3
 21317 |          3
 21320 |          3
 21323 |          3
 21333 |          3
 21336 |          3
 21342 |          3
 21346 |          3
 21353 |          3
 21356 |          3
 21359 |          3
 21369 |          3
 21371 |          3
 21375 |          3
 21376 |          3
 21388 |          3
 21389 |          3
 21390 |          3
 21392 |          3
 21398 |          3
 21400 |          3
 21404 |          3
 21406 |          3
 21407 |          3
 21409 |          3
 21418 |          3
 21419 |          3
 21428 |          3
 21440 |          3
 21441 |          3
 21445 |          3
 21448 |          3
 21449 |          3
 21452 |          3
 21453 |          3
 21465 |          3
 21472 |          3
 21480 |          3
 21482 |          3
 21483 |          3
 21487 |          3
 21491 |          3
 21494 |          3
 21500 |          3
 21503 |          3
 21510 |          3
 21516 |          3
 21517 |          3
 21526 |          3
 21528 |          3
 21533 |          3
 21537 |          3
 21539 |          3
 21550 |          3
 21554 |          3
 21555 |          3
 21562 |          3
 21578 |          3
 21583 |          3
 21586 |          3
 21587 |          3
 21588 |          3
  2598 |          3
 21590 |          3
 21595 |          3
 21596 |          3
 21598 |          3
 21599 |          3
 21608 |          3
 21610 |          3
 21614 |          3
 21615 |          3
 21618 |          3
 21631 |          3
 21634 |          3
 21641 |          3
 21645 |          3
 21659 |          3
 21663 |          3
 21668 |          3
 21670 |          3
 21672 |          3
 21676 |          3
 21691 |          3
 21692 |          3
 21696 |          3
 21698 |          3
 21699 |          3
 21702 |          3
 21703 |          3
 21708 |          3
 21727 |          3
 21732 |          3
 21735 |          3
 21741 |          3
 21742 |          3
 21751 |          3
 21757 |          3
 21758 |          3
 21760 |          3
 21777 |          3
 21788 |          3
 21792 |          3
 21796 |          3
 21803 |          3
 21804 |          3
 21805 |          3
 21808 |          3
 21809 |          3
 21811 |          3
 21816 |          3
 21817 |          3
 21831 |          3
 21841 |          3
 21846 |          3
 21847 |          3
 21848 |          3
 21851 |          3
 21852 |          3
 21858 |          3
 21870 |          3
 21871 |          3
 21872 |          3
 21876 |          3
 21856 |          3
 21885 |          3
 21900 |          3
 21904 |          3
 21922 |          3
 21927 |          3
 21929 |          3
 21948 |          3
 21949 |          3
 21950 |          3
 21952 |          3
 21954 |          3
 21958 |          3
 21965 |          3
 21968 |          3
 21971 |          3
 21973 |          3
 21977 |          3
 21984 |          3
 21995 |          3
 21997 |          3
 22001 |          3
 22002 |          3
 22012 |          3
 22013 |          3
 22017 |          3
 22023 |          3
 22039 |          3
 22054 |          3
 22057 |          3
 22068 |          3
 22069 |          3
 22072 |          3
 22081 |          3
 22088 |          3
 22095 |          3
 22101 |          3
 22106 |          3
 22131 |          3
 22132 |          3
